Id,MSSubClass,MSZoning,LotFrontage,LotArea,Street,LotShape,LandContour,Utilities,LotConfig,LandSlope,Neighborhood,Condition1,Condition2,BldgType,HouseStyle,OverallQual,OverallCond,YearBuilt,YearRemodAdd,RoofStyle,RoofMatl,Exterior1st,Exterior2nd,MasVnrArea,ExterQual,ExterCond,Foundation,BsmtQual,BsmtCond,BsmtExposure,BsmtFinType1,BsmtFinSF1,BsmtFinType2,BsmtFinSF2,BsmtUnfSF,TotalBsmtSF,Heating,HeatingQC,CentralAir,Electrical,1stFlrSF,2ndFlrSF,LowQualFinSF,GrLivArea,BsmtFullBath,BsmtHalfBath,FullBath,HalfBath,BedroomAbvGr,KitchenAbvGr,KitchenQual,TotRmsAbvGrd,Functional,Fireplaces,FireplaceQu,GarageType,GarageYrBlt,GarageFinish,GarageCars,GarageArea,GarageQual,GarageCond,PavedDrive,WoodDeckSF,OpenPorchSF,EnclosedPorch,3SsnPorch,ScreenPorch,PoolArea,MiscVal,MoSold,YrSold,SaleType,SaleCondition,SalePrice
1,60,RL,65.0,8450.0,Pave,Reg,Lvl,AllPub,Inside,Gtl,CollgCr,Norm,Norm,1Fam,2Story,7,5,2003,2003,Gable,CompShg,VinylSd,VinylSd,196.0,Gd,TA,PConc,Gd,TA,No,GLQ,706.0,Unf,0,150.0,856,GasA,Ex,Y,SBrkr,856.0,854,0,1710.0,1,0,2,1,3,1,Gd,8,Typ,0,None,Attchd,2003.0,RFn,2,548.0,TA,TA,Y,0,61,0,0,0,0,0,2,2008,WD,Normal,208500.0
2,20,RL,80.0,9600.0,Pave,Reg,Lvl,AllPub,FR2,Gtl,Veenker,Feedr,Norm,1Fam,1Story,6,8,1976,1976,Gable,CompShg,MetalSd,MetalSd,0.0,TA,TA,CBlock,Gd,TA,Gd,ALQ,978.0,Unf,0,284.0,1262,GasA,Ex,Y,SBrkr,1262.0,0,0,1262.0,0,1,2,0,3,1,TA,6,Typ,1,TA,Attchd,1976.0,RFn,2,460.0,TA,TA,Y,298,0,0,0,0,0,0,5,2007,WD,Normal,181500.0
3,60,RL,68.0,11250.0,Pave,IR1,Lvl,AllPub,Inside,Gtl,CollgCr,Norm,Norm,1Fam,2Story,7,5,2001,2002,Gable,CompShg,VinylSd,VinylSd,162.0,Gd,TA,PConc,Gd,TA,Mn,GLQ,486.0,Unf,0,434.0,920,GasA,Ex,Y,SBrkr,920.0,866,0,1786.0,1,0,2,1,3,1,Gd,6,Typ,1,TA,Attchd,2001.0,RFn,2,608.0,TA,TA,Y,0,42,0,0,0,0,0,9,2008,WD,Normal,223500.0
4,70,RL,60.0,9550.0,Pave,IR1,Lvl,AllPub,Corner,Gtl,Crawfor,Norm,Norm,1Fam,2Story,7,5,1915,1970,Gable,CompShg,Wd Sdng,Wd Shng,0.0,TA,TA,BrkTil,TA,Gd,No,ALQ,216.0,Unf,0,540.0,756,GasA,Gd,Y,SBrkr,961.0,756,0,1717.0,1,0,1,0,3,1,Gd,7,Typ,1,Gd,Detchd,1998.0,Unf,3,642.0,TA,TA,Y,0,35,0,0,0,0,0,2,2006,WD,Abnorml,140000.0
5,60,RL,84.0,14260.0,Pave,IR1,Lvl,AllPub,FR2,Gtl,NoRidge,Norm,Norm,1Fam,2Story,8,5,2000,2000,Gable,CompShg,VinylSd,VinylSd,350.0,Gd,TA,PConc,Gd,TA,Av,GLQ,655.0,Unf,0,490.0,1145,GasA,Ex,Y,SBrkr,1145.0,1053,0,2198.0,1,0,2,1,4,1,Gd,9,Typ,1,TA,Attchd,2000.0,RFn,3,836.0,TA,TA,Y,192,84,0,0,0,0,0,12,2008,WD,Normal,250000.0
6,50,RL,85.0,14115.0,Pave,IR1,Lvl,AllPub,Inside,Gtl,Mitchel,Norm,Norm,1Fam,1.5Fin,5,5,1993,1995,Gable,CompShg,VinylSd,VinylSd,0.0,TA,TA,Wood,Gd,TA,No,GLQ,732.0,Unf,0,64.0,796,GasA,Ex,Y,SBrkr,796.0,566,0,1362.0,1,0,1,1,1,1,TA,5,Typ,0,None,Attchd,1993.0,Unf,2,480.0,TA,TA,Y,40,30,0,320,0,0,700,10,2009,WD,Normal,143000.0
7,20,RL,75.0,10084.0,Pave,Reg,Lvl,AllPub,Inside,Gtl,Somerst,Norm,Norm,1Fam,1Story,8,5,2004,2005,Gable,CompShg,VinylSd,VinylSd,186.0,Gd,TA,PConc,Ex,TA,Av,GLQ,1369.0,Unf,0,317.0,1686,GasA,Ex,Y,SBrkr,1694.0,0,0,1694.0,1,0,2,0,3,1,Gd,7,Typ,1,Gd,Attchd,2004.0,RFn,2,636.0,TA,TA,Y,255,57,0,0,0,0,0,8,2007,WD,Normal,307000.0
8,60,RL,80.0,10382.0,Pave,IR1,Lvl,AllPub,Corner,Gtl,NWAmes,PosN,Norm,1Fam,2Story,7,6,1973,1973,Gable,CompShg,HdBoard,HdBoard,240.0,TA,TA,CBlock,Gd,TA,Mn,ALQ,859.0,BLQ,0,216.0,1107,GasA,Ex,Y,SBrkr,1107.0,983,0,2090.0,1,0,2,1,3,1,TA,7,Typ,2,TA,Attchd,1973.0,RFn,2,484.0,TA,TA,Y,235,170,0,0,0,0,350,11,2009,WD,Normal,200000.0
9,50,RM,51.0,6120.0,Pave,Reg,Lvl,AllPub,Inside,Gtl,OldTown,Artery,Norm,1Fam,1.5Fin,7,5,1931,1950,Gable,CompShg,BrkFace,Wd Shng,0.0,TA,TA,BrkTil,TA,TA,No,Unf,0.0,Unf,0,952.0,952,GasA,Gd,Y,FuseF,1022.0,752,0,1774.0,0,0,2,0,2,2,TA,8,Min1,2,TA,Detchd,1931.0,Unf,2,468.0,Fa,TA,Y,90,0,0,0,0,0,0,4,2008,WD,Abnorml,129900.0
10,190,RL,50.0,7420.0,Pave,Reg,Lvl,AllPub,Corner,Gtl,BrkSide,Artery,Artery,2fmCon,1.5Unf,5,6,1939,1950,Gable,CompShg,MetalSd,MetalSd,0.0,TA,TA,BrkTil,TA,TA,No,GLQ,851.0,Unf,0,140.0,991,GasA,Ex,Y,SBrkr,1077.0,0,0,1077.0,1,0,1,0,2,2,TA,5,Typ,2,TA,Attchd,1939.0,RFn,1,205.0,Gd,TA,Y,0,4,0,0,0,0,0,1,2008,WD,Normal,118000.0
11,20,RL,70.0,11200.0,Pave,Reg,Lvl,AllPub,Inside,Gtl,Sawyer,Norm,Norm,1Fam,1Story,5,5,1965,1965,Hip,CompShg,HdBoard,HdBoard,0.0,TA,TA,CBlock,TA,TA,No,Rec,906.0,Unf,0,134.0,1040,GasA,Ex,Y,SBrkr,1040.0,0,0,1040.0,1,0,1,0,3,1,TA,5,Typ,0,None,Detchd,1965.0,Unf,1,384.0,TA,TA,Y,0,0,0,0,0,0,0,2,2008,WD,Normal,129500.0
12,60,RL,85.0,11924.0,Pave,IR1,Lvl,AllPub,Inside,Gtl,NridgHt,Norm,Norm,1Fam,2Story,9,5,2005,2006,Hip,CompShg,WdShing,Wd Shng,286.0,Ex,TA,PConc,Ex,TA,No,GLQ,998.0,Unf,0,177.0,1175,GasA,Ex,Y,SBrkr,1182.0,1142,0,2324.0,1,0,3,0,4,1,Ex,11,Typ,2,Gd,BuiltIn,2005.0,Fin,3,736.0,TA,TA,Y,147,21,0,0,0,0,0,7,2006,New,Partial,340037.5
13,20,RL,71.0,12968.0,Pave,IR2,Lvl,AllPub,Inside,Gtl,Sawyer,Norm,Norm,1Fam,1Story,5,6,1962,1962,Hip,CompShg,HdBoard,Plywood,0.0,TA,TA,CBlock,TA,TA,No,ALQ,737.0,Unf,0,175.0,912,GasA,TA,Y,SBrkr,912.0,0,0,912.0,1,0,1,0,2,1,TA,4,Typ,0,None,Detchd,1962.0,Unf,1,352.0,TA,TA,Y,140,0,0,0,0,0,0,9,2008,WD,Normal,144000.0
14,20,RL,91.0,10652.0,Pave,IR1,Lvl,AllPub,Inside,Gtl,CollgCr,Norm,Norm,1Fam,1Story,7,5,2006,2007,Gable,CompShg,VinylSd,VinylSd,306.0,Gd,TA,PConc,Gd,TA,Av,Unf,0.0,Unf,0,1494.0,1494,GasA,Ex,Y,SBrkr,1494.0,0,0,1494.0,0,0,2,0,3,1,Gd,7,Typ,1,Gd,Attchd,2006.0,RFn,3,840.0,TA,TA,Y,160,33,0,0,0,0,0,8,2007,New,Partial,279500.0
15,20,RL,73.0,10920.0,Pave,IR1,Lvl,AllPub,Corner,Gtl,NAmes,Norm,Norm,1Fam,1Story,6,5,1960,1960,Hip,CompShg,MetalSd,MetalSd,212.0,TA,TA,CBlock,TA,TA,No,BLQ,733.0,Unf,0,520.0,1253,GasA,TA,Y,SBrkr,1253.0,0,0,1253.0,1,0,1,1,2,1,TA,5,Typ,1,Fa,Attchd,1960.0,RFn,1,352.0,TA,TA,Y,0,170,0,0,0,0,0,5,2008,WD,Normal,157000.0
16,45,RM,51.0,6120.0,Pave,Reg,Lvl,AllPub,Corner,Gtl,BrkSide,Norm,Norm,1Fam,1.5Unf,7,8,1929,2001,Gable,CompShg,Wd Sdng,Wd Sdng,0.0,TA,TA,BrkTil,TA,TA,No,Unf,0.0,Unf,0,832.0,832,GasA,Ex,Y,FuseA,854.0,0,0,854.0,0,0,1,0,2,1,TA,5,Typ,0,None,Detchd,1991.0,Unf,2,576.0,TA,TA,Y,48,112,0,0,0,0,0,7,2007,WD,Normal,132000.0
17,20,RL,73.0,11241.0,Pave,IR1,Lvl,AllPub,CulDSac,Gtl,NAmes,Norm,Norm,1Fam,1Story,6,7,1970,1970,Gable,CompShg,Wd Sdng,Wd Sdng,180.0,TA,TA,CBlock,TA,TA,No,ALQ,578.0,Unf,0,426.0,1004,GasA,Ex,Y,SBrkr,1004.0,0,0,1004.0,1,0,1,0,2,1,TA,5,Typ,1,TA,Attchd,1970.0,Fin,2,480.0,TA,TA,Y,0,0,0,0,0,0,700,3,2010,WD,Normal,149000.0
18,90,RL,72.0,10791.0,Pave,Reg,Lvl,AllPub,Inside,Gtl,Sawyer,Norm,Norm,Duplex,1Story,4,5,1967,1967,Gable,CompShg,MetalSd,MetalSd,0.0,TA,TA,Slab,None,None,None,None,0.0,None,0,0.0,42,GasA,TA,Y,SBrkr,1296.0,0,0,1296.0,0,0,2,0,2,2,TA,6,Typ,0,None,CarPort,1967.0,Unf,2,516.0,TA,TA,Y,0,0,0,0,0,0,500,10,2006,WD,Normal,90000.0
19,20,RL,66.0,13695.0,Pave,Reg,Lvl,AllPub,Inside,Gtl,SawyerW,RRAe,Norm,1Fam,1Story,5,5,2004,2004,Gable,CompShg,VinylSd,VinylSd,0.0,TA,TA,PConc,TA,TA,No,GLQ,646.0,Unf,0,468.0,1114,GasA,Ex,Y,SBrkr,1114.0,0,0,1114.0,1,0,1,1,3,1,Gd,6,Typ,0,None,Detchd,2004.0,Unf,2,576.0,TA,TA,Y,0,102,0,0,0,0,0,6,2008,WD,Normal,159000.0
20,20,RL,70.0,7560.0,Pave,Reg,Lvl,AllPub,Inside,Gtl,NAmes,Norm,Norm,1Fam,1Story,5,6,1958,1965,Hip,CompShg,BrkFace,Plywood,0.0,TA,TA,CBlock,TA,TA,No,LwQ,504.0,Unf,0,525.0,1029,GasA,TA,Y,SBrkr,1339.0,0,0,1339.0,0,0,1,0,3,1,TA,6,Min1,0,None,Attchd,1958.0,Unf,1,294.0,TA,TA,Y,0,0,0,0,0,0,0,5,2009,COD,Abnorml,139000.0
21,60,RL,101.0,14215.0,Pave,IR1,Lvl,AllPub,Corner,Gtl,NridgHt,Norm,Norm,1Fam,2Story,8,5,2005,2006,Gable,CompShg,VinylSd,VinylSd,380.0,Gd,TA,PConc,Ex,TA,Av,Unf,0.0,Unf,0,1158.0,1158,GasA,Ex,Y,SBrkr,1158.0,1218,0,2376.0,0,0,3,1,4,1,Gd,9,Typ,1,Gd,BuiltIn,2005.0,RFn,3,853.0,TA,TA,Y,240,154,0,0,0,0,0,11,2006,New,Partial,325300.0
22,45,RM,57.0,7449.0,Pave,Reg,Bnk,AllPub,Inside,Gtl,IDOTRR,Norm,Norm,1Fam,1.5Unf,7,7,1930,1950,Gable,CompShg,Wd Sdng,Wd Sdng,0.0,TA,TA,PConc,TA,TA,No,Unf,0.0,Unf,0,637.0,637,GasA,Ex,Y,FuseF,1108.0,0,0,1108.0,0,0,1,0,3,1,Gd,6,Typ,1,Gd,Attchd,1930.0,Unf,1,280.0,TA,TA,N,0,0,0,0,0,0,0,6,2007,WD,Normal,139400.0
23,20,RL,75.0,9742.0,Pave,Reg,Lvl,AllPub,Inside,Gtl,CollgCr,Norm,Norm,1Fam,1Story,8,5,2002,2002,Hip,CompShg,VinylSd,VinylSd,281.0,Gd,TA,PConc,Gd,TA,No,Unf,0.0,Unf,0,1685.5,1777,GasA,Ex,Y,SBrkr,1795.0,0,0,1795.0,0,0,2,0,3,1,Gd,7,Typ,1,Gd,Attchd,2002.0,RFn,2,534.0,TA,TA,Y,171,159,0,0,0,0,0,9,2008,WD,Normal,230000.0
24,120,RM,44.0,4224.0,Pave,Reg,Lvl,AllPub,Inside,Gtl,MeadowV,Norm,Norm,TwnhsE,1Story,5,7,1976,1976,Gable,CompShg,CemntBd,CmentBd,0.0,TA,TA,PConc,Gd,TA,No,GLQ,840.0,Unf,0,200.0,1040,GasA,TA,Y,SBrkr,1060.0,0,0,1060.0,1,0,1,0,3,1,TA,6,Typ,1,TA,Attchd,1976.0,Unf,2,572.0,TA,TA,Y,100,110,0,0,0,0,0,6,2007,WD,Normal,129900.0
25,20,RL,71.0,8246.0,Pave,IR1,Lvl,AllPub,Inside,Gtl,Sawyer,Norm,Norm,1Fam,1Story,5,8,1968,2001,Gable,CompShg,Plywood,Plywood,0.0,TA,Gd,CBlock,TA,TA,Mn,Rec,188.0,ALQ,0,204.0,1060,GasA,Ex,Y,SBrkr,1060.0,0,0,1060.0,1,0,1,0,3,1,Gd,6,Typ,1,TA,Attchd,1968.0,Unf,1,270.0,TA,TA,Y,406,90,0,0,0,0,0,5,2010,WD,Normal,154000.0
26,20,RL,110.0,14230.0,Pave,Reg,Lvl,AllPub,Corner,Gtl,NridgHt,Norm,Norm,1Fam,1Story,8,5,2007,2007,Gable,CompShg,VinylSd,VinylSd,410.625,Gd,TA,PConc,Gd,TA,No,Unf,0.0,Unf,0,1566.0,1566,GasA,Ex,Y,SBrkr,1600.0,0,0,1600.0,0,0,2,0,3,1,Gd,7,Typ,1,Gd,Attchd,2007.0,RFn,3,890.0,TA,TA,Y,0,56,0,0,0,0,0,7,2009,WD,Normal,256300.0
27,20,RL,60.0,7200.0,Pave,Reg,Lvl,AllPub,Corner,Gtl,NAmes,Norm,Norm,1Fam,1Story,5,7,1951,2000,Gable,CompShg,Wd Sdng,Wd Sdng,0.0,TA,TA,CBlock,TA,TA,Mn,BLQ,234.0,Rec,0,180.0,900,GasA,TA,Y,SBrkr,900.0,0,0,900.0,0,1,1,0,3,1,Gd,5,Typ,0,None,Detchd,2005.0,Unf,2,576.0,TA,TA,Y,222,32,0,0,0,0,0,5,2010,WD,Normal,134800.0
28,20,RL,98.0,11478.0,Pave,Reg,Lvl,AllPub,Inside,Gtl,NridgHt,Norm,Norm,1Fam,1Story,8,5,2007,2008,Gable,CompShg,VinylSd,VinylSd,200.0,Gd,TA,PConc,Ex,TA,No,GLQ,1218.0,Unf,0,486.0,1704,GasA,Ex,Y,SBrkr,1704.0,0,0,1704.0,1,0,2,0,3,1,Gd,7,Typ,1,Gd,Attchd,2008.0,RFn,3,772.0,TA,TA,Y,0,50,0,0,0,0,0,5,2010,WD,Normal,306000.0
29,20,RL,47.0,16321.0,Pave,IR1,Lvl,AllPub,CulDSac,Gtl,NAmes,Norm,Norm,1Fam,1Story,5,6,1957,1997,Gable,CompShg,MetalSd,MetalSd,0.0,TA,TA,CBlock,TA,TA,Gd,BLQ,1277.0,Unf,0,207.0,1484,GasA,TA,Y,SBrkr,1600.0,0,0,1600.0,1,0,1,0,2,1,TA,6,Typ,2,Gd,Attchd,1957.0,RFn,1,319.0,TA,TA,Y,288,170,0,0,0,0,0,12,2006,WD,Normal,207500.0
30,30,RM,60.0,6324.0,Pave,IR1,Lvl,AllPub,Inside,Gtl,BrkSide,Feedr,RRNn,1Fam,1Story,4,6,1927,1950,Gable,CompShg,MetalSd,MetalSd,0.0,TA,TA,BrkTil,TA,TA,No,Unf,0.0,Unf,0,520.0,520,GasA,Fa,N,SBrkr,520.0,0,0,520.0,0,0,1,0,1,1,Fa,4,Typ,0,None,Detchd,1920.0,Unf,1,240.0,Fa,TA,Y,49,0,0,0,0,0,0,5,2008,WD,Normal,68500.0
31,70,C (all),50.0,8500.0,Pave,Reg,Lvl,AllPub,Inside,Gtl,IDOTRR,Feedr,Norm,1Fam,2Story,4,4,1920,1950,Gambrel,CompShg,BrkFace,BrkFace,0.0,TA,Fa,BrkTil,TA,TA,No,Unf,0.0,Unf,0,649.0,649,GasA,TA,N,SBrkr,649.0,668,0,1317.0,0,0,1,0,3,1,TA,6,Typ,0,None,Detchd,1920.0,Unf,1,250.0,TA,Fa,N,0,54,0,0,0,0,0,7,2008,WD,Normal,40000.0
32,20,RL,71.0,8544.0,Pave,IR1,Lvl,AllPub,CulDSac,Gtl,Sawyer,Norm,Norm,1Fam,1Story,5,6,1966,2006,Gable,CompShg,HdBoard,HdBoard,0.0,TA,TA,CBlock,TA,TA,No,Unf,0.0,Unf,0,1228.0,1228,GasA,Gd,Y,SBrkr,1228.0,0,0,1228.0,0,0,1,1,3,1,Gd,6,Typ,0,None,Attchd,1966.0,Unf,1,271.0,TA,TA,Y,0,65,0,0,0,0,0,6,2008,WD,Normal,149350.0
33,20,RL,85.0,11049.0,Pave,Reg,Lvl,AllPub,Corner,Gtl,CollgCr,Norm,Norm,1Fam,1Story,8,5,2007,2007,Gable,CompShg,VinylSd,VinylSd,0.0,Gd,TA,PConc,Ex,TA,Av,Unf,0.0,Unf,0,1234.0,1234,GasA,Ex,Y,SBrkr,1234.0,0,0,1234.0,0,0,2,0,3,1,Gd,7,Typ,0,None,Attchd,2007.0,RFn,2,484.0,TA,TA,Y,0,30,0,0,0,0,0,1,2008,WD,Normal,179900.0
34,20,RL,70.0,10552.0,Pave,IR1,Lvl,AllPub,Inside,Gtl,NAmes,Norm,Norm,1Fam,1Story,5,5,1959,1959,Hip,CompShg,BrkFace,BrkFace,0.0,TA,TA,CBlock,TA,TA,No,Rec,1018.0,Unf,0,380.0,1398,GasA,Gd,Y,SBrkr,1700.0,0,0,1700.0,0,1,1,1,4,1,Gd,6,Typ,1,Gd,Attchd,1959.0,RFn,2,447.0,TA,TA,Y,0,38,0,0,0,0,0,4,2010,WD,Normal,165500.0
35,120,RL,60.0,7313.0,Pave,Reg,Lvl,AllPub,Inside,Gtl,NridgHt,Norm,Norm,TwnhsE,1Story,9,5,2005,2005,Hip,CompShg,MetalSd,MetalSd,246.0,Ex,TA,PConc,Ex,TA,No,GLQ,1153.0,Unf,0,408.0,1561,GasA,Ex,Y,SBrkr,1561.0,0,0,1561.0,1,0,2,0,2,1,Ex,6,Typ,1,Gd,Attchd,2005.0,Fin,2,556.0,TA,TA,Y,203,47,0,0,0,0,0,8,2007,WD,Normal,277500.0
36,60,RL,108.0,13418.0,Pave,Reg,Lvl,AllPub,Inside,Gtl,NridgHt,Norm,Norm,1Fam,2Story,8,5,2004,2005,Gable,CompShg,VinylSd,VinylSd,132.0,Gd,TA,PConc,Ex,TA,Av,Unf,0.0,Unf,0,1117.0,1117,GasA,Ex,Y,SBrkr,1132.0,1320,0,2452.0,0,0,3,1,4,1,Gd,9,Typ,1,Gd,BuiltIn,2004.0,Fin,3,691.0,TA,TA,Y,113,32,0,0,0,0,0,9,2006,WD,Normal,309000.0
37,20,RL,110.0,10859.0,Pave,Reg,Lvl,AllPub,Corner,Gtl,CollgCr,Norm,Norm,1Fam,1Story,5,5,1994,1995,Gable,CompShg,VinylSd,VinylSd,0.0,TA,TA,PConc,Gd,TA,No,Unf,0.0,Unf,0,1097.0,1097,GasA,Ex,Y,SBrkr,1097.0,0,0,1097.0,0,0,1,1,3,1,TA,6,Typ,0,None,Attchd,1995.0,Unf,2,672.0,TA,TA,Y,392,64,0,0,0,0,0,6,2009,WD,Normal,145000.0
38,20,RL,74.0,8532.0,Pave,Reg,Lvl,AllPub,Inside,Gtl,NAmes,Norm,Norm,1Fam,1Story,5,6,1954,1990,Hip,CompShg,Wd Sdng,Wd Sdng,410.625,TA,TA,CBlock,TA,TA,No,Rec,1213.0,Unf,0,84.0,1297,GasA,Gd,Y,SBrkr,1297.0,0,0,1297.0,0,1,1,0,3,1,TA,5,Typ,1,TA,Attchd,1954.0,Fin,2,498.0,TA,TA,Y,0,0,0,0,0,0,0,10,2009,WD,Normal,153000.0
39,20,RL,68.0,7922.0,Pave,Reg,Lvl,AllPub,Inside,Gtl,NAmes,Norm,Norm,1Fam,1Story,5,7,1953,2007,Gable,CompShg,VinylSd,VinylSd,0.0,TA,Gd,CBlock,TA,TA,No,GLQ,731.0,Unf,0,326.0,1057,GasA,TA,Y,SBrkr,1057.0,0,0,1057.0,1,0,1,0,3,1,Gd,5,Typ,0,None,Detchd,1953.0,Unf,1,246.0,TA,TA,Y,0,52,0,0,0,0,0,1,2010,WD,Abnorml,109000.0
40,90,RL,65.0,6040.0,Pave,Reg,Lvl,AllPub,Inside,Gtl,Edwards,Norm,Norm,Duplex,1Story,4,5,1955,1955,Gable,CompShg,AsbShng,Plywood,0.0,TA,TA,PConc,None,None,None,None,0.0,None,0,0.0,42,GasA,TA,N,FuseP,1152.0,0,0,1152.0,0,0,2,0,2,2,Fa,6,Typ,0,None,None,1893.5,None,0,0.0,None,None,N,0,0,0,0,0,0,0,6,2008,WD,AdjLand,82000.0
41,20,RL,84.0,8658.0,Pave,Reg,Lvl,AllPub,Inside,Gtl,NAmes,Norm,Norm,1Fam,1Story,6,5,1965,1965,Gable,CompShg,Wd Sdng,Wd Sdng,101.0,TA,TA,CBlock,TA,TA,No,Rec,643.0,Unf,0,445.0,1088,GasA,Ex,Y,SBrkr,1324.0,0,0,1324.0,0,0,2,0,3,1,TA,6,Typ,1,TA,Attchd,1965.0,RFn,2,440.0,TA,TA,Y,0,138,0,0,0,0,0,12,2006,WD,Abnorml,160000.0
42,20,RL,110.0,16905.0,Pave,Reg,Lvl,AllPub,Inside,Gtl,Timber,Norm,Norm,1Fam,1Story,5,6,1959,1959,Gable,CompShg,VinylSd,VinylSd,0.0,TA,Gd,CBlock,TA,TA,Gd,BLQ,967.0,Unf,0,383.0,1350,GasA,Gd,Y,SBrkr,1328.0,0,0,1328.0,0,1,1,1,2,1,TA,5,Typ,2,Gd,Attchd,1959.0,RFn,1,308.0,TA,TA,P,0,104,0,0,0,0,0,7,2007,WD,Normal,170000.0
43,85,RL,66.5,9180.0,Pave,IR1,Lvl,AllPub,CulDSac,Gtl,SawyerW,Norm,Norm,1Fam,SFoyer,5,7,1983,1983,Gable,CompShg,HdBoard,HdBoard,0.0,TA,TA,CBlock,Gd,TA,Av,ALQ,747.0,LwQ,0,0.0,840,GasA,Gd,Y,SBrkr,884.0,0,0,884.0,1,0,1,0,2,1,Gd,5,Typ,0,None,Attchd,1983.0,RFn,2,504.0,TA,Gd,Y,240,0,0,0,0,0,0,12,2007,WD,Normal,144000.0
44,20,RL,70.0,9200.0,Pave,IR1,Lvl,AllPub,CulDSac,Gtl,CollgCr,Norm,Norm,1Fam,1Story,5,6,1975,1980,Hip,CompShg,VinylSd,VinylSd,0.0,TA,TA,CBlock,Gd,TA,Av,LwQ,280.0,BLQ,0,167.0,938,GasA,TA,Y,SBrkr,938.0,0,0,938.0,1,0,1,0,3,1,TA,5,Typ,0,None,Detchd,1977.0,Unf,1,308.0,TA,TA,Y,145,0,0,0,0,0,0,7,2008,WD,Normal,130250.0
45,20,RL,70.0,7945.0,Pave,Reg,Lvl,AllPub,Inside,Gtl,NAmes,Norm,Norm,1Fam,1Story,5,6,1959,1959,Gable,CompShg,BrkFace,Wd Sdng,0.0,TA,TA,CBlock,TA,TA,No,ALQ,179.0,BLQ,0,465.0,1150,GasA,Ex,Y,FuseA,1150.0,0,0,1150.0,1,0,1,0,3,1,TA,6,Typ,0,None,Attchd,1959.0,RFn,1,300.0,TA,TA,Y,0,0,0,0,0,0,0,5,2006,WD,Normal,141000.0
46,120,RL,61.0,7658.0,Pave,Reg,Lvl,AllPub,Inside,Gtl,NridgHt,Norm,Norm,TwnhsE,1Story,9,5,2005,2005,Hip,CompShg,MetalSd,MetalSd,410.625,Ex,TA,PConc,Ex,TA,No,GLQ,456.0,Unf,0,1296.0,1752,GasA,Ex,Y,SBrkr,1752.0,0,0,1752.0,1,0,2,0,2,1,Ex,6,Typ,1,Gd,Attchd,2005.0,RFn,2,576.0,TA,TA,Y,196,82,0,0,0,0,0,2,2010,WD,Normal,319900.0
47,50,RL,48.0,12822.0,Pave,IR1,Lvl,AllPub,CulDSac,Gtl,Mitchel,Norm,Norm,1Fam,1.5Fin,7,5,2003,2003,Gable,CompShg,VinylSd,VinylSd,0.0,Gd,TA,PConc,Ex,TA,No,GLQ,1351.0,Unf,0,83.0,1434,GasA,Ex,Y,SBrkr,1518.0,631,0,2149.0,1,0,1,1,1,1,Gd,6,Typ,1,Ex,Attchd,2003.0,RFn,2,670.0,TA,TA,Y,168,43,0,0,0,0,0,8,2009,WD,Abnorml,239686.0
48,20,FV,84.0,11096.0,Pave,Reg,Lvl,AllPub,Inside,Gtl,Somerst,Norm,Norm,1Fam,1Story,8,5,2006,2006,Gable,CompShg,VinylSd,VinylSd,0.0,Gd,TA,PConc,Gd,TA,Av,GLQ,24.0,Unf,0,1632.0,1656,GasA,Ex,Y,SBrkr,1656.0,0,0,1656.0,0,0,2,0,3,1,Gd,7,Typ,0,None,Attchd,2006.0,RFn,3,826.0,TA,TA,Y,0,146,0,0,0,0,0,7,2007,WD,Normal,249700.0
49,190,RM,33.0,4456.0,Pave,Reg,Lvl,AllPub,Inside,Gtl,OldTown,Norm,Norm,2fmCon,2Story,4,5,1920,2008,Gable,CompShg,MetalSd,MetalSd,0.0,TA,TA,BrkTil,TA,TA,No,Unf,0.0,Unf,0,736.0,736,GasA,Gd,Y,SBrkr,736.0,716,0,1452.0,0,0,2,0,2,3,TA,8,Typ,0,None,None,1893.5,None,0,0.0,None,None,N,0,0,0,0,0,0,0,6,2009,New,Partial,113000.0
50,20,RL,66.0,7742.0,Pave,Reg,Lvl,AllPub,Inside,Gtl,Sawyer,Norm,Norm,1Fam,1Story,5,7,1966,1966,Gable,CompShg,HdBoard,HdBoard,0.0,TA,TA,CBlock,TA,TA,No,BLQ,763.0,Unf,0,192.0,955,GasA,Ex,Y,SBrkr,955.0,0,0,955.0,1,0,1,0,3,1,TA,6,Typ,0,None,Attchd,1966.0,Unf,1,386.0,TA,TA,Y,0,0,0,0,0,0,0,1,2007,WD,Normal,127000.0
51,60,RL,65.0,13869.0,Pave,IR2,Lvl,AllPub,Corner,Gtl,Gilbert,Norm,Norm,1Fam,2Story,6,6,1997,1997,Gable,CompShg,VinylSd,VinylSd,0.0,TA,TA,PConc,Gd,TA,Av,GLQ,182.0,Unf,0,612.0,794,GasA,Gd,Y,SBrkr,794.0,676,0,1470.0,0,1,2,0,3,1,TA,6,Typ,0,None,Attchd,1997.0,Fin,2,388.0,TA,TA,Y,0,75,0,0,0,0,0,7,2007,WD,Normal,177000.0
52,50,RM,52.0,6240.0,Pave,Reg,Lvl,AllPub,Inside,Gtl,BrkSide,Norm,Norm,1Fam,1.5Fin,6,6,1934,1950,Gable,CompShg,Wd Sdng,Wd Sdng,0.0,TA,TA,PConc,TA,TA,No,Unf,0.0,Unf,0,816.0,816,GasA,TA,Y,SBrkr,816.0,0,360,1176.0,0,0,1,0,3,1,TA,6,Typ,1,Gd,Detchd,1985.0,Unf,2,528.0,TA,TA,Y,112,0,0,0,0,0,400,9,2006,WD,Normal,114500.0
53,90,RM,110.0,8472.0,Grvl,IR2,Bnk,AllPub,Corner,Mod,IDOTRR,RRNn,Norm,Duplex,1Story,5,5,1963,1963,Gable,CompShg,Wd Sdng,Wd Sdng,0.0,Fa,TA,CBlock,Gd,TA,Gd,LwQ,104.0,GLQ,0,0.0,816,GasA,TA,N,SBrkr,816.0,0,0,816.0,1,0,1,0,2,1,TA,5,Typ,0,None,CarPort,1963.0,Unf,2,516.0,TA,TA,Y,106,0,0,0,0,0,0,5,2010,WD,Normal,110000.0
54,20,RL,68.0,17673.5,Pave,IR1,Low,AllPub,Inside,Gtl,Veenker,Norm,Norm,1Fam,1Story,9,5,1981,1987,Gable,WdShngl,WdShing,Wd Shng,0.0,Gd,TA,CBlock,Ex,TA,Gd,GLQ,1780.625,Unf,0,32.0,1842,GasA,Gd,Y,SBrkr,1842.0,0,0,1842.0,2,0,0,1,0,1,Gd,5,Typ,1,Gd,Attchd,1981.0,Fin,3,894.0,TA,TA,Y,420,72,0,0,0,0,0,11,2006,WD,Normal,340037.5
55,80,RL,60.0,7134.0,Pave,Reg,Bnk,AllPub,Inside,Mod,NAmes,Norm,Norm,1Fam,SLvl,5,5,1955,1955,Gable,CompShg,MetalSd,MetalSd,0.0,TA,TA,CBlock,TA,TA,No,ALQ,384.0,Unf,0,0.0,384,GasA,TA,Y,SBrkr,1360.0,0,0,1360.0,0,0,1,0,3,1,TA,6,Min1,1,TA,Detchd,1962.0,Unf,2,572.0,TA,TA,Y,0,50,0,0,0,0,0,2,2007,WD,Normal,130000.0
56,20,RL,100.0,10175.0,Pave,IR1,Lvl,AllPub,Inside,Gtl,NAmes,Norm,Norm,1Fam,1Story,6,5,1964,1964,Gable,CompShg,HdBoard,Plywood,272.0,TA,TA,CBlock,TA,TA,No,BLQ,490.0,Unf,0,935.0,1425,GasA,Gd,Y,SBrkr,1425.0,0,0,1425.0,0,0,2,0,3,1,TA,7,Typ,1,Gd,Attchd,1964.0,RFn,2,576.0,TA,TA,Y,0,0,0,407,0,0,0,7,2008,WD,Normal,180500.0
57,160,FV,30.0,2645.0,Pave,Reg,Lvl,AllPub,Inside,Gtl,Somerst,Norm,Norm,Twnhs,2Story,8,5,1999,2000,Gable,CompShg,MetalSd,MetalSd,410.625,Gd,TA,PConc,Gd,TA,No,GLQ,649.0,Unf,0,321.0,970,GasA,Ex,Y,SBrkr,983.0,756,0,1739.0,1,0,2,1,3,1,Gd,7,Typ,0,None,Attchd,1999.0,Fin,2,480.0,TA,TA,Y,115,0,0,0,0,0,0,8,2009,WD,Abnorml,172500.0
58,60,RL,89.0,11645.0,Pave,IR1,Lvl,AllPub,Corner,Gtl,CollgCr,Norm,Norm,1Fam,2Story,7,5,2004,2004,Gable,CompShg,VinylSd,VinylSd,0.0,Gd,TA,PConc,Gd,TA,No,Unf,0.0,Unf,0,860.0,860,GasA,Ex,Y,SBrkr,860.0,860,0,1720.0,0,0,2,1,3,1,Gd,7,Typ,0,None,Attchd,2004.0,RFn,2,565.0,TA,TA,Y,0,70,0,0,0,0,0,8,2006,WD,Normal,196500.0
59,60,RL,66.0,13682.0,Pave,IR2,HLS,AllPub,CulDSac,Gtl,StoneBr,Norm,Norm,1Fam,2Story,10,5,2006,2006,Hip,CompShg,VinylSd,VinylSd,410.625,Ex,TA,PConc,Ex,TA,Gd,Unf,0.0,Unf,0,1410.0,1410,GasA,Ex,Y,SBrkr,1426.0,1519,0,2747.625,0,0,3,1,3,1,Gd,10,Typ,1,Gd,BuiltIn,2006.0,Fin,3,641.0,TA,TA,Y,192,0,0,0,0,0,0,10,2006,New,Partial,340037.5
60,20,RL,60.0,7200.0,Pave,Reg,Bnk,AllPub,Inside,Gtl,CollgCr,Norm,Norm,1Fam,1Story,5,7,1972,1972,Gable,CompShg,HdBoard,HdBoard,0.0,TA,TA,CBlock,TA,TA,Av,ALQ,632.0,Unf,0,148.0,780,GasA,Ex,Y,SBrkr,780.0,0,0,780.0,0,0,1,0,2,1,TA,4,Typ,0,None,Detchd,1973.0,Unf,1,352.0,TA,TA,Y,196,0,0,0,0,0,0,1,2008,WD,Normal,124900.0
61,20,RL,63.0,13072.0,Pave,Reg,Lvl,AllPub,Inside,Gtl,SawyerW,RRAe,Norm,1Fam,1Story,6,5,2004,2004,Gable,CompShg,VinylSd,VinylSd,0.0,TA,TA,PConc,Gd,TA,No,ALQ,941.0,Unf,0,217.0,1158,GasA,Ex,Y,SBrkr,1158.0,0,0,1158.0,1,0,1,1,3,1,Gd,5,Typ,0,None,Detchd,2006.0,Unf,2,576.0,TA,TA,Y,0,50,0,0,0,0,0,5,2006,New,Partial,158000.0
62,75,RM,60.0,7200.0,Pave,Reg,Lvl,AllPub,Inside,Gtl,IDOTRR,Norm,Norm,1Fam,2.5Unf,5,7,1920,1996,Gable,CompShg,MetalSd,MetalSd,0.0,TA,TA,BrkTil,TA,Fa,No,Unf,0.0,Unf,0,530.0,530,GasA,TA,N,SBrkr,581.0,530,0,1111.0,0,0,1,0,3,1,Fa,6,Typ,0,None,Detchd,1935.0,Unf,1,288.0,TA,TA,N,0,0,0,0,0,0,0,3,2007,WD,Normal,101000.0
63,120,RL,44.0,6442.0,Pave,IR1,Lvl,AllPub,Inside,Gtl,NridgHt,Norm,Norm,TwnhsE,1Story,8,5,2006,2006,Gable,CompShg,VinylSd,VinylSd,178.0,Gd,TA,PConc,Gd,Gd,Mn,GLQ,24.0,Unf,0,1346.0,1370,GasA,Ex,Y,SBrkr,1370.0,0,0,1370.0,0,0,2,0,2,1,Gd,6,Typ,1,Gd,Attchd,2006.0,RFn,2,484.0,TA,TA,Y,120,49,0,0,0,0,0,10,2007,WD,Normal,202500.0
64,70,RM,50.0,10300.0,Pave,IR1,Bnk,AllPub,Inside,Gtl,OldTown,RRAn,Feedr,1Fam,2Story,7,6,1921,1950,Gable,CompShg,Stucco,Stucco,0.0,TA,TA,BrkTil,TA,TA,No,Unf,0.0,Unf,0,576.0,576,GasA,Gd,Y,SBrkr,902.0,808,0,1710.0,0,0,2,0,3,1,TA,9,Typ,0,None,Detchd,1990.0,Unf,2,480.0,TA,TA,Y,12,11,0,0,0,0,0,4,2010,WD,Normal,140000.0
65,60,RL,70.0,9375.0,Pave,Reg,Lvl,AllPub,Inside,Gtl,CollgCr,Norm,Norm,1Fam,2Story,7,5,1997,1998,Gable,CompShg,VinylSd,VinylSd,410.625,TA,TA,PConc,Gd,TA,No,GLQ,739.0,Unf,0,318.0,1057,GasA,Ex,Y,SBrkr,1057.0,977,0,2034.0,1,0,2,1,3,1,Gd,8,Typ,0,None,Attchd,1998.0,RFn,2,645.0,TA,TA,Y,420,36,0,0,0,0,0,2,2009,WD,Normal,219500.0
66,60,RL,76.0,9591.0,Pave,Reg,Lvl,AllPub,Inside,Gtl,NridgHt,Norm,Norm,1Fam,2Story,8,5,2004,2005,Gable,CompShg,VinylSd,VinylSd,344.0,Gd,TA,PConc,Ex,TA,Av,Unf,0.0,Unf,0,1143.0,1143,GasA,Ex,Y,SBrkr,1143.0,1330,0,2473.0,0,0,2,1,4,1,Gd,9,Typ,1,Gd,BuiltIn,2004.0,RFn,3,852.0,TA,TA,Y,192,151,0,0,0,0,0,10,2007,WD,Normal,317000.0
67,20,RL,73.0,17673.5,Pave,Reg,Lvl,AllPub,Inside,Gtl,NAmes,PosA,Norm,1Fam,1Story,7,5,1970,1989,Gable,CompShg,Plywood,Plywood,287.0,TA,TA,CBlock,Gd,TA,Gd,GLQ,912.0,Unf,0,1035.0,1947,GasA,TA,Y,SBrkr,2155.125,0,0,2207.0,1,0,2,0,3,1,TA,7,Min1,1,Gd,Attchd,1970.0,RFn,2,576.0,TA,TA,Y,301,0,0,0,0,0,0,7,2010,WD,Normal,180000.0
68,20,RL,72.0,10665.0,Pave,IR1,Lvl,AllPub,Inside,Gtl,CollgCr,Norm,Norm,1Fam,1Story,7,5,2003,2003,Gable,CompShg,VinylSd,VinylSd,167.0,Gd,TA,PConc,Gd,TA,Av,GLQ,1013.0,Unf,0,440.0,1453,GasA,Ex,Y,SBrkr,1479.0,0,0,1479.0,1,0,2,0,3,1,Gd,7,Typ,0,None,Attchd,2003.0,RFn,2,558.0,TA,TA,Y,144,29,0,0,0,0,0,6,2007,WD,Normal,226000.0
69,30,RM,47.0,4608.0,Pave,Reg,Lvl,AllPub,Corner,Gtl,OldTown,Artery,Norm,1Fam,1Story,4,6,1945,1950,Gable,CompShg,MetalSd,MetalSd,0.0,TA,Gd,CBlock,TA,TA,No,Unf,0.0,Unf,0,747.0,747,GasA,TA,Y,SBrkr,747.0,0,0,747.0,0,0,1,0,2,1,TA,4,Typ,0,None,Attchd,1945.0,Unf,1,220.0,TA,TA,Y,0,0,0,0,0,0,0,6,2010,WD,Normal,80000.0
70,50,RL,81.0,15593.0,Pave,Reg,Lvl,AllPub,Corner,Gtl,ClearCr,Norm,Norm,1Fam,1.5Fin,7,4,1953,1953,Gable,CompShg,BrkFace,AsbShng,0.0,Gd,TA,CBlock,TA,TA,No,BLQ,603.0,Unf,0,701.0,1304,GasW,TA,Y,SBrkr,1304.0,983,0,2287.0,0,0,2,0,3,1,TA,7,Typ,1,TA,Attchd,1953.0,Fin,2,667.0,TA,TA,Y,0,21,0,0,0,0,0,7,2006,WD,Normal,225000.0
71,20,RL,95.0,13651.0,Pave,IR1,Lvl,AllPub,Inside,Gtl,NAmes,Norm,Norm,1Fam,1Story,7,6,1973,1973,Gable,CompShg,Plywood,Plywood,410.625,TA,Gd,CBlock,Gd,TA,Gd,ALQ,1780.625,Unf,0,343.0,2052,GasA,Ex,Y,SBrkr,2155.125,0,0,2223.0,1,0,2,0,3,1,TA,8,Typ,2,Gd,Attchd,1973.0,Fin,2,516.0,TA,TA,Y,300,0,0,0,0,0,0,2,2007,WD,Normal,244000.0
72,20,RL,69.0,7599.0,Pave,Reg,Lvl,AllPub,Corner,Gtl,Mitchel,Norm,Norm,1Fam,1Story,4,6,1982,2006,Gable,CompShg,HdBoard,Plywood,0.0,TA,TA,CBlock,TA,TA,No,ALQ,565.0,Unf,0,280.0,845,GasA,TA,Y,SBrkr,845.0,0,0,845.0,1,0,1,0,2,1,TA,4,Typ,0,None,Detchd,1987.0,Unf,2,360.0,TA,TA,Y,0,0,0,0,0,0,0,6,2007,WD,Normal,129500.0
73,60,RL,74.0,10141.0,Pave,IR1,Lvl,AllPub,Corner,Gtl,Gilbert,Norm,Norm,1Fam,2Story,7,5,1998,1998,Gable,CompShg,VinylSd,VinylSd,40.0,TA,TA,PConc,Gd,TA,No,Unf,0.0,Unf,0,832.0,832,GasA,Gd,Y,SBrkr,885.0,833,0,1718.0,0,0,2,1,3,1,TA,7,Typ,1,TA,Attchd,1998.0,Fin,2,427.0,TA,TA,Y,0,94,0,0,0,0,0,12,2009,WD,Normal,185000.0
74,20,RL,85.0,10200.0,Pave,Reg,Lvl,AllPub,Inside,Gtl,NAmes,Norm,Norm,1Fam,1Story,5,7,1954,2003,Gable,CompShg,Wd Sdng,Wd Sdng,104.0,TA,TA,CBlock,TA,TA,No,ALQ,320.0,BLQ,0,404.0,1086,GasA,Gd,Y,SBrkr,1086.0,0,0,1086.0,1,0,1,0,3,1,TA,6,Typ,0,None,Attchd,1989.0,Unf,2,490.0,TA,TA,Y,0,0,0,0,0,0,0,5,2010,WD,Normal,144900.0
75,50,RM,60.0,5790.0,Pave,Reg,Lvl,AllPub,Corner,Gtl,OldTown,Norm,Norm,1Fam,2Story,3,6,1915,1950,Gambrel,CompShg,VinylSd,VinylSd,0.0,Gd,Gd,CBlock,Fa,TA,No,Unf,0.0,Unf,0,840.0,840,GasA,Gd,N,SBrkr,840.0,765,0,1605.0,0,0,2,0,3,2,TA,8,Typ,0,None,Detchd,1915.0,Unf,1,379.0,TA,TA,Y,0,0,0,0,0,0,0,5,2010,WD,Normal,107400.0
76,180,RM,30.0,1596.0,Pave,Reg,Lvl,AllPub,Inside,Gtl,MeadowV,Norm,Norm,Twnhs,SLvl,4,5,1973,1973,Gable,CompShg,CemntBd,CmentBd,0.0,TA,TA,CBlock,Gd,TA,Gd,GLQ,462.0,Unf,0,0.0,462,GasA,TA,Y,SBrkr,526.0,462,0,988.0,1,0,1,0,2,1,TA,5,Typ,0,None,BuiltIn,1973.0,Unf,1,297.0,TA,TA,Y,120,101,0,0,0,0,0,11,2009,WD,Normal,91000.0
77,20,RL,73.0,8475.0,Pave,IR1,Lvl,AllPub,Inside,Gtl,NAmes,Norm,Norm,1Fam,1Story,4,7,1956,1956,Gable,CompShg,VinylSd,VinylSd,0.0,TA,TA,CBlock,TA,TA,No,ALQ,228.0,Unf,0,724.0,952,GasA,Ex,Y,FuseA,952.0,0,0,952.0,0,0,1,0,2,1,TA,4,Typ,0,None,Detchd,1956.0,Unf,1,283.0,TA,TA,Y,0,0,0,0,0,0,0,4,2008,WD,Normal,135750.0
78,50,RM,50.0,8635.0,Pave,Reg,Lvl,AllPub,Inside,Gtl,BrkSide,Norm,Norm,1Fam,1.5Fin,5,5,1948,2001,Gable,CompShg,Wd Sdng,Wd Sdng,0.0,TA,TA,CBlock,TA,TA,No,BLQ,336.0,GLQ,0,295.0,672,GasA,TA,Y,SBrkr,1072.0,213,0,1285.0,1,0,1,0,2,1,TA,6,Min1,0,None,Detchd,1948.0,Unf,1,240.0,TA,TA,Y,0,0,0,0,0,0,0,1,2008,WD,Normal,127000.0
79,90,RL,72.0,10778.0,Pave,Reg,Lvl,AllPub,Inside,Gtl,Sawyer,Norm,Norm,Duplex,1Story,4,5,1968,1968,Hip,CompShg,HdBoard,HdBoard,0.0,TA,TA,CBlock,TA,TA,No,Unf,0.0,Unf,0,1685.5,1768,GasA,TA,N,SBrkr,1768.0,0,0,1768.0,0,0,2,0,4,2,TA,8,Typ,0,None,None,1893.5,None,0,0.0,None,None,Y,0,0,0,0,0,0,0,4,2010,WD,Normal,136500.0
80,50,RM,60.0,10440.0,Pave,Reg,Lvl,AllPub,Corner,Gtl,OldTown,Norm,Norm,1Fam,2Story,5,6,1910,1981,Gable,CompShg,Wd Sdng,Wd Sdng,0.0,TA,TA,PConc,TA,TA,No,Unf,0.0,Unf,0,440.0,440,GasA,Gd,Y,SBrkr,682.0,548,0,1230.0,0,0,1,1,2,1,TA,5,Typ,0,None,Detchd,1966.0,Unf,2,440.0,TA,TA,Y,74,0,0,0,0,0,0,5,2009,WD,Normal,110000.0
81,60,RL,100.0,13000.0,Pave,Reg,Lvl,AllPub,Corner,Gtl,NAmes,Norm,Norm,1Fam,2Story,6,6,1968,1968,Gable,CompShg,VinylSd,VinylSd,410.625,TA,Gd,CBlock,Gd,TA,No,Rec,448.0,Unf,0,448.0,896,GasA,TA,Y,SBrkr,1182.0,960,0,2142.0,0,0,2,1,4,1,Gd,8,Typ,1,Gd,Attchd,1968.0,Fin,1,509.0,TA,TA,Y,0,72,0,0,0,0,0,6,2009,WD,Normal,193500.0
82,120,RM,32.0,4500.0,Pave,Reg,Lvl,AllPub,FR2,Gtl,Mitchel,Norm,Norm,TwnhsE,1Story,6,5,1998,1998,Hip,CompShg,VinylSd,VinylSd,410.625,TA,Gd,PConc,Ex,Gd,No,GLQ,1201.0,Unf,0,36.0,1237,GasA,Ex,Y,SBrkr,1337.0,0,0,1337.0,1,0,2,0,2,1,TA,5,Typ,0,None,Attchd,1998.0,Fin,2,405.0,TA,TA,Y,0,170,0,0,0,0,0,3,2006,WD,Normal,153500.0
83,20,RL,78.0,10206.0,Pave,Reg,Lvl,AllPub,Inside,Gtl,Somerst,Norm,Norm,1Fam,1Story,8,5,2007,2007,Gable,CompShg,VinylSd,VinylSd,410.625,TA,TA,PConc,Gd,TA,No,GLQ,33.0,Unf,0,1530.0,1563,GasA,Ex,Y,SBrkr,1563.0,0,0,1563.0,0,0,2,0,3,1,Gd,6,Typ,1,Gd,Attchd,2007.0,RFn,3,758.0,TA,TA,Y,144,99,0,0,0,0,0,10,2008,WD,Normal,245000.0
84,20,RL,80.0,8892.0,Pave,IR1,Lvl,AllPub,Inside,Gtl,NAmes,Norm,Norm,1Fam,1Story,5,5,1960,1960,Gable,CompShg,MetalSd,MetalSd,66.0,TA,TA,CBlock,TA,TA,No,Unf,0.0,Unf,0,1065.0,1065,GasA,Gd,Y,SBrkr,1065.0,0,0,1065.0,0,0,1,1,3,1,TA,6,Typ,0,None,Detchd,1974.0,Unf,2,461.0,TA,TA,Y,74,0,0,0,0,0,0,7,2007,COD,Normal,126500.0
85,80,RL,65.0,8530.0,Pave,IR1,Lvl,AllPub,Inside,Gtl,Gilbert,Norm,Norm,1Fam,SLvl,7,5,1995,1996,Gable,CompShg,HdBoard,HdBoard,22.0,TA,TA,PConc,Gd,TA,No,Unf,0.0,Unf,0,384.0,384,GasA,Gd,Y,SBrkr,804.0,670,0,1474.0,0,0,2,1,3,1,TA,7,Typ,1,TA,BuiltIn,1995.0,Fin,2,400.0,TA,TA,Y,120,72,0,0,0,0,700,5,2009,WD,Normal,168500.0
86,60,RL,110.0,16059.0,Pave,Reg,Lvl,AllPub,Corner,Gtl,NoRidge,Norm,Norm,1Fam,2Story,8,5,1991,1992,Hip,CompShg,HdBoard,HdBoard,284.0,Gd,TA,CBlock,Gd,TA,No,Unf,0.0,Unf,0,1288.0,1288,GasA,Ex,Y,SBrkr,1301.0,1116,0,2417.0,0,0,2,1,4,1,Gd,9,Typ,1,TA,Attchd,1991.0,Unf,2,462.0,TA,TA,Y,127,82,0,0,0,0,0,4,2006,WD,Normal,260000.0
87,60,RL,110.0,11911.0,Pave,IR2,Lvl,AllPub,Inside,Gtl,Gilbert,Norm,Norm,1Fam,2Story,6,5,2005,2005,Gable,CompShg,VinylSd,VinylSd,0.0,Gd,TA,PConc,Gd,TA,Av,Unf,0.0,Unf,0,684.0,684,GasA,Ex,Y,SBrkr,684.0,876,0,1560.0,0,0,2,1,3,1,Gd,6,Typ,1,Gd,BuiltIn,2005.0,Fin,2,400.0,TA,TA,Y,100,38,0,0,0,0,0,3,2009,WD,Normal,174000.0
88,160,FV,40.0,3951.0,Pave,Reg,Lvl,AllPub,Corner,Gtl,Somerst,Norm,Norm,TwnhsE,2Story,6,5,2009,2009,Gable,CompShg,VinylSd,VinylSd,76.0,Gd,TA,PConc,Gd,TA,Av,Unf,0.0,Unf,0,612.0,612,GasA,Ex,Y,SBrkr,612.0,612,0,1224.0,0,0,2,1,2,1,Gd,4,Typ,0,None,Detchd,2009.0,RFn,2,528.0,TA,TA,Y,0,170,0,0,0,0,0,6,2009,New,Partial,164500.0
89,50,C (all),105.0,8470.0,Pave,IR1,Lvl,AllPub,Corner,Gtl,IDOTRR,Feedr,Feedr,1Fam,1.5Fin,3,2,1915,1982,Hip,CompShg,Plywood,Plywood,0.0,Fa,Fa,CBlock,TA,Fa,No,Unf,0.0,Unf,0,1013.0,1013,GasA,TA,N,SBrkr,1013.0,0,513,1526.0,0,0,1,0,2,1,Fa,6,Typ,0,None,None,1893.5,None,0,0.0,None,None,N,0,0,0,0,0,0,0,10,2009,ConLD,Abnorml,85000.0
90,20,RL,60.0,8070.0,Pave,Reg,Lvl,AllPub,Inside,Gtl,CollgCr,Norm,Norm,1Fam,1Story,4,5,1994,1995,Gable,CompShg,VinylSd,VinylSd,0.0,TA,TA,PConc,Gd,TA,No,GLQ,588.0,Unf,0,402.0,990,GasA,Ex,Y,SBrkr,990.0,0,0,990.0,1,0,1,0,3,1,TA,5,Typ,0,None,None,1893.5,None,0,0.0,None,None,Y,0,0,0,0,0,0,0,8,2007,WD,Normal,123600.0
91,20,RL,60.0,7200.0,Pave,Reg,Lvl,AllPub,Inside,Gtl,NAmes,Norm,Norm,1Fam,1Story,4,5,1950,1950,Gable,CompShg,BrkFace,Wd Sdng,0.0,TA,TA,Slab,None,None,None,None,0.0,None,0,0.0,42,GasA,TA,Y,FuseA,1040.0,0,0,1040.0,0,0,1,0,2,1,TA,4,Typ,0,None,Detchd,1950.0,Unf,2,420.0,TA,TA,Y,0,29,0,0,0,0,0,7,2006,WD,Normal,109900.0
92,20,RL,85.0,8500.0,Pave,Reg,Lvl,AllPub,Inside,Gtl,NAmes,Norm,Norm,1Fam,1Story,5,3,1961,1961,Hip,CompShg,HdBoard,HdBoard,203.0,TA,TA,CBlock,TA,TA,No,Rec,600.0,Unf,0,635.0,1235,GasA,TA,Y,SBrkr,1235.0,0,0,1235.0,0,0,1,0,2,1,TA,6,Typ,0,None,Attchd,1961.0,Unf,2,480.0,TA,TA,Y,0,0,0,0,0,0,0,12,2006,WD,Abnorml,98600.0
93,30,RL,80.0,13360.0,Pave,IR1,HLS,AllPub,Inside,Gtl,Crawfor,Norm,Norm,1Fam,1Story,5,7,1921,2006,Gable,CompShg,Wd Sdng,Wd Sdng,0.0,TA,Gd,BrkTil,Gd,TA,No,ALQ,713.0,Unf,0,163.0,876,GasA,Ex,Y,SBrkr,964.0,0,0,964.0,1,0,1,0,2,1,TA,5,Typ,0,None,Detchd,1921.0,Unf,2,432.0,TA,TA,Y,0,0,0,0,0,0,0,8,2009,WD,Normal,163500.0
94,190,C (all),60.0,7200.0,Pave,Reg,Lvl,AllPub,Corner,Gtl,OldTown,Norm,Norm,2fmCon,2.5Unf,6,6,1910,1998,Hip,CompShg,MetalSd,MetalSd,0.0,TA,TA,BrkTil,TA,Fa,Mn,Rec,1046.0,Unf,0,168.0,1214,GasW,Ex,N,SBrkr,1260.0,1031,0,2291.0,0,1,2,0,4,2,TA,9,Typ,1,Gd,Detchd,1900.0,Unf,2,506.0,TA,TA,Y,0,0,0,0,0,0,0,11,2007,WD,Normal,133900.0
95,60,RL,69.0,9337.0,Pave,IR1,Lvl,AllPub,Inside,Gtl,CollgCr,Norm,Norm,1Fam,2Story,6,5,1997,1997,Gable,CompShg,VinylSd,VinylSd,0.0,TA,Gd,PConc,Gd,TA,No,GLQ,648.0,Unf,0,176.0,824,GasA,Ex,Y,SBrkr,905.0,881,0,1786.0,1,0,2,1,3,1,Gd,7,Typ,0,None,Attchd,1997.0,RFn,2,684.0,TA,TA,Y,0,162,0,0,0,0,0,5,2007,WD,Normal,204750.0
96,60,RL,65.0,9765.0,Pave,IR2,Lvl,AllPub,Corner,Gtl,Gilbert,Norm,Norm,1Fam,2Story,6,8,1993,1993,Gable,CompShg,VinylSd,VinylSd,68.0,Ex,Gd,PConc,Gd,Gd,No,ALQ,310.0,Unf,0,370.0,680,GasA,Gd,Y,SBrkr,680.0,790,0,1470.0,0,0,2,1,3,1,TA,6,Typ,1,TA,BuiltIn,1993.0,Fin,2,420.0,TA,TA,Y,232,63,0,0,0,0,480,4,2009,WD,Normal,185000.0
97,20,RL,78.0,10264.0,Pave,IR1,Lvl,AllPub,Inside,Gtl,CollgCr,Norm,Norm,1Fam,1Story,7,5,1999,1999,Gable,CompShg,VinylSd,VinylSd,183.0,Gd,TA,PConc,Gd,TA,Av,ALQ,1162.0,Unf,0,426.0,1588,GasA,Ex,Y,SBrkr,1588.0,0,0,1588.0,0,0,2,0,3,1,Gd,6,Typ,0,None,Attchd,1999.0,RFn,2,472.0,TA,TA,Y,158,29,0,0,0,0,0,8,2006,WD,Normal,214000.0
98,20,RL,73.0,10921.0,Pave,Reg,HLS,AllPub,Inside,Gtl,Edwards,Norm,Norm,1Fam,1Story,4,5,1965,1965,Hip,CompShg,HdBoard,HdBoard,48.0,TA,TA,CBlock,TA,TA,No,Rec,520.0,Unf,0,440.0,960,GasA,TA,Y,FuseF,960.0,0,0,960.0,1,0,1,0,3,1,TA,6,Typ,0,None,Attchd,1965.0,Fin,1,432.0,TA,TA,P,120,0,0,0,0,0,0,5,2007,WD,Normal,94750.0
99,30,RL,85.0,10625.0,Pave,Reg,Lvl,AllPub,Corner,Gtl,Edwards,Norm,Norm,1Fam,1Story,5,5,1920,1950,Gable,CompShg,Wd Sdng,Wd Sdng,0.0,TA,TA,BrkTil,TA,TA,No,ALQ,108.0,Unf,0,350.0,458,GasA,Fa,N,SBrkr,835.0,0,0,835.0,0,0,1,0,2,1,TA,5,Typ,0,None,Basment,1920.0,Unf,1,366.0,Fa,TA,Y,0,0,0,0,0,0,400,5,2010,COD,Abnorml,83000.0
100,20,RL,77.0,9320.0,Pave,IR1,Lvl,AllPub,Inside,Gtl,NAmes,Norm,Norm,1Fam,1Story,4,5,1959,1959,Gable,CompShg,Plywood,Plywood,0.0,TA,TA,CBlock,TA,TA,No,ALQ,569.0,Unf,0,381.0,950,GasA,Fa,Y,SBrkr,1225.0,0,0,1225.0,1,0,1,1,3,1,TA,6,Typ,0,None,None,1893.5,None,0,0.0,None,None,Y,352,0,0,0,0,0,400,1,2010,WD,Normal,128950.0
101,20,RL,80.0,10603.0,Pave,IR1,Lvl,AllPub,Inside,Gtl,NWAmes,Norm,Norm,1Fam,1Story,6,7,1977,2001,Gable,CompShg,Plywood,Plywood,28.0,TA,TA,PConc,TA,TA,Mn,ALQ,1200.0,Unf,0,410.0,1610,GasA,Gd,Y,SBrkr,1610.0,0,0,1610.0,1,0,2,0,3,1,Gd,6,Typ,2,TA,Attchd,1977.0,RFn,2,480.0,TA,TA,Y,168,68,0,0,0,0,0,2,2010,WD,Normal,205000.0
102,60,RL,77.0,9206.0,Pave,Reg,Lvl,AllPub,Inside,Gtl,SawyerW,Norm,Norm,1Fam,2Story,6,5,1985,1985,Gable,CompShg,HdBoard,HdBoard,336.0,Gd,TA,CBlock,Gd,TA,No,Unf,0.0,Unf,0,741.0,741,GasA,TA,Y,SBrkr,977.0,755,0,1732.0,0,0,2,1,3,1,Gd,7,Typ,1,TA,Attchd,1985.0,Fin,2,476.0,TA,TA,Y,192,46,0,0,0,0,0,6,2010,WD,Normal,178000.0
103,90,RL,64.0,7018.0,Pave,Reg,Bnk,AllPub,Inside,Gtl,SawyerW,Norm,Norm,Duplex,1Story,5,5,1979,1979,Gable,CompShg,HdBoard,HdBoard,0.0,TA,Fa,Slab,None,None,None,None,0.0,None,0,0.0,42,GasA,TA,Y,SBrkr,1535.0,0,0,1535.0,0,0,2,0,4,2,TA,8,Typ,0,None,Attchd,1979.0,Unf,2,410.0,TA,TA,Y,0,0,0,0,0,0,0,6,2009,WD,Alloca,118964.0
104,20,RL,94.0,10402.0,Pave,IR1,Lvl,AllPub,Corner,Gtl,CollgCr,Norm,Norm,1Fam,1Story,7,5,2009,2009,Gable,CompShg,VinylSd,VinylSd,0.0,TA,TA,PConc,Gd,TA,No,Unf,0.0,Unf,0,1226.0,1226,GasA,Ex,Y,SBrkr,1226.0,0,0,1226.0,0,0,2,0,3,1,Gd,6,Typ,0,None,Attchd,2009.0,RFn,3,740.0,TA,TA,Y,0,36,0,0,0,0,0,5,2010,WD,Normal,198900.0
105,50,RM,60.0,7758.0,Pave,Reg,Lvl,AllPub,Corner,Gtl,IDOTRR,Norm,Norm,1Fam,1.5Fin,7,4,1931,1950,Gable,CompShg,Stucco,Stucco,410.625,TA,Fa,PConc,TA,TA,No,LwQ,224.0,Unf,0,816.0,1040,GasA,Ex,Y,FuseF,1226.0,592,0,1818.0,0,0,1,1,4,1,TA,7,Typ,2,TA,Detchd,1951.0,Unf,1,240.0,TA,TA,Y,0,0,0,0,0,0,0,6,2007,WD,Normal,169500.0
106,60,FV,75.0,9375.0,Pave,Reg,Lvl,AllPub,Inside,Gtl,Somerst,Norm,Norm,1Fam,2Story,8,5,2003,2004,Hip,CompShg,VinylSd,VinylSd,410.625,Gd,TA,PConc,Ex,TA,No,Unf,0.0,Unf,0,1053.0,1053,GasA,Ex,Y,SBrkr,1053.0,939,0,1992.0,0,0,2,1,3,1,Gd,9,Typ,1,Gd,Attchd,2003.0,RFn,2,648.0,TA,TA,Y,140,45,0,0,0,0,0,8,2008,WD,Normal,250000.0
107,30,RM,60.0,10800.0,Pave,Reg,Lvl,AllPub,Inside,Gtl,OldTown,Norm,Norm,1Fam,1Story,4,7,1885,1995,Mansard,CompShg,VinylSd,VinylSd,0.0,TA,TA,BrkTil,Fa,TA,No,Unf,0.0,Unf,0,641.0,641,GasA,Gd,Y,SBrkr,1047.0,0,0,1047.0,0,0,1,0,2,1,TA,6,Typ,0,None,Detchd,1954.0,Unf,1,273.0,Fa,Fa,N,0,0,0,0,0,0,450,8,2007,WD,Normal,100000.0
108,20,RM,50.0,6000.0,Pave,Reg,Lvl,AllPub,Inside,Gtl,OldTown,Norm,Norm,1Fam,1Story,5,5,1948,1950,Gable,CompShg,VinylSd,VinylSd,0.0,TA,TA,CBlock,TA,TA,No,ALQ,104.0,BLQ,0,516.0,789,GasA,Ex,Y,SBrkr,789.0,0,0,789.0,0,0,1,0,2,1,TA,5,Typ,0,None,Detchd,1948.0,Unf,1,250.0,TA,TA,Y,0,0,0,0,0,0,0,4,2008,WD,Partial,115000.0
109,50,RM,85.0,8500.0,Pave,Reg,Lvl,AllPub,Corner,Gtl,IDOTRR,Artery,Norm,1Fam,1.5Fin,5,7,1919,2005,Gable,CompShg,CemntBd,CmentBd,0.0,TA,TA,CBlock,TA,TA,No,Unf,0.0,Unf,0,793.0,793,GasW,TA,N,FuseF,997.0,520,0,1517.0,0,0,2,0,3,1,Fa,7,Typ,0,None,None,1893.5,None,0,0.0,None,None,N,0,0,0,0,0,0,0,8,2007,WD,Normal,115000.0
110,20,RL,105.0,11751.0,Pave,IR1,Lvl,AllPub,Inside,Gtl,NWAmes,Norm,Norm,1Fam,1Story,6,6,1977,1977,Hip,CompShg,Plywood,Plywood,410.625,TA,TA,CBlock,Gd,TA,No,BLQ,705.0,Unf,0,1139.0,1844,GasA,Ex,Y,SBrkr,1844.0,0,0,1844.0,0,0,2,0,3,1,TA,7,Typ,1,TA,Attchd,1977.0,RFn,2,546.0,TA,TA,Y,0,122,0,0,0,0,0,1,2010,COD,Normal,190000.0
111,50,RL,75.0,9525.0,Pave,Reg,Lvl,AllPub,Inside,Gtl,Edwards,Norm,Norm,1Fam,1.5Fin,6,4,1954,1972,Gable,CompShg,Wd Sdng,Wd Sdng,0.0,TA,TA,CBlock,TA,Fa,No,Rec,444.0,Unf,0,550.0,994,GasA,Gd,Y,SBrkr,1216.0,639,0,1855.0,0,0,2,0,4,1,TA,7,Typ,0,None,Attchd,1954.0,Unf,1,325.0,TA,TA,Y,182,0,0,0,0,0,0,10,2006,WD,Normal,136900.0
112,80,RL,65.0,7750.0,Pave,IR1,Lvl,AllPub,Inside,Gtl,Gilbert,Norm,Norm,1Fam,SLvl,7,5,2000,2000,Gable,CompShg,VinylSd,VinylSd,0.0,TA,TA,PConc,Gd,TA,No,GLQ,250.0,Unf,0,134.0,384,GasA,Ex,Y,SBrkr,774.0,656,0,1430.0,0,0,2,1,3,1,TA,7,Typ,1,TA,BuiltIn,2000.0,Fin,2,400.0,TA,TA,Y,180,0,0,0,0,0,0,4,2010,WD,Normal,180000.0
113,60,RL,77.0,9965.0,Pave,Reg,Lvl,AllPub,Inside,Gtl,CollgCr,Norm,Norm,1Fam,2Story,7,5,2007,2007,Gable,CompShg,VinylSd,VinylSd,220.0,Gd,TA,PConc,Ex,TA,Av,GLQ,984.0,Unf,0,280.0,1264,GasA,Ex,Y,SBrkr,1282.0,1414,0,2696.0,1,0,2,1,4,1,Ex,10,Typ,1,Gd,BuiltIn,2007.0,Fin,3,792.0,TA,TA,Y,120,170,0,0,0,0,0,10,2007,New,Partial,340037.5
114,20,RL,74.0,17673.5,Pave,Reg,Bnk,AllPub,Corner,Gtl,Crawfor,Norm,Norm,1Fam,1Story,6,5,1953,1953,Hip,CompShg,Wd Sdng,Wd Sdng,184.0,TA,Gd,CBlock,Gd,TA,Mn,ALQ,35.0,Rec,0,905.0,1809,GasA,TA,Y,SBrkr,2155.125,0,0,2259.0,1,0,2,0,3,1,Gd,7,Typ,2,Gd,Basment,1953.0,Unf,2,450.0,TA,TA,Y,166,120,0,0,0,0,0,10,2007,COD,Abnorml,217000.0
115,70,RL,61.0,7259.0,Pave,IR1,Lvl,AllPub,Inside,Mod,Crawfor,Norm,Norm,1Fam,2Story,6,8,1945,2002,Gambrel,CompShg,Wd Sdng,Wd Sdng,0.0,TA,TA,CBlock,TA,TA,No,ALQ,774.0,LwQ,0,104.0,1028,GasA,Ex,Y,SBrkr,1436.0,884,0,2320.0,1,0,2,1,3,1,Gd,9,Typ,1,TA,Detchd,1945.0,Unf,1,180.0,TA,TA,Y,224,0,0,0,0,0,0,7,2007,WD,Normal,259500.0
116,160,FV,34.0,3230.0,Pave,Reg,Lvl,AllPub,Corner,Gtl,Somerst,Norm,Norm,TwnhsE,2Story,6,5,1999,1999,Gable,CompShg,MetalSd,MetalSd,410.625,TA,TA,PConc,Gd,TA,No,GLQ,419.0,Unf,0,310.0,729,GasA,Gd,Y,SBrkr,729.0,729,0,1458.0,0,0,2,1,2,1,TA,5,Typ,1,Fa,Detchd,1999.0,Unf,2,440.0,TA,TA,Y,0,32,0,0,0,0,0,6,2007,WD,Normal,176000.0
117,20,RL,71.0,11616.0,Pave,Reg,Lvl,AllPub,Inside,Gtl,Sawyer,Norm,Norm,1Fam,1Story,5,5,1962,1962,Gable,CompShg,Wd Sdng,Wd Sdng,116.0,TA,TA,CBlock,TA,TA,No,LwQ,170.0,BLQ,0,252.0,1092,GasA,TA,Y,SBrkr,1092.0,0,0,1092.0,0,1,1,0,3,1,TA,6,Typ,1,Po,Attchd,1962.0,Unf,1,288.0,TA,TA,Y,0,20,0,0,0,0,0,9,2009,WD,Normal,139000.0
118,20,RL,74.0,8536.0,Pave,Reg,Lvl,AllPub,Corner,Gtl,Edwards,Norm,Norm,1Fam,1Story,5,5,2006,2007,Gable,CompShg,VinylSd,VinylSd,0.0,TA,TA,PConc,Gd,TA,No,Unf,0.0,Unf,0,1125.0,1125,GasA,Gd,Y,SBrkr,1125.0,0,0,1125.0,0,0,1,1,2,1,TA,5,Typ,0,None,Attchd,2007.0,Unf,2,430.0,TA,TA,Y,80,64,0,0,0,0,0,4,2007,New,Partial,155000.0
119,60,RL,90.0,12376.0,Pave,Reg,Lvl,AllPub,Corner,Gtl,SawyerW,Norm,Norm,1Fam,2Story,7,5,1990,1990,Hip,CompShg,Plywood,Plywood,0.0,TA,TA,PConc,Gd,TA,Mn,GLQ,1470.0,Unf,0,203.0,1673,GasA,Gd,Y,SBrkr,1699.0,1523,0,2747.625,1,0,3,0,5,1,Gd,11,Typ,2,TA,Attchd,1990.0,Unf,3,594.0,TA,TA,Y,367,0,0,0,0,0,0,5,2010,WD,Normal,320000.0
120,60,RL,65.0,8461.0,Pave,Reg,Lvl,AllPub,Inside,Gtl,CollgCr,Norm,Norm,1Fam,2Story,6,5,2005,2006,Gable,CompShg,VinylSd,VinylSd,0.0,Gd,TA,PConc,Gd,TA,No,Unf,0.0,Unf,0,728.0,728,GasA,Ex,Y,SBrkr,728.0,728,0,1456.0,0,0,2,1,3,1,Gd,8,Typ,1,Gd,Attchd,2005.0,Fin,2,390.0,TA,TA,Y,0,24,0,0,0,0,0,7,2006,New,Partial,163990.0
121,80,RL,80.0,17673.5,Pave,IR1,Low,AllPub,CulDSac,Sev,ClearCr,Norm,Norm,1Fam,SLvl,6,5,1969,1969,Flat,Metal,Plywood,Plywood,0.0,TA,TA,CBlock,TA,TA,Gd,ALQ,938.0,Unf,0,0.0,938,GasA,Ex,Y,SBrkr,988.0,0,0,988.0,1,0,1,0,1,1,TA,4,Typ,2,TA,Attchd,1969.0,Unf,2,540.0,TA,TA,Y,0,130,0,130,0,0,0,10,2006,WD,Normal,180000.0
122,50,RM,50.0,6060.0,Pave,Reg,Lvl,AllPub,Inside,Gtl,IDOTRR,Norm,Norm,1Fam,1.5Fin,4,5,1939,1950,Gable,CompShg,AsbShng,AsbShng,0.0,TA,TA,PConc,TA,TA,No,Unf,0.0,Unf,0,732.0,732,GasA,Gd,Y,SBrkr,772.0,351,0,1123.0,0,0,1,0,3,1,TA,4,Typ,0,None,Detchd,1979.0,Unf,1,264.0,TA,TA,P,0,0,0,0,0,0,0,6,2007,WD,Normal,100000.0
123,20,RL,75.0,9464.0,Pave,Reg,Lvl,AllPub,Corner,Gtl,NAmes,Norm,Norm,1Fam,1Story,6,7,1958,1958,Hip,CompShg,MetalSd,MetalSd,135.0,TA,Gd,CBlock,TA,TA,No,BLQ,570.0,Unf,0,510.0,1080,GasA,Gd,Y,SBrkr,1080.0,0,0,1080.0,0,0,1,0,3,1,TA,5,Typ,0,None,Attchd,1958.0,Unf,1,288.0,TA,TA,Y,0,0,0,0,0,0,0,6,2008,WD,Normal,136000.0
124,120,RL,55.0,7892.0,Pave,Reg,Lvl,AllPub,Inside,Gtl,SawyerW,Norm,Norm,TwnhsE,1Story,6,5,1993,1993,Gable,CompShg,Plywood,Plywood,0.0,Gd,TA,PConc,Gd,TA,No,GLQ,300.0,Unf,0,899.0,1199,GasA,Ex,Y,SBrkr,1199.0,0,0,1199.0,0,0,2,0,2,1,Gd,5,Typ,0,None,Attchd,1993.0,RFn,2,530.0,TA,TA,Y,0,63,0,0,0,0,0,3,2008,WD,Normal,153900.0
125,20,RL,48.0,17043.0,Pave,IR1,Lvl,AllPub,CulDSac,Gtl,NWAmes,Norm,Norm,1Fam,1Story,6,5,1979,1998,Gable,CompShg,HdBoard,HdBoard,0.0,TA,Gd,CBlock,Gd,Fa,No,Unf,0.0,Unf,0,1362.0,1362,GasA,TA,Y,SBrkr,1586.0,0,0,1586.0,0,0,2,0,3,1,TA,7,Typ,1,TA,Attchd,1979.0,Unf,2,435.0,TA,TA,Y,192,0,0,0,0,0,0,1,2009,WD,Normal,181000.0
126,190,RM,60.0,6780.0,Pave,Reg,Lvl,AllPub,Inside,Gtl,IDOTRR,Norm,Norm,2fmCon,1.5Fin,6,8,1935,1982,Gable,CompShg,Wd Sdng,Wd Sdng,0.0,TA,Fa,CBlock,TA,TA,Av,GLQ,490.0,Unf,0,30.0,520,GasA,Gd,N,SBrkr,520.0,0,234,754.0,1,0,1,0,2,1,TA,5,Typ,0,None,None,1893.5,None,0,0.0,None,None,N,53,0,0,0,0,0,0,6,2006,WD,Normal,84500.0
127,120,RL,30.0,4928.0,Pave,IR1,Lvl,AllPub,Inside,Gtl,NPkVill,Norm,Norm,TwnhsE,1Story,6,5,1976,1976,Gable,CompShg,Plywood,Plywood,0.0,TA,TA,CBlock,Gd,TA,No,ALQ,120.0,Unf,0,958.0,1078,GasA,TA,Y,SBrkr,958.0,0,0,958.0,0,0,2,0,2,1,TA,5,Typ,1,TA,Attchd,1977.0,RFn,2,440.0,TA,TA,Y,0,170,0,0,0,0,0,2,2007,WD,Normal,128000.0
128,45,RM,55.0,4388.0,Pave,IR1,Bnk,AllPub,Inside,Gtl,OldTown,Feedr,Norm,1Fam,1.5Unf,5,7,1930,1950,Gable,CompShg,WdShing,Wd Sdng,0.0,TA,Gd,BrkTil,TA,TA,No,LwQ,116.0,Unf,0,556.0,672,GasA,Ex,Y,SBrkr,840.0,0,0,840.0,0,0,1,0,3,1,TA,5,Typ,1,TA,None,1893.5,None,0,0.0,None,None,N,0,0,0,0,0,0,0,6,2007,WD,Normal,87000.0
129,60,RL,69.0,7590.0,Pave,Reg,Lvl,AllPub,Inside,Gtl,NAmes,PosN,Norm,1Fam,2Story,6,5,1966,1966,Gable,CompShg,VinylSd,VinylSd,266.0,TA,TA,CBlock,TA,TA,No,BLQ,512.0,Unf,0,148.0,660,GasA,TA,Y,SBrkr,660.0,688,0,1348.0,0,0,1,1,3,1,TA,6,Typ,1,Fa,Attchd,1966.0,RFn,2,453.0,TA,TA,Y,188,108,0,0,0,0,0,7,2006,WD,Normal,155000.0
130,20,RL,69.0,8973.0,Pave,Reg,Lvl,AllPub,Inside,Gtl,NAmes,Norm,Norm,1Fam,1Story,5,7,1958,1991,Gable,CompShg,Plywood,Plywood,85.0,TA,TA,CBlock,TA,TA,No,Rec,567.0,BLQ,0,413.0,1008,GasA,TA,Y,FuseA,1053.0,0,0,1053.0,0,1,1,1,3,1,Ex,6,Typ,0,None,2Types,1998.0,RFn,2,750.0,TA,TA,Y,0,80,0,180,0,0,0,7,2006,WD,Abnorml,150000.0
131,60,RL,88.0,14200.0,Pave,Reg,Lvl,AllPub,Corner,Gtl,NAmes,Norm,Norm,1Fam,2Story,7,6,1966,1966,Gable,CompShg,MetalSd,MetalSd,309.0,TA,TA,CBlock,TA,TA,No,Rec,445.0,Unf,0,479.0,924,GasA,Ex,Y,SBrkr,1216.0,941,0,2157.0,0,0,2,1,4,1,Gd,8,Typ,2,Gd,Attchd,1966.0,Fin,2,487.0,TA,TA,Y,105,66,0,0,0,0,0,5,2006,WD,Normal,226000.0
132,60,RL,65.0,12224.0,Pave,IR1,Lvl,AllPub,Corner,Gtl,Gilbert,Norm,Norm,1Fam,2Story,6,5,2000,2000,Gable,CompShg,VinylSd,VinylSd,40.0,Gd,TA,PConc,Gd,TA,No,GLQ,695.0,Unf,0,297.0,992,GasA,Ex,Y,SBrkr,1022.0,1032,0,2054.0,1,0,2,1,3,1,Gd,7,Typ,1,TA,BuiltIn,2000.0,RFn,2,390.0,TA,TA,Y,24,48,0,0,0,0,0,7,2009,WD,Normal,244000.0
133,20,RL,75.0,7388.0,Pave,Reg,Lvl,AllPub,Corner,Gtl,NAmes,Norm,Norm,1Fam,1Story,5,6,1959,2002,Gable,CompShg,MetalSd,MetalSd,0.0,TA,TA,CBlock,TA,TA,No,Rec,405.0,Unf,0,658.0,1063,GasA,Gd,Y,SBrkr,1327.0,0,0,1327.0,1,0,1,0,3,1,Gd,7,Typ,0,None,Detchd,1974.0,Unf,2,624.0,TA,TA,Y,0,0,0,0,0,0,0,7,2007,WD,Normal,150750.0
134,20,RL,85.0,6853.0,Pave,IR1,Lvl,AllPub,Inside,Gtl,Timber,Norm,Norm,1Fam,1Story,8,5,2001,2002,Gable,CompShg,VinylSd,VinylSd,136.0,Gd,TA,PConc,Ex,TA,No,GLQ,1005.0,Unf,0,262.0,1267,GasA,Ex,Y,SBrkr,1296.0,0,0,1296.0,1,0,2,0,2,1,Gd,6,Typ,0,None,Attchd,2001.0,Fin,2,471.0,TA,TA,Y,192,25,0,0,0,0,0,6,2009,WD,Normal,220000.0
135,20,RL,78.0,10335.0,Pave,IR1,Lvl,AllPub,Inside,Gtl,Sawyer,Norm,Norm,1Fam,1Story,5,6,1968,1993,Gable,CompShg,Plywood,Plywood,0.0,TA,TA,CBlock,TA,TA,No,Rec,570.0,Unf,0,891.0,1461,GasA,Gd,Y,SBrkr,1721.0,0,0,1721.0,0,0,2,1,3,1,TA,7,Min1,1,TA,Attchd,1968.0,RFn,2,440.0,TA,TA,Y,0,96,0,0,0,0,0,7,2006,WD,Normal,180000.0
136,20,RL,80.0,10400.0,Pave,Reg,Lvl,AllPub,Inside,Gtl,NWAmes,Norm,Norm,1Fam,1Story,7,6,1970,1970,Hip,CompShg,Plywood,Plywood,288.0,TA,TA,PConc,TA,TA,No,Unf,0.0,Unf,0,1304.0,1304,GasA,Gd,Y,SBrkr,1682.0,0,0,1682.0,0,0,2,0,3,1,TA,7,Typ,1,Gd,Attchd,1970.0,Unf,2,530.0,TA,TA,Y,98,0,0,0,0,0,0,5,2008,WD,Normal,174000.0
137,20,RL,73.0,10355.0,Pave,IR1,Lvl,AllPub,Corner,Gtl,NAmes,Norm,Norm,1Fam,1Story,5,5,1967,1967,Gable,CompShg,MetalSd,MetalSd,196.0,TA,TA,CBlock,TA,TA,No,BLQ,695.0,Unf,0,519.0,1214,GasA,TA,Y,SBrkr,1214.0,0,0,1214.0,0,0,2,0,3,1,TA,5,Typ,1,Fa,Attchd,1967.0,RFn,1,318.0,TA,TA,Y,0,111,0,0,0,0,0,7,2007,WD,Normal,143000.0
138,90,RL,82.0,11070.0,Pave,Reg,Lvl,AllPub,Inside,Gtl,Mitchel,Norm,Norm,Duplex,1Story,7,5,1988,1989,Gable,CompShg,VinylSd,VinylSd,70.0,TA,TA,CBlock,TA,TA,No,Unf,0.0,Unf,0,1685.5,1907,GasA,Gd,Y,SBrkr,1959.0,0,0,1959.0,0,0,3,0,5,2,TA,9,Typ,0,None,2Types,1989.0,Unf,3,766.0,TA,TA,Y,0,0,0,0,0,0,0,7,2006,WD,Family,171000.0
139,60,RL,73.0,9066.0,Pave,IR1,Lvl,AllPub,Inside,Gtl,CollgCr,Norm,Norm,1Fam,2Story,8,5,1999,2000,Gable,CompShg,VinylSd,VinylSd,320.0,Gd,TA,PConc,Gd,TA,Mn,GLQ,668.0,Unf,0,336.0,1004,GasA,Ex,Y,SBrkr,1004.0,848,0,1852.0,0,0,2,1,3,1,Gd,7,Typ,2,TA,Attchd,1999.0,Fin,3,660.0,TA,TA,Y,224,106,0,0,0,0,0,12,2008,WD,Normal,230000.0
140,60,RL,65.0,15426.0,Pave,IR1,Lvl,AllPub,Inside,Gtl,CollgCr,Norm,Norm,1Fam,2Story,6,5,1997,1997,Gable,CompShg,VinylSd,VinylSd,0.0,TA,TA,PConc,Gd,TA,No,GLQ,821.0,Unf,0,107.0,928,GasA,Ex,Y,SBrkr,928.0,836,0,1764.0,1,0,2,1,3,1,Gd,7,Typ,0,None,Attchd,1997.0,RFn,2,470.0,TA,TA,Y,276,99,0,0,0,0,0,8,2009,WD,Normal,231500.0
141,20,RL,70.0,10500.0,Pave,Reg,Lvl,AllPub,FR2,Gtl,NAmes,Norm,Norm,1Fam,1Story,4,5,1971,1971,Gable,CompShg,HdBoard,HdBoard,0.0,TA,TA,CBlock,TA,TA,No,ALQ,432.0,Unf,0,432.0,864,GasA,TA,Y,SBrkr,864.0,0,0,864.0,0,0,1,0,3,1,TA,5,Typ,1,Po,None,1893.5,None,0,0.0,None,None,Y,0,0,0,0,0,0,0,4,2010,ConLI,Normal,115000.0
142,20,RL,78.0,11645.0,Pave,Reg,Lvl,AllPub,Inside,Gtl,CollgCr,Norm,Norm,1Fam,1Story,7,5,2005,2005,Gable,CompShg,VinylSd,VinylSd,0.0,Gd,TA,PConc,Gd,TA,Av,GLQ,1300.0,Unf,0,434.0,1734,GasA,Ex,Y,SBrkr,1734.0,0,0,1734.0,1,0,2,0,3,1,Gd,7,Typ,0,None,Attchd,2005.0,Fin,2,660.0,TA,TA,Y,160,24,0,0,0,0,0,1,2006,WD,Normal,260000.0
143,50,RL,71.0,8520.0,Pave,Reg,Lvl,AllPub,Corner,Gtl,NAmes,Artery,Norm,1Fam,1.5Fin,5,4,1952,1952,Gable,CompShg,BrkFace,Wd Sdng,0.0,TA,Fa,CBlock,TA,TA,No,Rec,507.0,Unf,0,403.0,910,GasA,Fa,Y,SBrkr,910.0,475,0,1385.0,0,0,2,0,4,1,TA,6,Typ,0,None,Detchd,2000.0,Unf,2,720.0,TA,TA,Y,0,0,0,0,0,0,0,6,2010,WD,Normal,166000.0
144,20,RL,78.0,10335.0,Pave,IR1,Lvl,AllPub,Inside,Gtl,CollgCr,Norm,Norm,1Fam,1Story,7,5,1999,1999,Gable,CompShg,VinylSd,VinylSd,183.0,Gd,TA,PConc,Gd,TA,Gd,GLQ,679.0,Unf,0,811.0,1490,GasA,Ex,Y,SBrkr,1501.0,0,0,1501.0,1,0,2,0,3,1,Gd,6,Typ,0,None,Attchd,1999.0,RFn,2,577.0,TA,TA,Y,144,29,0,0,0,0,0,6,2009,WD,Normal,204000.0
145,90,RM,70.0,9100.0,Pave,Reg,Lvl,AllPub,Inside,Gtl,Sawyer,RRAe,Norm,Duplex,1Story,5,5,1963,1963,Gable,CompShg,HdBoard,HdBoard,336.0,TA,TA,CBlock,TA,TA,No,Rec,1332.0,Unf,0,396.0,1728,GasA,TA,Y,SBrkr,1728.0,0,0,1728.0,1,0,2,0,6,2,TA,10,Typ,0,None,Detchd,1963.0,Unf,2,504.0,TA,TA,Y,0,0,0,0,0,0,0,11,2006,ConLI,Abnorml,125000.0
146,160,RM,30.0,2522.0,Pave,Reg,Lvl,AllPub,Inside,Gtl,Edwards,Norm,Norm,Twnhs,2Story,6,5,2004,2006,Gable,CompShg,VinylSd,VinylSd,50.0,Gd,TA,PConc,Gd,TA,No,Unf,0.0,Unf,0,970.0,970,GasA,Ex,Y,SBrkr,970.0,739,0,1709.0,0,0,2,0,3,1,Gd,7,Maj1,0,None,Detchd,2004.0,Unf,2,380.0,TA,TA,Y,0,40,0,0,0,0,0,4,2006,WD,Normal,130000.0
147,30,RM,51.0,6120.0,Pave,Reg,Lvl,AllPub,Corner,Gtl,BrkSide,Norm,Norm,1Fam,1Story,5,7,1931,1993,Gable,CompShg,Wd Sdng,Wd Sdng,0.0,TA,TA,BrkTil,TA,TA,No,BLQ,209.0,Unf,0,506.0,715,GasA,TA,Y,FuseA,875.0,0,0,875.0,1,0,1,0,2,1,TA,5,Typ,0,None,Detchd,1931.0,Unf,1,180.0,Fa,TA,Y,48,0,0,0,0,0,0,11,2009,WD,Normal,105000.0
148,60,RL,65.0,9505.0,Pave,IR1,Lvl,AllPub,CulDSac,Gtl,Gilbert,Norm,Norm,1Fam,2Story,7,5,2001,2001,Gable,CompShg,VinylSd,VinylSd,180.0,Gd,TA,PConc,Gd,TA,No,Unf,0.0,Unf,0,884.0,884,GasA,Ex,Y,SBrkr,884.0,1151,0,2035.0,0,0,2,1,3,1,Gd,8,Typ,1,Gd,BuiltIn,2001.0,Fin,2,434.0,TA,TA,Y,144,48,0,0,0,0,0,5,2010,WD,Normal,222500.0
149,20,RL,63.0,7500.0,Pave,Reg,Lvl,AllPub,Inside,Gtl,SawyerW,Norm,Norm,1Fam,1Story,7,5,2004,2005,Gable,CompShg,VinylSd,VinylSd,120.0,TA,TA,PConc,Gd,TA,No,GLQ,680.0,Unf,0,400.0,1080,GasA,Ex,Y,SBrkr,1080.0,0,0,1080.0,1,0,1,0,3,1,Gd,6,Typ,0,None,None,1893.5,None,0,0.0,None,None,Y,0,0,0,0,0,0,0,4,2008,WD,Normal,141000.0
150,50,RM,52.0,6240.0,Pave,Reg,Lvl,AllPub,Inside,Gtl,BrkSide,Norm,Norm,1Fam,1.5Fin,5,4,1936,1950,Gable,CompShg,MetalSd,MetalSd,0.0,TA,TA,BrkTil,Gd,TA,No,Unf,0.0,Unf,0,896.0,896,GasA,Gd,Y,FuseA,896.0,448,0,1344.0,0,0,1,0,3,1,TA,7,Typ,0,None,Detchd,1936.0,Unf,1,240.0,Fa,TA,Y,200,114,0,0,0,0,0,4,2006,WD,Normal,115000.0
151,20,RL,110.0,10356.0,Pave,Reg,Lvl,AllPub,Corner,Gtl,CollgCr,Norm,Norm,1Fam,1Story,5,6,1975,1975,Gable,CompShg,HdBoard,HdBoard,0.0,TA,TA,CBlock,TA,TA,Av,BLQ,716.0,Unf,0,253.0,969,GasA,TA,Y,SBrkr,969.0,0,0,969.0,0,0,1,1,3,1,TA,5,Typ,0,None,Attchd,1975.0,Unf,2,440.0,TA,TA,Y,0,0,0,0,0,0,0,1,2007,WD,Normal,122000.0
152,20,RL,107.0,13891.0,Pave,Reg,Lvl,AllPub,Inside,Gtl,NridgHt,Norm,Norm,1Fam,1Story,8,5,2007,2008,Hip,CompShg,VinylSd,VinylSd,410.625,Gd,TA,PConc,Ex,TA,Gd,GLQ,1400.0,Unf,0,310.0,1710,GasA,Ex,Y,SBrkr,1710.0,0,0,1710.0,1,0,2,0,2,1,Gd,6,Typ,1,Gd,Attchd,2007.0,RFn,3,866.0,TA,TA,Y,0,102,0,0,0,0,0,1,2008,New,Partial,340037.5
153,60,RL,80.0,14803.0,Pave,IR1,Lvl,AllPub,CulDSac,Gtl,NWAmes,Norm,Norm,1Fam,2Story,6,5,1971,1971,Gable,CompShg,HdBoard,HdBoard,252.0,TA,TA,CBlock,TA,TA,No,Rec,416.0,Unf,0,409.0,825,GasA,Gd,Y,SBrkr,1097.0,896,0,1993.0,0,0,2,1,4,1,TA,8,Typ,1,Gd,Attchd,1971.0,RFn,2,495.0,TA,TA,Y,0,66,0,0,0,0,0,6,2006,WD,Normal,190000.0
154,20,RL,80.0,13500.0,Pave,Reg,Lvl,AllPub,Inside,Gtl,ClearCr,Norm,Norm,1Fam,1Story,6,7,1960,1975,Flat,CompShg,BrkFace,Plywood,0.0,TA,TA,CBlock,Gd,TA,Gd,BLQ,429.0,ALQ,0,93.0,1602,GasA,Gd,Y,SBrkr,1252.0,0,0,1252.0,1,0,1,0,1,1,TA,4,Typ,1,Gd,Attchd,1960.0,RFn,2,564.0,TA,TA,Y,409,0,0,0,0,0,0,3,2008,WD,Normal,235000.0
155,30,RM,84.0,11340.0,Pave,Reg,Lvl,AllPub,Corner,Gtl,OldTown,Norm,Norm,1Fam,1Story,6,5,1923,1950,Gable,CompShg,Wd Sdng,Wd Sdng,0.0,TA,TA,BrkTil,TA,TA,No,Unf,0.0,Unf,0,1200.0,1200,GasA,TA,Y,FuseA,1200.0,0,0,1200.0,0,0,1,0,4,1,TA,7,Typ,0,None,Detchd,1923.0,Unf,1,312.0,Fa,Fa,Y,0,0,0,0,0,0,0,3,2006,WD,Family,125000.0
156,50,RL,60.0,9600.0,Pave,Reg,Lvl,AllPub,Corner,Gtl,Edwards,Artery,Norm,1Fam,1.5Fin,6,5,1924,1950,Gable,CompShg,Wd Sdng,Wd Sdng,0.0,TA,TA,BrkTil,TA,TA,No,Unf,0.0,Unf,0,572.0,572,Grav,Fa,N,FuseF,572.0,524,0,1096.0,0,0,1,0,2,1,TA,5,Typ,0,None,None,1893.5,None,0,0.0,None,None,N,0,8,0,0,0,0,0,4,2008,WD,Normal,79000.0
157,20,RL,60.0,7200.0,Pave,Reg,Lvl,AllPub,Inside,Gtl,NAmes,Norm,Norm,1Fam,1Story,5,7,1950,1950,Hip,CompShg,Wd Sdng,Wd Sdng,0.0,TA,TA,CBlock,None,None,None,None,0.0,None,0,0.0,42,GasA,TA,Y,FuseF,1040.0,0,0,1040.0,0,0,1,0,2,1,TA,5,Typ,0,None,Detchd,1950.0,Unf,2,625.0,TA,TA,Y,0,0,0,0,0,0,0,6,2006,WD,Normal,109500.0
158,60,RL,92.0,12003.0,Pave,Reg,Lvl,AllPub,Corner,Gtl,Timber,Norm,Norm,1Fam,2Story,8,5,2009,2010,Gable,CompShg,VinylSd,VinylSd,84.0,Gd,TA,PConc,Ex,TA,No,Unf,0.0,Unf,0,774.0,774,GasA,Ex,Y,SBrkr,774.0,1194,0,1968.0,0,0,2,1,4,1,Ex,8,Typ,1,Gd,BuiltIn,2009.0,Fin,3,680.0,TA,TA,Y,0,75,0,0,0,0,0,5,2010,New,Partial,269500.0
159,60,FV,100.0,12552.0,Pave,Reg,Lvl,AllPub,Corner,Gtl,Somerst,Norm,Norm,1Fam,2Story,7,5,2004,2005,Gable,CompShg,VinylSd,VinylSd,0.0,Gd,TA,PConc,Gd,TA,No,GLQ,222.0,Unf,0,769.0,991,GasA,Ex,Y,SBrkr,991.0,956,0,1947.0,0,0,2,1,3,1,Gd,8,Typ,1,Gd,Attchd,2004.0,RFn,2,678.0,TA,TA,Y,0,136,0,0,0,0,0,5,2010,WD,Normal,254900.0
160,60,RL,110.0,17673.5,Pave,IR1,HLS,AllPub,Corner,Gtl,Gilbert,Norm,Norm,1Fam,2Story,7,5,2005,2006,Gable,CompShg,VinylSd,VinylSd,410.625,Gd,TA,PConc,Gd,TA,Mn,GLQ,57.0,Unf,0,1335.0,1392,GasA,Ex,Y,SBrkr,1392.0,1070,0,2462.0,1,0,2,1,4,1,Gd,9,Typ,1,Gd,Attchd,2006.0,RFn,2,576.0,TA,TA,Y,239,132,0,168,0,0,0,3,2006,New,Partial,320000.0
161,20,RL,68.0,11120.0,Pave,IR1,Lvl,AllPub,CulDSac,Gtl,Veenker,Norm,Norm,1Fam,1Story,6,6,1984,1984,Gable,CompShg,Plywood,Plywood,0.0,TA,TA,PConc,Gd,TA,No,BLQ,660.0,Unf,0,572.0,1232,GasA,TA,Y,SBrkr,1232.0,0,0,1232.0,0,0,2,0,3,1,TA,6,Typ,0,None,Attchd,1984.0,Unf,2,516.0,TA,TA,Y,0,0,0,0,0,0,0,6,2008,WD,Normal,162500.0
162,60,RL,110.0,13688.0,Pave,IR1,Lvl,AllPub,Inside,Gtl,NridgHt,Norm,Norm,1Fam,2Story,9,5,2003,2004,Gable,CompShg,VinylSd,VinylSd,410.625,Gd,TA,PConc,Ex,TA,Av,GLQ,1016.0,Unf,0,556.0,1572,GasA,Ex,Y,SBrkr,1572.0,1096,0,2668.0,1,0,2,1,3,1,Ex,10,Typ,2,Gd,BuiltIn,2003.0,Fin,3,726.0,TA,TA,Y,400,0,0,0,0,0,0,3,2008,WD,Normal,340037.5
163,20,RL,95.0,12182.0,Pave,Reg,Lvl,AllPub,Corner,Gtl,NridgHt,Norm,Norm,1Fam,1Story,7,5,2005,2005,Gable,CompShg,VinylSd,VinylSd,226.0,Gd,TA,PConc,Gd,TA,Mn,BLQ,1201.0,Unf,0,340.0,1541,GasA,Ex,Y,SBrkr,1541.0,0,0,1541.0,0,0,2,0,3,1,Gd,7,Typ,1,Gd,Attchd,2005.0,RFn,2,532.0,TA,TA,Y,0,70,0,0,0,0,0,5,2010,New,Partial,220000.0
164,45,RL,55.0,5500.0,Pave,Reg,Lvl,AllPub,Inside,Gtl,OldTown,Norm,Norm,1Fam,1.5Unf,4,6,1956,1956,Gable,CompShg,MetalSd,MetalSd,0.0,TA,TA,CBlock,TA,TA,No,Unf,0.0,Unf,0,882.0,882,GasA,Ex,Y,SBrkr,882.0,0,0,882.0,0,0,1,0,1,1,TA,4,Typ,0,None,None,1893.5,None,0,0.0,None,None,Y,0,0,0,0,0,0,0,4,2007,WD,Normal,103200.0
165,40,RM,40.0,5400.0,Pave,Reg,Lvl,AllPub,Corner,Gtl,OldTown,Norm,Norm,1Fam,1Story,6,7,1926,2004,Gable,CompShg,MetalSd,MetalSd,0.0,TA,Gd,BrkTil,TA,TA,Mn,LwQ,370.0,Unf,0,779.0,1149,GasA,Gd,Y,FuseA,1149.0,467,0,1616.0,0,0,2,0,3,1,Gd,5,Typ,0,None,Detchd,1926.0,Unf,1,216.0,TA,TA,Y,0,0,0,0,0,0,0,10,2007,WD,Normal,152000.0
166,190,RL,62.0,10106.0,Pave,Reg,Lvl,AllPub,Inside,Gtl,Edwards,Norm,Norm,2fmCon,1.5Fin,5,7,1940,1999,Gable,CompShg,Wd Sdng,Wd Sdng,0.0,TA,Gd,BrkTil,TA,TA,No,ALQ,351.0,Rec,0,112.0,644,GasA,Gd,Y,SBrkr,808.0,547,0,1355.0,1,0,2,0,4,2,TA,6,Typ,0,None,None,1893.5,None,0,0.0,None,None,Y,140,0,0,0,0,0,0,9,2008,WD,Normal,127500.0
167,20,RL,80.0,10708.0,Pave,IR1,Lvl,AllPub,Inside,Gtl,ClearCr,Norm,Norm,1Fam,1Story,5,5,1955,1993,Hip,CompShg,Wd Sdng,Wd Sdng,0.0,Gd,TA,CBlock,TA,TA,No,LwQ,379.0,BLQ,0,470.0,1617,GasA,Ex,Y,FuseA,1867.0,0,0,1867.0,1,0,1,0,2,1,TA,7,Typ,3,Gd,Attchd,1955.0,Fin,1,303.0,TA,TA,Y,420,0,0,0,0,0,0,11,2009,COD,Normal,190000.0
168,60,RL,86.0,10562.0,Pave,Reg,Lvl,AllPub,Inside,Gtl,NridgHt,Norm,Norm,1Fam,2Story,8,5,2007,2007,Gable,CompShg,VinylSd,VinylSd,300.0,Gd,TA,PConc,Ex,TA,No,GLQ,1288.0,Unf,0,294.0,1582,GasA,Ex,Y,SBrkr,1610.0,551,0,2161.0,1,0,1,1,3,1,Ex,8,Typ,1,Gd,Attchd,2007.0,Fin,3,789.0,TA,TA,Y,178,120,0,0,0,0,0,11,2007,New,Partial,325624.0
169,60,RL,62.0,8244.0,Pave,IR1,Lvl,AllPub,Inside,Gtl,Gilbert,Norm,Norm,1Fam,2Story,7,5,2004,2004,Gable,CompShg,VinylSd,VinylSd,0.0,Gd,TA,PConc,Gd,TA,No,Unf,0.0,Unf,0,840.0,840,GasA,Ex,Y,SBrkr,840.0,880,0,1720.0,0,0,2,1,3,1,Gd,7,Typ,1,Gd,Attchd,2004.0,Fin,2,440.0,TA,TA,Y,100,48,0,0,0,0,0,5,2007,WD,Normal,183500.0
170,20,RL,85.0,16669.0,Pave,IR1,Lvl,AllPub,Corner,Gtl,Timber,Norm,Norm,1Fam,1Story,8,6,1981,1981,Hip,WdShake,Plywood,Plywood,410.625,Gd,TA,CBlock,Gd,TA,No,Unf,0.0,Unf,0,1685.5,1686,GasA,TA,Y,SBrkr,1707.0,0,0,1707.0,0,0,2,1,2,1,TA,6,Typ,1,TA,Attchd,1981.0,RFn,2,511.0,TA,TA,Y,420,64,0,0,0,0,0,1,2006,WD,Normal,228000.0
171,50,RM,60.0,12358.0,Pave,IR1,Lvl,AllPub,Inside,Gtl,OldTown,Feedr,Norm,1Fam,1.5Fin,5,6,1941,1950,Gable,CompShg,MetalSd,MetalSd,0.0,TA,TA,CBlock,TA,TA,No,Rec,360.0,Unf,0,360.0,720,GasA,TA,Y,SBrkr,854.0,0,528,1382.0,0,0,1,1,2,1,TA,7,Typ,0,None,Detchd,1991.0,Unf,2,660.0,TA,TA,Y,237,0,0,0,0,0,0,5,2007,WD,Normal,128500.0
172,20,RL,110.0,17673.5,Pave,IR1,Lvl,AllPub,Corner,Gtl,NAmes,Norm,Norm,1Fam,1Story,6,5,1960,1960,Hip,CompShg,BrkFace,Plywood,112.0,TA,TA,CBlock,TA,Gd,Gd,BLQ,639.0,Unf,0,441.0,1080,GasA,Fa,Y,SBrkr,1656.0,0,0,1656.0,1,0,1,0,3,1,TA,7,Typ,2,Gd,Attchd,1960.0,Fin,2,528.0,TA,TA,P,210,62,0,0,0,0,0,5,2010,WD,Normal,215000.0
173,160,RL,44.0,5306.0,Pave,IR1,Lvl,AllPub,Inside,Gtl,StoneBr,Norm,Norm,TwnhsE,2Story,7,7,1987,1987,Gable,CompShg,HdBoard,HdBoard,0.0,Gd,Gd,PConc,Gd,Gd,No,GLQ,495.0,Rec,0,354.0,1064,GasA,Gd,Y,SBrkr,1064.0,703,0,1767.0,1,0,2,0,2,1,Gd,5,Typ,1,TA,Attchd,1987.0,RFn,2,504.0,Gd,TA,Y,420,35,0,0,0,0,0,6,2006,WD,Normal,239000.0
174,20,RL,80.0,10197.0,Pave,IR1,Lvl,AllPub,Inside,Gtl,NAmes,Norm,Norm,1Fam,1Story,6,5,1961,1961,Gable,CompShg,WdShing,Wd Shng,410.625,TA,TA,CBlock,TA,TA,No,ALQ,288.0,Rec,0,700.0,1362,GasA,TA,Y,SBrkr,1362.0,0,0,1362.0,1,0,1,1,3,1,TA,6,Typ,1,TA,Attchd,1961.0,Unf,2,504.0,TA,TA,Y,0,20,0,0,0,0,0,6,2008,COD,Normal,163000.0
175,20,RL,47.0,12416.0,Pave,IR1,Lvl,AllPub,Inside,Gtl,Timber,Norm,Norm,1Fam,1Story,6,5,1986,1986,Gable,CompShg,VinylSd,Plywood,132.0,TA,TA,CBlock,Gd,Fa,No,ALQ,1398.0,LwQ,0,0.0,1606,GasA,TA,Y,SBrkr,1651.0,0,0,1651.0,1,0,2,0,3,1,TA,7,Min2,1,TA,Attchd,1986.0,Fin,2,616.0,TA,TA,Y,192,0,0,0,0,0,0,11,2008,WD,Normal,184000.0
176,20,RL,84.0,12615.0,Pave,Reg,Lvl,AllPub,Corner,Gtl,Edwards,Norm,Norm,1Fam,1Story,6,7,1950,2001,Gable,CompShg,WdShing,Wd Shng,0.0,TA,TA,CBlock,TA,Gd,Av,ALQ,477.0,Unf,0,725.0,1202,GasA,TA,Y,SBrkr,2155.125,0,0,2158.0,1,0,2,0,4,1,Gd,7,Typ,1,Gd,Attchd,1950.0,Unf,2,576.0,TA,TA,Y,0,29,0,0,0,0,0,6,2007,WD,Normal,243000.0
177,60,RL,97.0,10029.0,Pave,IR1,Lvl,AllPub,Corner,Gtl,ClearCr,Norm,Norm,1Fam,2Story,6,5,1988,1989,Gable,CompShg,Plywood,Plywood,268.0,Gd,TA,PConc,Gd,TA,No,GLQ,831.0,Unf,0,320.0,1151,GasA,TA,Y,SBrkr,1164.0,896,0,2060.0,0,1,2,1,4,1,TA,8,Typ,1,TA,Attchd,1988.0,Unf,2,521.0,TA,TA,Y,0,170,0,0,0,0,0,9,2007,WD,Normal,211000.0
178,50,RL,71.0,13650.0,Pave,Reg,Lvl,AllPub,Inside,Gtl,Sawyer,Norm,Norm,1Fam,1.5Fin,5,5,1958,1958,Gable,CompShg,MetalSd,MetalSd,0.0,Gd,Gd,CBlock,TA,TA,No,ALQ,57.0,BLQ,0,554.0,1052,GasA,Ex,Y,SBrkr,1252.0,668,0,1920.0,1,0,2,0,4,1,Gd,8,Typ,1,Gd,Attchd,1958.0,Unf,2,451.0,TA,TA,Y,0,0,0,0,0,0,0,7,2006,WD,Normal,172500.0
179,20,RL,63.0,17423.0,Pave,IR1,Lvl,AllPub,CulDSac,Gtl,StoneBr,Norm,Norm,1Fam,1Story,9,5,2008,2009,Hip,CompShg,VinylSd,VinylSd,410.625,Ex,TA,PConc,Ex,TA,No,GLQ,1780.625,Unf,0,312.0,2052,GasA,Ex,Y,SBrkr,2155.125,0,0,2234.0,1,0,2,0,1,1,Ex,9,Typ,1,Gd,Attchd,2009.0,Fin,3,938.25,TA,TA,Y,0,60,0,0,0,0,0,7,2009,New,Partial,340037.5
180,30,RM,60.0,8520.0,Pave,Reg,Lvl,AllPub,Inside,Gtl,OldTown,Norm,Norm,1Fam,1Story,5,6,1923,2006,Gable,CompShg,Wd Sdng,Wd Sdng,0.0,Gd,TA,CBlock,TA,TA,No,Unf,0.0,Unf,0,968.0,968,GasA,TA,Y,SBrkr,968.0,0,0,968.0,0,0,1,0,2,1,TA,5,Typ,0,None,Detchd,1935.0,Unf,2,480.0,Fa,TA,N,0,0,0,0,0,0,0,7,2007,WD,Normal,100000.0
181,160,FV,73.5,2117.0,Pave,Reg,Lvl,AllPub,Inside,Gtl,Somerst,Norm,Norm,Twnhs,2Story,6,5,2000,2000,Gable,CompShg,MetalSd,MetalSd,410.625,Gd,TA,PConc,Gd,TA,No,GLQ,436.0,Unf,0,320.0,756,GasA,Ex,Y,SBrkr,769.0,756,0,1525.0,0,0,2,1,3,1,Gd,5,Typ,1,TA,Detchd,2000.0,Unf,2,440.0,TA,TA,Y,0,0,0,0,0,0,0,6,2007,WD,Normal,177000.0
182,70,RL,54.0,7588.0,Pave,Reg,Lvl,AllPub,Inside,Gtl,Crawfor,Norm,Norm,1Fam,2Story,7,6,1920,1950,Gable,CompShg,Stucco,Stucco,0.0,TA,TA,BrkTil,Fa,TA,No,LwQ,352.0,Unf,0,441.0,793,GasA,Gd,Y,SBrkr,901.0,901,0,1802.0,0,0,1,1,4,1,TA,9,Typ,1,Gd,Detchd,1920.0,Unf,1,216.0,Fa,TA,Y,0,0,0,0,0,0,0,7,2006,WD,Normal,200100.0
183,20,RL,60.0,9060.0,Pave,Reg,Lvl,AllPub,Inside,Gtl,Edwards,Artery,Norm,1Fam,1Story,5,6,1957,2006,Hip,CompShg,Wd Sdng,Wd Sdng,98.0,TA,TA,PConc,None,None,None,None,0.0,None,0,0.0,42,GasA,Ex,Y,SBrkr,1340.0,0,0,1340.0,0,0,1,0,3,1,TA,7,Typ,1,Gd,Attchd,1957.0,RFn,1,252.0,TA,TA,Y,116,0,0,180,0,0,0,6,2007,WD,Normal,120000.0
184,50,RM,63.0,11426.0,Pave,Reg,Lvl,AllPub,Inside,Gtl,OldTown,Norm,Norm,1Fam,1.5Fin,7,5,2003,2003,Gable,CompShg,VinylSd,VinylSd,0.0,TA,TA,PConc,Gd,TA,No,Unf,0.0,Unf,0,1362.0,1362,GasA,Ex,Y,SBrkr,1362.0,720,0,2082.0,0,0,2,1,3,1,Gd,6,Mod,0,None,Detchd,2003.0,Unf,2,484.0,TA,TA,N,280,170,0,0,0,0,0,6,2008,WD,Normal,200000.0
185,50,RL,92.0,7438.0,Pave,IR1,Lvl,AllPub,Inside,Gtl,BrkSide,RRAn,Feedr,1Fam,1.5Fin,5,8,1908,1991,Gable,CompShg,AsbShng,Plywood,0.0,TA,TA,PConc,Fa,TA,No,Unf,0.0,Unf,0,504.0,504,GasA,Gd,Y,SBrkr,936.0,316,0,1252.0,0,0,1,0,3,1,TA,5,Typ,0,None,Attchd,1986.0,Unf,2,576.0,TA,TA,Y,104,0,0,0,0,0,0,6,2006,WD,Normal,127000.0
186,75,RM,90.0,17673.5,Pave,IR2,Lvl,AllPub,Inside,Gtl,OldTown,Artery,Norm,1Fam,2.5Fin,10,9,1892,1993,Gable,WdShngl,Wd Sdng,Wd Sdng,0.0,Gd,Gd,BrkTil,TA,TA,Mn,Unf,0.0,Unf,0,1107.0,1107,GasA,Ex,Y,SBrkr,1518.0,1518,572,2747.625,0,0,2,1,4,1,Ex,12,Typ,2,TA,Detchd,1993.0,Unf,3,840.0,Ex,TA,Y,0,170,0,0,0,0,0,6,2006,WD,Normal,340037.5
187,80,RL,73.0,9947.0,Pave,IR1,Lvl,AllPub,CulDSac,Gtl,Mitchel,Norm,Norm,1Fam,SLvl,7,5,1990,1991,Gable,CompShg,HdBoard,HdBoard,0.0,TA,TA,PConc,Gd,TA,Av,GLQ,611.0,Unf,0,577.0,1188,GasA,Ex,Y,SBrkr,1217.0,0,0,1217.0,1,0,2,0,3,1,Gd,6,Typ,0,None,Attchd,1990.0,Unf,2,497.0,TA,TA,Y,168,27,0,0,0,0,0,6,2009,WD,Normal,173000.0
188,50,RL,60.0,10410.0,Pave,Reg,Lvl,AllPub,Inside,Gtl,OldTown,Norm,Norm,1Fam,1.5Fin,5,7,1916,1987,Gable,CompShg,HdBoard,HdBoard,0.0,TA,TA,CBlock,Fa,TA,No,Unf,0.0,Unf,0,660.0,660,GasA,Ex,Y,SBrkr,808.0,704,144,1656.0,0,0,2,1,3,1,TA,8,Min2,0,None,Detchd,1916.0,Unf,1,180.0,Fa,Fa,N,0,0,0,140,0,0,0,8,2009,WD,Normal,135000.0
189,90,RL,64.0,7018.0,Pave,Reg,Bnk,AllPub,Inside,Gtl,SawyerW,Feedr,Norm,Duplex,SFoyer,5,5,1979,1979,Gable,CompShg,Plywood,Plywood,275.0,TA,TA,CBlock,Gd,TA,Av,GLQ,1086.0,Unf,0,0.0,1086,GasA,TA,Y,SBrkr,1224.0,0,0,1224.0,2,0,0,2,2,2,TA,6,Typ,2,TA,Detchd,1979.0,Unf,2,528.0,TA,TA,Y,120,0,0,0,0,0,0,6,2009,WD,Alloca,153337.0
190,120,RL,41.0,4923.0,Pave,Reg,Lvl,AllPub,Inside,Gtl,StoneBr,Norm,Norm,TwnhsE,1Story,8,5,2001,2002,Gable,CompShg,CemntBd,CmentBd,0.0,Gd,TA,PConc,Ex,TA,Av,GLQ,1153.0,Unf,0,440.0,1593,GasA,Ex,Y,SBrkr,1593.0,0,0,1593.0,1,0,1,1,0,1,Ex,5,Typ,1,Gd,Attchd,2001.0,Fin,2,682.0,TA,TA,Y,0,120,0,0,0,0,0,8,2008,WD,Normal,286000.0
191,70,RL,70.0,10570.0,Pave,Reg,Bnk,AllPub,Inside,Mod,Crawfor,Norm,Norm,1Fam,2Story,8,8,1932,1994,Hip,CompShg,BrkFace,BrkFace,0.0,Gd,TA,CBlock,Gd,Gd,No,Rec,297.0,Unf,0,556.0,853,GasA,TA,Y,SBrkr,1549.0,1178,0,2727.0,0,0,2,1,3,1,Gd,10,Maj1,2,TA,Detchd,1932.0,Unf,2,440.0,TA,TA,Y,0,74,0,0,0,0,0,12,2007,WD,Normal,315000.0
192,60,RL,73.0,7472.0,Pave,IR1,Lvl,AllPub,CulDSac,Gtl,NAmes,Norm,Norm,1Fam,2Story,7,9,1972,2004,Gable,CompShg,HdBoard,HdBoard,138.0,TA,TA,CBlock,TA,TA,No,ALQ,626.0,Unf,0,99.0,725,GasA,Gd,Y,SBrkr,725.0,754,0,1479.0,1,0,1,1,4,1,Gd,7,Typ,0,None,Attchd,1972.0,Fin,2,484.0,TA,TA,Y,0,32,0,0,0,0,0,6,2007,WD,Normal,184000.0
193,20,RL,68.0,9017.0,Pave,IR1,Lvl,AllPub,Inside,Gtl,CollgCr,Norm,Norm,1Fam,1Story,7,5,1999,1999,Gable,CompShg,VinylSd,VinylSd,0.0,Gd,TA,PConc,Gd,TA,Av,GLQ,560.0,Unf,0,871.0,1431,GasA,Ex,Y,SBrkr,1431.0,0,0,1431.0,1,0,2,0,3,1,Gd,6,Typ,0,None,Attchd,1999.0,Fin,2,666.0,TA,TA,Y,0,35,0,0,0,0,0,9,2009,WD,Normal,192000.0
194,160,RM,30.0,2522.0,Pave,Reg,Lvl,AllPub,Inside,Gtl,Edwards,Norm,Norm,Twnhs,2Story,7,5,2004,2004,Gable,CompShg,VinylSd,VinylSd,50.0,Gd,TA,PConc,Gd,TA,No,Unf,0.0,Unf,0,970.0,970,GasA,Ex,Y,SBrkr,970.0,739,0,1709.0,0,0,2,0,3,1,Gd,7,Maj1,0,None,Detchd,2004.0,Unf,2,380.0,TA,TA,Y,0,40,0,0,0,0,0,5,2006,WD,Normal,130000.0
195,20,RL,60.0,7180.0,Pave,IR1,Lvl,AllPub,Inside,Gtl,CollgCr,Norm,Norm,1Fam,1Story,5,7,1972,1972,Hip,CompShg,HdBoard,HdBoard,0.0,TA,TA,CBlock,TA,TA,Av,ALQ,390.0,Unf,0,474.0,864,GasA,TA,Y,SBrkr,864.0,0,0,864.0,0,0,1,0,3,1,TA,5,Typ,0,None,Detchd,1989.0,Unf,1,352.0,TA,TA,Y,0,0,0,0,0,0,0,5,2008,WD,Normal,127000.0
196,160,RL,30.0,2280.0,Pave,Reg,Lvl,AllPub,FR2,Gtl,NPkVill,Norm,Norm,Twnhs,2Story,6,6,1976,1976,Gable,CompShg,Plywood,Brk Cmn,0.0,TA,TA,CBlock,Gd,TA,No,ALQ,566.0,Unf,0,289.0,855,GasA,TA,Y,SBrkr,855.0,601,0,1456.0,0,0,2,1,3,1,TA,7,Typ,1,TA,Attchd,1976.0,Unf,2,440.0,TA,TA,Y,87,0,0,0,0,0,0,7,2009,WD,Normal,148500.0
197,20,RL,79.0,9416.0,Pave,Reg,Lvl,AllPub,Inside,Gtl,Somerst,Norm,Norm,1Fam,1Story,7,5,2007,2007,Hip,CompShg,CemntBd,CmentBd,205.0,Ex,TA,PConc,Ex,TA,No,GLQ,1126.0,Unf,0,600.0,1726,GasA,Ex,Y,SBrkr,1726.0,0,0,1726.0,1,0,2,0,3,1,Ex,8,Typ,1,Gd,Attchd,2007.0,Fin,3,786.0,TA,TA,Y,171,138,0,0,0,0,0,9,2007,New,Partial,311872.0
198,75,RL,110.0,17673.5,Pave,Reg,Lvl,AllPub,Corner,Gtl,NAmes,Artery,Norm,1Fam,2Story,8,4,1918,1990,Gable,CompShg,Stucco,Stucco,0.0,Gd,Gd,PConc,TA,TA,No,GLQ,1036.0,LwQ,0,140.0,1360,GasA,Gd,Y,SBrkr,1360.0,1360,392,2747.625,1,1,2,0,4,1,Gd,8,Typ,1,Ex,Detchd,1918.0,Unf,2,795.0,TA,TA,Y,0,16,0,0,0,512,0,3,2006,WD,Abnorml,235000.0
199,75,RM,92.0,5520.0,Pave,Reg,Lvl,AllPub,Corner,Gtl,OldTown,Norm,Norm,1Fam,2.5Fin,6,6,1912,1950,Gable,CompShg,Wd Sdng,Wd Sdng,0.0,TA,TA,CBlock,TA,TA,No,Unf,0.0,Unf,0,755.0,755,GasA,Ex,Y,SBrkr,929.0,929,371,2229.0,0,0,1,0,5,1,TA,8,Typ,0,None,None,1893.5,None,0,0.0,None,None,Y,0,170,0,0,0,0,0,7,2009,WD,Abnorml,104000.0
200,20,RL,76.0,9591.0,Pave,Reg,Lvl,AllPub,Inside,Gtl,NridgHt,Norm,Norm,1Fam,1Story,8,5,2004,2005,Hip,CompShg,VinylSd,VinylSd,262.0,Gd,TA,PConc,Ex,TA,Av,GLQ,1088.0,Unf,0,625.0,1713,GasA,Ex,Y,SBrkr,1713.0,0,0,1713.0,1,0,2,0,3,1,Ex,7,Typ,1,Gd,Attchd,2004.0,Fin,3,856.0,TA,TA,Y,0,26,0,0,0,0,0,1,2009,WD,Normal,274900.0
201,20,RM,80.0,8546.0,Pave,Reg,Lvl,AllPub,Corner,Gtl,Edwards,Norm,Norm,1Fam,1Story,4,5,2003,2004,Gable,CompShg,VinylSd,VinylSd,0.0,TA,TA,PConc,Gd,TA,No,Unf,0.0,Unf,0,1121.0,1121,GasA,Ex,Y,SBrkr,1121.0,0,0,1121.0,0,0,2,0,2,1,TA,5,Typ,0,None,Attchd,2003.0,RFn,2,440.0,TA,TA,Y,132,64,0,0,0,0,0,3,2010,WD,Normal,140000.0
202,20,RL,75.0,10125.0,Pave,Reg,Lvl,AllPub,Inside,Gtl,Mitchel,Norm,Norm,1Fam,1Story,6,6,1977,1977,Gable,CompShg,Plywood,Plywood,0.0,TA,TA,CBlock,TA,TA,No,ALQ,641.0,LwQ,0,276.0,1196,GasA,TA,Y,SBrkr,1279.0,0,0,1279.0,0,1,2,0,3,1,TA,6,Typ,2,Fa,Detchd,1980.0,Unf,2,473.0,TA,TA,Y,238,83,0,0,0,0,0,2,2008,WD,Normal,171500.0
203,50,RL,50.0,7000.0,Pave,Reg,Lvl,AllPub,Corner,Gtl,OldTown,Artery,Norm,1Fam,1.5Fin,6,6,1924,1950,Gable,CompShg,MetalSd,MetalSd,0.0,TA,Gd,BrkTil,Fa,TA,No,LwQ,617.0,Unf,0,0.0,617,GasA,Gd,Y,SBrkr,865.0,445,0,1310.0,0,0,2,0,2,1,TA,6,Min1,0,None,Attchd,1924.0,Unf,1,398.0,TA,TA,Y,0,0,0,0,0,0,0,5,2006,COD,Normal,112000.0
204,120,RM,70.0,4438.0,Pave,Reg,Lvl,AllPub,Inside,Gtl,CollgCr,Norm,Norm,TwnhsE,1Story,6,5,2004,2004,Gable,CompShg,VinylSd,VinylSd,205.0,Gd,TA,PConc,Gd,TA,Av,GLQ,662.0,Unf,0,186.0,848,GasA,Ex,Y,SBrkr,848.0,0,0,848.0,1,0,1,0,1,1,Gd,3,Typ,1,Gd,Attchd,2004.0,RFn,2,420.0,TA,TA,Y,149,0,0,0,0,0,0,1,2008,WD,Normal,149000.0
205,50,RM,50.0,3500.0,Pave,Reg,Lvl,AllPub,Inside,Gtl,OldTown,Norm,Norm,1Fam,1.5Fin,5,7,1947,1950,Gable,CompShg,AsbShng,AsbShng,0.0,TA,TA,CBlock,TA,TA,No,LwQ,312.0,Unf,0,408.0,720,GasA,TA,Y,SBrkr,720.0,564,0,1284.0,0,0,1,1,2,1,TA,5,Typ,0,None,Detchd,1948.0,Unf,1,240.0,TA,TA,Y,0,35,0,0,0,0,0,4,2009,WD,Normal,110000.0
206,20,RL,99.0,11851.0,Pave,Reg,Lvl,AllPub,Corner,Gtl,Gilbert,Norm,Norm,1Fam,1Story,7,5,1990,1990,Gable,CompShg,HdBoard,HdBoard,0.0,TA,TA,PConc,Gd,TA,No,Unf,0.0,Unf,0,1424.0,1424,GasA,Ex,Y,SBrkr,1442.0,0,0,1442.0,0,0,2,0,3,1,TA,5,Typ,0,None,Attchd,1990.0,RFn,2,500.0,TA,TA,Y,0,34,0,508,0,0,0,5,2009,WD,Normal,180500.0
207,20,RL,40.0,13673.0,Pave,IR1,Lvl,AllPub,CulDSac,Gtl,Sawyer,RRAe,Norm,1Fam,1Story,5,5,1962,1962,Gable,CompShg,HdBoard,HdBoard,0.0,TA,Gd,CBlock,TA,TA,No,Unf,0.0,Unf,0,1140.0,1140,GasA,TA,Y,SBrkr,1696.0,0,0,1696.0,0,0,1,1,3,1,TA,8,Min2,1,TA,Attchd,1962.0,RFn,1,349.0,TA,TA,Y,0,30,0,0,0,0,0,3,2007,WD,Normal,143900.0
208,20,RL,73.0,12493.0,Pave,IR1,Lvl,AllPub,Inside,Gtl,NAmes,Norm,Norm,1Fam,1Story,4,5,1960,1960,Gable,CompShg,Wd Sdng,Wd Sdng,0.0,TA,TA,PConc,TA,TA,No,ALQ,419.0,Rec,0,375.0,1100,GasA,TA,Y,SBrkr,1100.0,0,0,1100.0,1,0,1,0,3,1,TA,6,Typ,1,Po,Attchd,1960.0,RFn,1,312.0,TA,TA,Y,355,0,0,0,0,0,0,4,2008,WD,Normal,141000.0
209,60,RL,66.5,14364.0,Pave,IR1,Low,AllPub,Inside,Mod,SawyerW,Norm,Norm,1Fam,2Story,7,5,1988,1989,Gable,CompShg,Plywood,Plywood,128.0,Gd,TA,CBlock,Gd,TA,Gd,GLQ,1065.0,Unf,0,92.0,1157,GasA,Ex,Y,SBrkr,1180.0,882,0,2062.0,1,0,2,1,3,1,TA,7,Typ,1,Gd,Attchd,1988.0,Fin,2,454.0,TA,TA,Y,60,55,0,0,0,0,0,4,2007,WD,Normal,277000.0
210,20,RL,75.0,8250.0,Pave,Reg,Lvl,AllPub,Inside,Gtl,NAmes,Norm,Norm,1Fam,1Story,6,7,1964,1964,Hip,CompShg,HdBoard,HdBoard,260.0,TA,TA,CBlock,Gd,TA,No,Rec,787.0,Unf,0,305.0,1092,GasA,Ex,Y,SBrkr,1092.0,0,0,1092.0,1,0,1,0,3,1,TA,6,Typ,0,None,Attchd,1964.0,RFn,2,504.0,TA,Gd,Y,0,0,0,0,0,0,0,7,2008,WD,Normal,145000.0
211,30,RL,67.0,5604.0,Pave,Reg,Lvl,AllPub,Inside,Gtl,Edwards,Norm,Norm,1Fam,1Story,5,6,1925,1950,Gable,CompShg,Stucco,Stucco,0.0,TA,TA,CBlock,TA,TA,No,Rec,468.0,Unf,0,396.0,864,GasA,TA,N,FuseA,864.0,0,0,864.0,1,0,1,0,2,1,TA,5,Typ,0,None,None,1893.5,None,0,0.0,None,None,Y,0,0,0,0,0,0,0,4,2008,WD,Normal,98000.0
212,20,RL,83.0,10420.0,Pave,Reg,Lvl,AllPub,Corner,Gtl,Edwards,Norm,Norm,1Fam,1Story,6,5,2009,2009,Gable,CompShg,VinylSd,VinylSd,0.0,TA,TA,PConc,Gd,TA,Mn,GLQ,36.0,Unf,0,1176.0,1212,GasA,Ex,Y,SBrkr,1212.0,0,0,1212.0,0,0,2,0,3,1,Gd,6,Typ,0,None,Attchd,2009.0,RFn,2,460.0,TA,TA,Y,100,22,0,0,0,0,0,3,2010,WD,Normal,186000.0
213,60,FV,72.0,8640.0,Pave,Reg,Lvl,AllPub,Inside,Gtl,Somerst,Norm,Norm,1Fam,2Story,7,5,2009,2009,Gable,CompShg,VinylSd,VinylSd,0.0,TA,TA,PConc,Gd,TA,No,GLQ,822.0,Unf,0,78.0,900,GasA,Ex,Y,SBrkr,932.0,920,0,1852.0,1,0,2,1,3,1,Gd,7,Typ,1,TA,Attchd,2009.0,RFn,2,644.0,TA,TA,Y,168,108,0,0,0,0,0,7,2009,New,Partial,252678.0
214,20,RL,43.0,13568.0,Pave,IR2,Lvl,AllPub,CulDSac,Gtl,CollgCr,Norm,Norm,1Fam,1Story,5,5,1995,1995,Gable,CompShg,VinylSd,VinylSd,0.0,TA,TA,PConc,Gd,TA,No,ALQ,716.0,Unf,0,274.0,990,GasA,Ex,Y,SBrkr,990.0,0,0,990.0,0,1,1,0,3,1,TA,5,Typ,0,None,Attchd,1996.0,Unf,2,576.0,TA,TA,Y,224,0,0,0,0,0,0,7,2006,WD,Normal,156000.0
215,60,RL,70.0,10900.0,Pave,IR1,Lvl,AllPub,FR2,Gtl,CollgCr,Norm,Norm,1Fam,2Story,6,7,1977,1977,Gable,CompShg,HdBoard,HdBoard,153.0,TA,TA,CBlock,Gd,TA,No,GLQ,378.0,Unf,0,311.0,689,GasA,Ex,Y,SBrkr,689.0,703,0,1392.0,0,0,1,1,3,1,TA,6,Typ,0,None,Attchd,1977.0,Fin,1,299.0,TA,TA,Y,0,36,0,0,0,0,450,3,2010,WD,Normal,161750.0
216,20,RL,72.0,10011.0,Pave,IR1,Lvl,AllPub,Inside,Gtl,NAmes,Norm,Norm,1Fam,1Story,5,6,1957,1996,Gable,CompShg,HdBoard,HdBoard,64.0,TA,TA,CBlock,TA,TA,No,BLQ,360.0,Unf,0,710.0,1070,GasA,TA,Y,SBrkr,1236.0,0,0,1236.0,0,1,1,0,2,1,Gd,6,Min1,1,Fa,Attchd,1957.0,Unf,1,447.0,TA,TA,Y,0,0,0,0,0,0,0,5,2006,WD,Normal,134450.0
217,20,RL,65.0,8450.0,Pave,Reg,Lvl,AllPub,Inside,Gtl,CollgCr,Norm,Norm,1Fam,1Story,7,5,2004,2004,Gable,CompShg,VinylSd,VinylSd,266.0,Gd,TA,PConc,Gd,TA,Mn,GLQ,946.0,Unf,0,490.0,1436,GasA,Ex,Y,SBrkr,1436.0,0,0,1436.0,1,0,2,0,3,1,Gd,8,Typ,0,None,Attchd,2004.0,Unf,2,484.0,TA,TA,Y,139,98,0,0,0,0,0,4,2008,WD,Normal,210000.0
218,70,RM,57.0,9906.0,Pave,Reg,Lvl,AllPub,Inside,Gtl,OldTown,Norm,Norm,1Fam,2Story,4,4,1925,1950,Gable,CompShg,MetalSd,MetalSd,0.0,TA,TA,CBlock,TA,TA,No,Unf,0.0,Unf,0,686.0,686,GasA,Fa,N,SBrkr,810.0,518,0,1328.0,0,0,1,0,3,1,TA,8,Typ,0,None,Detchd,1940.0,Unf,1,210.0,TA,TA,Y,0,170,0,0,0,0,0,9,2006,WD,Family,107000.0
219,50,RL,74.0,15660.0,Pave,IR1,Lvl,AllPub,Corner,Gtl,Crawfor,Norm,Norm,1Fam,1.5Fin,7,9,1939,2006,Gable,CompShg,VinylSd,VinylSd,312.0,Gd,Gd,CBlock,TA,TA,No,BLQ,341.0,Unf,0,457.0,798,GasA,Ex,Y,SBrkr,1137.0,817,0,1954.0,0,1,1,1,3,1,Gd,8,Typ,2,TA,Attchd,1939.0,Unf,2,431.0,TA,TA,Y,0,119,0,0,0,0,0,5,2008,WD,Normal,311500.0
220,120,RL,43.0,3010.0,Pave,Reg,Lvl,AllPub,Inside,Gtl,Blmngtn,Norm,Norm,TwnhsE,1Story,7,5,2005,2006,Gable,CompShg,VinylSd,VinylSd,16.0,Gd,TA,PConc,Gd,TA,Av,GLQ,16.0,Unf,0,1232.0,1248,GasA,Ex,Y,SBrkr,1248.0,0,0,1248.0,0,0,2,0,2,1,Gd,5,Typ,0,None,Attchd,2005.0,Fin,2,438.0,TA,TA,Y,108,0,0,0,0,0,0,3,2006,New,Partial,167240.0
221,20,RL,73.0,8990.0,Pave,IR1,Lvl,AllPub,Inside,Gtl,CollgCr,Norm,Norm,1Fam,1Story,7,5,2006,2006,Gable,CompShg,VinylSd,VinylSd,0.0,Gd,TA,PConc,Gd,TA,Mn,Unf,0.0,Unf,0,1498.0,1498,GasA,Ex,Y,SBrkr,1498.0,0,0,1498.0,0,0,2,0,2,1,Gd,5,Typ,0,None,Attchd,2006.0,RFn,2,675.0,TA,TA,Y,351,33,0,0,0,0,0,4,2006,New,Partial,204900.0
222,60,RL,65.0,8068.0,Pave,IR1,Lvl,AllPub,Inside,Gtl,Gilbert,Norm,Norm,1Fam,2Story,6,5,2002,2002,Gable,CompShg,VinylSd,VinylSd,0.0,Gd,TA,PConc,Gd,TA,No,Unf,0.0,Unf,0,1010.0,1010,GasA,Ex,Y,SBrkr,1010.0,1257,0,2267.0,0,0,2,1,4,1,Gd,8,Typ,1,TA,BuiltIn,2002.0,RFn,2,390.0,TA,TA,Y,120,46,0,0,0,0,0,12,2009,ConLI,Normal,200000.0
223,60,RL,85.0,11475.0,Pave,Reg,Lvl,AllPub,Inside,Gtl,NWAmes,RRAn,Norm,1Fam,2Story,6,6,1975,1975,Gable,CompShg,VinylSd,VinylSd,0.0,TA,TA,CBlock,Gd,TA,No,ALQ,550.0,Unf,0,163.0,713,GasA,TA,Y,SBrkr,811.0,741,0,1552.0,1,0,2,1,3,1,TA,6,Typ,1,TA,Attchd,1975.0,RFn,2,434.0,TA,TA,Y,209,170,0,0,0,0,0,2,2006,WD,Normal,179900.0
224,20,RL,70.0,10500.0,Pave,Reg,Lvl,AllPub,FR2,Gtl,NAmes,Norm,Norm,1Fam,1Story,4,6,1971,1971,Gable,CompShg,HdBoard,HdBoard,0.0,TA,TA,CBlock,TA,TA,No,ALQ,524.0,LwQ,0,160.0,864,GasA,Gd,Y,SBrkr,864.0,0,0,864.0,0,0,1,0,2,1,TA,4,Typ,0,None,Detchd,1989.0,Unf,2,576.0,TA,TA,Y,216,0,0,0,0,0,0,3,2009,WD,Abnorml,97000.0
225,20,RL,103.0,13472.0,Pave,Reg,Lvl,AllPub,Inside,Gtl,NridgHt,Norm,Norm,1Fam,1Story,10,5,2003,2003,Hip,CompShg,VinylSd,VinylSd,410.625,Ex,TA,PConc,Ex,TA,Gd,GLQ,56.0,Unf,0,1685.5,2052,GasA,Ex,Y,SBrkr,2155.125,0,0,2392.0,0,0,2,0,3,1,Ex,8,Typ,1,Ex,Attchd,2003.0,Fin,3,938.25,TA,TA,Y,248,105,0,0,0,0,0,6,2009,WD,Normal,340037.5
226,160,RM,30.0,1680.0,Pave,Reg,Lvl,AllPub,Inside,Gtl,BrDale,Norm,Norm,Twnhs,2Story,5,5,1971,1971,Gable,CompShg,HdBoard,HdBoard,142.0,TA,TA,CBlock,TA,TA,No,Unf,0.0,Unf,0,630.0,630,GasA,TA,Y,SBrkr,630.0,672,0,1302.0,0,0,2,1,3,1,TA,6,Typ,0,None,Detchd,1991.0,Unf,1,280.0,TA,TA,Y,0,0,0,0,0,0,0,5,2009,COD,Abnorml,112000.0
227,60,RL,82.0,9950.0,Pave,IR1,Lvl,AllPub,Inside,Gtl,NoRidge,Norm,Norm,1Fam,2Story,7,5,1995,1995,Gable,CompShg,VinylSd,VinylSd,290.0,Gd,TA,PConc,Gd,TA,No,GLQ,565.0,Unf,0,638.0,1203,GasA,Ex,Y,SBrkr,1214.0,1306,0,2520.0,0,0,2,1,4,1,Gd,9,Typ,1,TA,Attchd,1995.0,RFn,3,721.0,TA,TA,Y,224,114,0,0,0,0,0,6,2007,WD,Abnorml,290000.0
228,160,RM,30.0,1869.0,Pave,Reg,Lvl,AllPub,Inside,Gtl,BrDale,Norm,Norm,Twnhs,2Story,6,6,1970,1970,Gable,CompShg,HdBoard,HdBoard,127.0,TA,TA,CBlock,TA,TA,No,Rec,321.0,Unf,0,162.0,483,GasA,TA,Y,SBrkr,483.0,504,0,987.0,0,0,1,1,2,1,TA,5,Typ,0,None,Detchd,1987.0,Unf,1,280.0,TA,TA,Y,0,0,0,0,0,0,0,9,2008,WD,Normal,106000.0
229,20,RL,70.0,8521.0,Pave,Reg,Lvl,AllPub,FR2,Gtl,Sawyer,Feedr,Norm,1Fam,1Story,5,5,1967,1967,Gable,CompShg,HdBoard,HdBoard,0.0,TA,TA,CBlock,TA,TA,No,ALQ,842.0,Unf,0,70.0,912,GasA,TA,Y,SBrkr,912.0,0,0,912.0,0,0,1,0,3,1,TA,5,Typ,1,Fa,Detchd,1974.0,Unf,1,336.0,TA,TA,Y,0,0,0,0,0,0,0,5,2010,WD,Normal,125000.0
230,120,RL,43.0,3182.0,Pave,Reg,Lvl,AllPub,Inside,Gtl,Blmngtn,Norm,Norm,TwnhsE,1Story,7,5,2005,2006,Gable,CompShg,VinylSd,VinylSd,16.0,Gd,TA,PConc,Gd,TA,Av,GLQ,16.0,Unf,0,1357.0,1373,GasA,Ex,Y,SBrkr,1555.0,0,0,1555.0,0,0,2,0,2,1,Gd,7,Typ,1,TA,Attchd,2005.0,Fin,2,430.0,TA,TA,Y,143,20,0,0,0,0,0,5,2009,WD,Normal,192500.0
231,20,RL,73.0,8760.0,Pave,Reg,Lvl,AllPub,Inside,Gtl,NAmes,Norm,Norm,1Fam,1Story,6,6,1959,1959,Hip,CompShg,MetalSd,MetalSd,220.0,TA,TA,CBlock,TA,TA,No,Unf,0.0,Unf,0,1194.0,1194,GasA,TA,Y,SBrkr,1194.0,0,0,1194.0,1,0,1,0,3,1,TA,6,Typ,0,None,Attchd,1959.0,RFn,1,312.0,TA,TA,Y,0,0,0,0,0,0,0,4,2010,WD,Normal,148000.0
232,60,RL,110.0,15138.0,Pave,IR1,Lvl,AllPub,Inside,Gtl,NoRidge,Norm,Norm,1Fam,2Story,8,5,1995,1996,Gable,CompShg,VinylSd,VinylSd,410.625,Gd,TA,PConc,Gd,TA,No,GLQ,689.0,Unf,0,773.0,1462,GasA,Ex,Y,SBrkr,1490.0,1304,0,2747.625,1,0,2,1,4,1,Ex,9,Typ,1,TA,Attchd,1995.0,Fin,3,810.0,TA,TA,Y,0,146,0,0,0,0,0,7,2009,WD,Normal,340037.5
233,160,RM,30.0,1680.0,Pave,Reg,Lvl,AllPub,Inside,Gtl,BrDale,Norm,Norm,Twnhs,2Story,6,5,1972,1972,Gable,CompShg,HdBoard,HdBoard,297.0,TA,TA,CBlock,TA,TA,No,Unf,0.0,Unf,0,483.0,483,GasA,TA,Y,SBrkr,483.0,504,0,987.0,0,0,1,1,2,1,TA,5,Typ,1,Po,Attchd,1972.0,Unf,1,288.0,TA,TA,Y,0,0,0,0,0,0,0,6,2006,WD,Normal,94500.0
234,20,RL,75.0,10650.0,Pave,Reg,Lvl,AllPub,Corner,Gtl,CollgCr,Norm,Norm,1Fam,1Story,5,6,1976,1976,Gable,CompShg,HdBoard,HdBoard,0.0,TA,TA,CBlock,TA,Gd,Av,LwQ,182.0,ALQ,0,0.0,894,GasA,TA,Y,SBrkr,894.0,0,0,894.0,1,0,1,0,3,1,TA,5,Typ,0,None,Attchd,1976.0,Unf,1,308.0,TA,TA,Y,365,0,0,0,0,0,0,2,2010,WD,Normal,128200.0
235,60,RL,65.0,7851.0,Pave,Reg,Lvl,AllPub,Inside,Gtl,Gilbert,Norm,Norm,1Fam,2Story,6,5,2002,2002,Gable,CompShg,VinylSd,VinylSd,0.0,Gd,TA,PConc,Gd,TA,No,GLQ,625.0,Unf,0,235.0,860,GasA,Ex,Y,SBrkr,860.0,1100,0,1960.0,1,0,2,1,4,1,Gd,8,Typ,2,TA,BuiltIn,2002.0,Fin,2,440.0,TA,TA,Y,288,48,0,0,0,0,0,5,2010,WD,Normal,216500.0
236,160,RM,30.0,1680.0,Pave,Reg,Lvl,AllPub,Inside,Gtl,BrDale,Norm,Norm,TwnhsE,2Story,6,3,1971,1971,Gable,CompShg,HdBoard,HdBoard,410.625,TA,TA,CBlock,TA,TA,No,ALQ,358.0,Unf,0,125.0,483,GasA,TA,Y,SBrkr,483.0,504,0,987.0,0,0,1,1,2,1,TA,5,Typ,0,None,Detchd,1971.0,Unf,1,264.0,TA,TA,Y,0,0,0,0,0,0,0,8,2008,WD,Normal,89500.0
237,20,RL,65.0,8773.0,Pave,Reg,Lvl,AllPub,FR2,Gtl,CollgCr,Norm,Norm,1Fam,1Story,7,5,2004,2004,Gable,CompShg,VinylSd,VinylSd,98.0,Gd,TA,PConc,Gd,TA,Av,GLQ,24.0,Unf,0,1390.0,1414,GasA,Ex,Y,SBrkr,1414.0,0,0,1414.0,0,0,2,0,3,1,Gd,6,Typ,0,None,Attchd,2004.0,RFn,2,494.0,TA,TA,Y,132,105,0,0,0,0,0,5,2010,WD,Normal,185500.0
238,60,RL,66.5,9453.0,Pave,IR1,Lvl,AllPub,CulDSac,Gtl,SawyerW,RRNe,Norm,1Fam,2Story,7,7,1993,2003,Gable,CompShg,HdBoard,HdBoard,0.0,Gd,TA,PConc,Gd,TA,No,BLQ,402.0,Unf,0,594.0,996,GasA,Ex,Y,SBrkr,1014.0,730,0,1744.0,0,0,2,1,3,1,Gd,7,Typ,0,None,Attchd,1993.0,RFn,2,457.0,TA,TA,Y,370,70,0,238,0,0,0,2,2010,WD,Normal,194500.0
239,20,RL,93.0,12030.0,Pave,Reg,Lvl,AllPub,Inside,Gtl,NridgHt,Norm,Norm,1Fam,1Story,8,5,2007,2007,Hip,CompShg,VinylSd,VinylSd,254.0,Ex,TA,PConc,Ex,TA,No,Unf,0.0,Unf,0,1685.5,1694,GasA,Ex,Y,SBrkr,1694.0,0,0,1694.0,0,0,2,0,3,1,Gd,7,Typ,0,None,Attchd,2007.0,Fin,3,818.0,TA,TA,Y,168,170,0,0,0,0,0,12,2007,New,Partial,318000.0
240,50,RL,52.0,8741.0,Pave,Reg,Lvl,AllPub,Inside,Gtl,Edwards,Norm,Norm,1Fam,1.5Fin,6,4,1945,1950,Gable,CompShg,VinylSd,VinylSd,0.0,TA,TA,CBlock,TA,Fa,No,LwQ,94.0,Unf,0,641.0,735,GasA,TA,Y,FuseA,798.0,689,0,1487.0,0,0,1,1,3,1,TA,7,Typ,1,Gd,Detchd,1949.0,Unf,1,220.0,TA,TA,Y,0,140,0,0,0,0,0,4,2010,WD,Normal,113000.0
241,20,FV,75.0,9000.0,Pave,Reg,Lvl,AllPub,Inside,Gtl,Somerst,Norm,Norm,1Fam,1Story,8,5,2008,2008,Gable,CompShg,VinylSd,VinylSd,36.0,Gd,TA,PConc,Gd,TA,Av,GLQ,1078.0,Unf,0,488.0,1566,GasA,Ex,Y,SBrkr,1566.0,0,0,1566.0,1,0,2,0,3,1,Gd,7,Typ,0,None,Attchd,2008.0,RFn,2,750.0,TA,TA,Y,144,168,0,0,0,0,0,4,2010,WD,Normal,262500.0
242,30,RM,40.0,3880.0,Pave,Reg,Lvl,AllPub,Inside,Gtl,OldTown,Norm,Norm,1Fam,1Story,5,9,1945,1997,Gable,CompShg,VinylSd,VinylSd,0.0,TA,Gd,CBlock,TA,TA,No,ALQ,329.0,Unf,0,357.0,686,GasA,Gd,Y,SBrkr,866.0,0,0,866.0,0,0,1,0,2,1,Gd,4,Typ,0,None,None,1893.5,None,0,0.0,None,None,Y,58,42,0,0,0,0,0,8,2007,WD,Normal,110500.0
243,50,RM,63.0,5000.0,Pave,Reg,Lvl,AllPub,Corner,Gtl,OldTown,Norm,Norm,1Fam,1.5Fin,5,4,1900,1950,Gable,CompShg,Wd Sdng,Wd Sdng,0.0,TA,TA,BrkTil,TA,TA,No,Unf,0.0,Unf,0,540.0,540,GasA,Gd,N,FuseA,889.0,551,0,1440.0,0,0,1,0,3,1,TA,6,Typ,0,None,Attchd,1940.0,Unf,1,352.0,Fa,TA,Y,0,0,0,0,0,0,0,4,2006,WD,Normal,79000.0
244,160,RL,75.0,10762.0,Pave,Reg,Lvl,AllPub,Corner,Gtl,SawyerW,Norm,Norm,TwnhsE,2Story,6,6,1980,1980,Gable,CompShg,Plywood,Plywood,0.0,TA,TA,CBlock,Gd,TA,No,Unf,0.0,Unf,0,626.0,626,GasA,TA,Y,SBrkr,626.0,591,0,1217.0,0,0,1,1,3,1,TA,6,Typ,1,TA,Attchd,1980.0,RFn,1,288.0,TA,TA,Y,0,28,0,0,0,0,0,4,2009,WD,Normal,120000.0
245,60,RL,66.5,8880.0,Pave,IR1,Lvl,AllPub,Inside,Gtl,SawyerW,Norm,Norm,1Fam,2Story,7,5,1994,2002,Gable,CompShg,VinylSd,VinylSd,0.0,Gd,TA,PConc,Gd,TA,No,GLQ,695.0,Unf,0,253.0,948,GasA,Ex,Y,SBrkr,1222.0,888,0,2110.0,1,0,2,1,3,1,Gd,8,Typ,2,Fa,Attchd,1994.0,RFn,2,463.0,TA,TA,Y,0,130,0,0,0,0,0,5,2010,WD,Normal,205000.0
246,20,RL,80.0,10400.0,Pave,Reg,Lvl,AllPub,Inside,Gtl,NWAmes,Norm,Norm,1Fam,1Story,7,5,1988,1988,Gable,CompShg,Wd Sdng,Wd Sdng,102.0,TA,TA,CBlock,Gd,TA,Av,GLQ,929.0,Unf,0,916.0,1845,GasA,Gd,Y,SBrkr,1872.0,0,0,1872.0,0,1,2,0,3,1,TA,6,Typ,1,TA,Attchd,1988.0,Fin,2,604.0,TA,TA,Y,197,39,0,0,0,0,0,6,2006,WD,Normal,241500.0
247,190,RM,69.0,9142.0,Pave,Reg,Lvl,AllPub,Inside,Gtl,OldTown,Norm,Norm,2fmCon,2Story,6,8,1910,1950,Gable,CompShg,AsbShng,AsbShng,0.0,TA,Fa,Stone,Fa,TA,No,Unf,0.0,Unf,0,1020.0,1020,GasA,Gd,N,FuseP,908.0,1020,0,1928.0,0,0,2,0,4,2,Fa,9,Typ,0,None,Detchd,1910.0,Unf,1,440.0,Po,Po,Y,0,60,0,0,0,0,0,4,2006,WD,Normal,137000.0
248,20,RL,75.0,11310.0,Pave,Reg,Lvl,AllPub,Inside,Gtl,NAmes,Norm,Norm,1Fam,1Story,6,5,1954,1954,Hip,CompShg,Wd Sdng,BrkFace,0.0,TA,TA,CBlock,TA,TA,No,Unf,0.0,Unf,0,1367.0,1367,GasA,Ex,Y,SBrkr,1375.0,0,0,1375.0,0,0,1,0,2,1,TA,5,Typ,1,TA,Attchd,1954.0,Unf,2,451.0,TA,TA,Y,0,30,0,0,0,0,0,6,2006,WD,Normal,140000.0
249,60,RL,72.0,11317.0,Pave,Reg,Lvl,AllPub,Inside,Gtl,CollgCr,Norm,Norm,1Fam,2Story,7,5,2003,2003,Gable,CompShg,VinylSd,VinylSd,101.0,Gd,TA,PConc,Gd,TA,No,Unf,0.0,Unf,0,840.0,840,GasA,Ex,Y,SBrkr,840.0,828,0,1668.0,0,0,2,1,3,1,Gd,8,Typ,0,None,Attchd,2003.0,RFn,2,500.0,TA,TA,Y,144,68,0,0,0,0,0,9,2007,WD,Normal,180000.0
250,50,RL,80.0,17673.5,Pave,IR2,Low,AllPub,CulDSac,Sev,ClearCr,Norm,Norm,1Fam,1.5Fin,6,7,1958,2006,Gable,CompShg,Wd Sdng,HdBoard,410.625,Gd,TA,CBlock,Gd,TA,Gd,Rec,697.0,Unf,0,747.0,1444,GasA,Gd,Y,SBrkr,1444.0,700,0,2144.0,0,1,2,0,4,1,Gd,7,Typ,2,TA,Attchd,1958.0,Fin,2,389.0,TA,TA,Y,0,98,0,0,0,0,500,6,2007,WD,Normal,277000.0
251,30,RL,55.0,5350.0,Pave,IR1,Lvl,AllPub,Inside,Gtl,BrkSide,Norm,Norm,1Fam,1Story,3,2,1940,1966,Gable,CompShg,Wd Sdng,Plywood,0.0,TA,Po,CBlock,TA,TA,No,Unf,0.0,Unf,0,728.0,728,GasA,Ex,Y,SBrkr,1306.0,0,0,1306.0,0,0,1,0,3,1,Fa,6,Mod,0,None,None,1893.5,None,0,0.0,None,None,Y,263,0,0,0,0,0,450,5,2010,WD,Normal,76500.0
252,120,RM,44.0,4750.0,Pave,IR1,HLS,AllPub,Inside,Mod,Crawfor,Norm,Norm,TwnhsE,1Story,8,5,2006,2007,Hip,CompShg,VinylSd,VinylSd,410.625,Gd,TA,PConc,Gd,TA,Gd,GLQ,1573.0,Unf,0,0.0,1573,GasA,Ex,Y,SBrkr,1625.0,0,0,1625.0,1,1,2,0,2,1,Gd,5,Typ,1,Gd,Attchd,2006.0,Fin,2,538.0,TA,TA,Y,123,0,0,0,0,0,0,12,2007,WD,Family,235000.0
253,60,RL,65.0,8366.0,Pave,IR1,Lvl,AllPub,Inside,Gtl,SawyerW,Norm,Norm,1Fam,2Story,6,5,2004,2004,Gable,CompShg,VinylSd,VinylSd,0.0,Gd,TA,PConc,Gd,TA,No,Unf,0.0,Unf,0,798.0,798,GasA,Ex,Y,SBrkr,798.0,842,0,1640.0,0,0,2,1,3,1,Gd,6,Typ,0,None,Attchd,2004.0,RFn,2,520.0,TA,TA,Y,138,45,0,0,0,0,0,12,2008,WD,Normal,173000.0
254,80,RL,85.0,9350.0,Pave,Reg,Lvl,AllPub,Inside,Gtl,NAmes,Norm,Norm,1Fam,SLvl,6,7,1964,1991,Hip,CompShg,HdBoard,HdBoard,108.0,TA,TA,CBlock,Gd,TA,Gd,LwQ,270.0,ALQ,0,452.0,1302,GasA,Ex,Y,SBrkr,1302.0,0,0,1302.0,0,1,2,0,3,1,Gd,7,Min1,0,None,Attchd,1964.0,RFn,1,309.0,TA,TA,Y,333,0,0,0,0,0,0,10,2007,CWD,Normal,158000.0
255,20,RL,70.0,8400.0,Pave,Reg,Lvl,AllPub,Inside,Gtl,NAmes,Norm,Norm,1Fam,1Story,5,6,1957,1957,Gable,CompShg,MetalSd,MetalSd,0.0,TA,Gd,CBlock,TA,TA,No,Rec,922.0,Unf,0,392.0,1314,GasA,TA,Y,SBrkr,1314.0,0,0,1314.0,1,0,1,0,3,1,TA,5,Typ,0,None,Attchd,1957.0,RFn,1,294.0,TA,TA,Y,250,0,0,0,0,0,0,6,2010,WD,Normal,145000.0
256,60,RL,66.0,8738.0,Pave,IR1,Lvl,AllPub,Inside,Gtl,Gilbert,Norm,Norm,1Fam,2Story,7,5,1999,1999,Gable,CompShg,VinylSd,VinylSd,302.0,Gd,TA,PConc,Gd,TA,No,Unf,0.0,Unf,0,975.0,975,GasA,Ex,Y,SBrkr,1005.0,1286,0,2291.0,0,0,2,1,4,1,Gd,8,Typ,1,TA,BuiltIn,1999.0,Fin,2,429.0,TA,TA,Y,192,0,0,0,0,0,0,2,2006,WD,Normal,230000.0
257,60,FV,64.0,8791.0,Pave,IR1,Lvl,AllPub,Inside,Gtl,Somerst,Norm,Norm,1Fam,2Story,6,5,2003,2003,Gable,CompShg,VinylSd,VinylSd,0.0,Gd,TA,PConc,Gd,TA,No,Rec,503.0,Unf,0,361.0,864,GasA,Ex,Y,SBrkr,864.0,864,0,1728.0,0,0,2,1,3,1,Gd,7,Typ,0,None,Attchd,2003.0,RFn,2,673.0,TA,TA,Y,216,56,0,0,0,0,0,5,2008,WD,Normal,207500.0
258,20,RL,68.0,8814.0,Pave,Reg,Lvl,AllPub,Inside,Gtl,CollgCr,Norm,Norm,1Fam,1Story,7,5,2006,2006,Gable,CompShg,VinylSd,VinylSd,180.0,Gd,TA,PConc,Gd,TA,No,GLQ,1334.0,Unf,0,270.0,1604,GasA,Ex,Y,SBrkr,1604.0,0,0,1604.0,1,0,2,1,3,1,Gd,8,Typ,1,Gd,Attchd,2006.0,RFn,2,660.0,TA,TA,Y,123,110,0,0,0,0,0,3,2009,WD,Abnorml,220000.0
259,60,RL,80.0,12435.0,Pave,Reg,Lvl,AllPub,Inside,Gtl,CollgCr,Norm,Norm,1Fam,2Story,7,5,2001,2001,Gable,CompShg,VinylSd,VinylSd,172.0,Gd,TA,PConc,Gd,TA,No,GLQ,361.0,Unf,0,602.0,963,GasA,Ex,Y,SBrkr,963.0,829,0,1792.0,0,0,2,1,3,1,Gd,7,Typ,1,TA,Attchd,2001.0,RFn,2,564.0,TA,TA,Y,0,96,0,245,0,0,0,5,2008,WD,Normal,231500.0
260,20,RM,70.0,12702.0,Pave,Reg,Lvl,AllPub,Inside,Gtl,OldTown,Norm,Norm,1Fam,1Story,5,5,1956,1956,Gable,CompShg,BrkFace,BrkFace,0.0,TA,TA,PConc,None,None,None,None,0.0,None,0,0.0,42,GasA,Gd,Y,FuseA,882.0,0,0,882.0,0,0,1,0,2,1,TA,4,Typ,0,None,Detchd,1956.0,Unf,1,308.0,TA,TA,Y,0,45,0,0,0,0,0,12,2008,WD,Normal,97000.0
261,80,RL,110.0,17673.5,Pave,Reg,Lvl,AllPub,Corner,Gtl,NAmes,Artery,Norm,1Fam,SLvl,6,5,1962,1962,Gable,CompShg,Wd Sdng,Wd Sdng,399.0,TA,TA,CBlock,TA,TA,Gd,Rec,672.0,ALQ,0,0.0,1362,GasA,TA,Y,SBrkr,1382.0,0,0,1382.0,1,0,1,0,3,1,TA,6,Typ,1,TA,Attchd,1991.0,Unf,2,884.0,TA,TA,Y,0,0,0,0,0,0,0,5,2009,WD,Normal,176000.0
262,60,RL,69.0,9588.0,Pave,IR1,Lvl,AllPub,Inside,Gtl,CollgCr,Norm,Norm,1Fam,2Story,8,5,2007,2007,Gable,CompShg,CemntBd,CmentBd,270.0,Gd,TA,PConc,Ex,TA,No,Unf,0.0,Unf,0,1482.0,1482,GasA,Ex,Y,SBrkr,1482.0,1092,0,2574.0,0,0,2,1,3,1,Ex,10,Typ,1,Gd,BuiltIn,2007.0,Fin,3,868.0,TA,TA,Y,0,148,0,0,0,0,0,11,2007,New,Partial,276000.0
263,80,RL,88.0,8471.0,Pave,IR1,Lvl,AllPub,Corner,Gtl,Sawyer,Norm,Norm,1Fam,SLvl,6,7,1977,1995,Gable,CompShg,HdBoard,Plywood,46.0,TA,TA,CBlock,Gd,Gd,Av,ALQ,506.0,Unf,0,0.0,506,GasA,TA,Y,SBrkr,1212.0,0,0,1212.0,1,0,1,0,3,1,TA,6,Typ,1,TA,Attchd,1978.0,Unf,2,492.0,TA,TA,Y,292,12,0,0,0,0,0,7,2006,WD,Normal,151000.0
264,50,RM,50.0,5500.0,Pave,Reg,Lvl,AllPub,Corner,Gtl,OldTown,Norm,Norm,1Fam,1.5Fin,5,7,1929,2001,Gable,CompShg,Wd Sdng,Wd Sdng,0.0,TA,TA,BrkTil,TA,TA,No,LwQ,234.0,ALQ,0,0.0,926,GasA,TA,Y,SBrkr,926.0,0,390,1316.0,1,0,1,0,3,1,TA,6,Typ,0,None,Detchd,1974.0,Unf,2,484.0,TA,TA,Y,0,0,0,0,0,0,0,4,2010,WD,Normal,130000.0
265,30,RM,30.0,5232.0,Pave,IR3,Bnk,AllPub,Inside,Gtl,OldTown,Artery,Norm,1Fam,1Story,5,5,1925,2004,Gable,CompShg,Wd Sdng,Wd Sdng,0.0,TA,TA,BrkTil,Fa,TA,No,Unf,0.0,Unf,0,680.0,680,GasA,Gd,N,FuseP,764.0,0,0,764.0,0,0,1,0,2,1,TA,4,Typ,0,None,Detchd,1965.0,Unf,2,504.0,TA,TA,N,0,0,0,0,0,0,0,6,2008,WD,Normal,73000.0
266,20,RL,78.0,12090.0,Pave,IR1,Lvl,AllPub,Inside,Gtl,NWAmes,Norm,Norm,1Fam,1Story,6,6,1981,1981,Gable,CompShg,MetalSd,MetalSd,210.0,TA,Gd,CBlock,Gd,TA,No,GLQ,588.0,LwQ,0,606.0,1422,GasA,TA,Y,SBrkr,1422.0,0,0,1422.0,0,0,2,0,3,1,Gd,7,Typ,1,TA,Attchd,1981.0,Fin,2,576.0,TA,TA,Y,276,0,0,0,0,0,0,6,2008,WD,Normal,175500.0
267,60,RL,70.0,11207.0,Pave,IR1,HLS,AllPub,FR2,Gtl,Gilbert,Norm,Norm,1Fam,2Story,6,5,1997,1997,Gable,CompShg,VinylSd,VinylSd,0.0,TA,TA,PConc,Gd,TA,Av,GLQ,714.0,Unf,0,88.0,802,GasA,Gd,Y,SBrkr,802.0,709,0,1511.0,1,0,2,1,3,1,TA,8,Typ,1,TA,Attchd,1997.0,Fin,2,413.0,TA,TA,Y,95,75,0,0,0,0,0,6,2006,WD,Normal,185000.0
268,75,RL,60.0,8400.0,Pave,Reg,Bnk,AllPub,Inside,Mod,SWISU,Norm,Norm,1Fam,2.5Fin,5,8,1939,1997,Gable,CompShg,Wd Sdng,Wd Sdng,0.0,TA,TA,PConc,TA,TA,No,LwQ,378.0,Unf,0,342.0,720,GasA,Ex,Y,SBrkr,1052.0,720,420,2192.0,0,0,2,1,4,1,Gd,8,Typ,1,Gd,Detchd,1939.0,Unf,1,240.0,TA,TA,Y,262,24,0,0,0,0,0,7,2008,WD,Normal,179500.0
269,30,RM,71.0,6900.0,Pave,Reg,Lvl,AllPub,Inside,Gtl,IDOTRR,Norm,Norm,1Fam,1Story,5,6,1940,1955,Gable,CompShg,VinylSd,VinylSd,0.0,TA,TA,CBlock,TA,TA,No,ALQ,403.0,Rec,0,212.0,740,GasA,Ex,Y,SBrkr,778.0,0,0,778.0,0,0,1,0,2,1,TA,4,Typ,1,Gd,Detchd,1966.0,Fin,1,924.0,Ex,Ex,Y,0,25,0,0,0,0,0,2,2008,WD,Normal,120500.0
270,20,RL,65.5,7917.0,Pave,IR1,Lvl,AllPub,Corner,Gtl,Edwards,Norm,Norm,1Fam,1Story,6,7,1976,1976,Hip,CompShg,HdBoard,HdBoard,174.0,TA,Gd,CBlock,TA,Gd,No,BLQ,751.0,Unf,0,392.0,1143,GasA,TA,Y,SBrkr,1113.0,0,0,1113.0,1,0,1,1,3,1,TA,6,Typ,1,Fa,Attchd,1987.0,RFn,1,504.0,TA,Gd,Y,370,30,0,0,0,0,0,5,2007,WD,Normal,148000.0
271,60,FV,84.0,10728.0,Pave,Reg,Lvl,AllPub,Inside,Gtl,Somerst,Norm,Norm,1Fam,2Story,8,5,2006,2006,Gable,CompShg,VinylSd,VinylSd,0.0,Gd,TA,PConc,Gd,TA,Mn,Unf,0.0,Unf,0,1095.0,1095,GasA,Gd,Y,SBrkr,1095.0,844,0,1939.0,0,0,2,1,3,1,Gd,8,Typ,1,Gd,Attchd,2006.0,RFn,3,938.25,TA,TA,Y,192,51,0,0,0,0,0,8,2006,New,Partial,266000.0
272,20,RL,73.0,17673.5,Pave,IR1,Low,AllPub,CulDSac,Sev,ClearCr,Norm,Norm,1Fam,1Story,7,7,1954,2005,Flat,Membran,Plywood,Plywood,0.0,TA,TA,CBlock,Gd,TA,Gd,LwQ,226.0,GLQ,0,96.0,1385,GasA,Ex,Y,SBrkr,1363.0,0,0,1363.0,1,0,1,0,2,1,TA,5,Mod,2,TA,Attchd,1954.0,Unf,2,439.0,TA,TA,Y,81,0,0,0,0,0,0,4,2008,WD,Normal,241500.0
273,60,RL,92.0,11764.0,Pave,IR1,Lvl,AllPub,CulDSac,Gtl,NoRidge,Norm,Norm,1Fam,2Story,8,7,1999,2007,Gable,CompShg,VinylSd,VinylSd,348.0,Gd,TA,PConc,Gd,TA,No,GLQ,524.0,Unf,0,628.0,1152,GasA,Ex,Y,SBrkr,1164.0,1106,0,2270.0,0,0,2,1,4,1,Gd,9,Typ,1,Gd,Attchd,1999.0,Fin,3,671.0,TA,TA,Y,132,57,0,0,0,0,0,4,2010,WD,Normal,290000.0
274,20,RL,80.0,9600.0,Pave,Reg,Lvl,AllPub,Inside,Gtl,NAmes,Feedr,Norm,1Fam,1Story,6,6,1958,1988,Hip,CompShg,Wd Sdng,Wd Sdng,183.0,TA,TA,CBlock,TA,TA,No,Rec,620.0,LwQ,0,0.0,1240,GasA,Gd,Y,SBrkr,1632.0,0,0,1632.0,1,0,2,0,3,1,TA,6,Min1,1,Gd,Attchd,1958.0,RFn,1,338.0,TA,TA,Y,289,0,0,0,0,0,0,4,2009,WD,Normal,139000.0
275,20,RL,76.0,8314.0,Pave,Reg,Lvl,AllPub,Corner,Gtl,Mitchel,Norm,Norm,1Fam,1Story,5,7,1982,1982,Gable,CompShg,HdBoard,ImStucc,0.0,TA,TA,CBlock,TA,TA,Gd,ALQ,546.0,Unf,0,270.0,816,GasA,TA,Y,SBrkr,816.0,0,0,816.0,0,0,1,0,2,1,TA,5,Typ,0,None,Attchd,1982.0,Unf,1,264.0,TA,TA,Y,168,0,0,0,0,0,0,6,2007,WD,Normal,124500.0
276,50,RL,55.0,7264.0,Pave,Reg,Lvl,AllPub,Inside,Gtl,BrkSide,Norm,Norm,1Fam,1.5Fin,7,7,1925,2007,Gable,CompShg,Wd Sdng,Wd Sdng,0.0,Gd,Gd,BrkTil,TA,TA,No,Unf,0.0,Unf,0,952.0,952,GasW,Gd,N,SBrkr,952.0,596,0,1548.0,0,0,2,1,3,1,Ex,5,Typ,0,None,Detchd,1978.0,Unf,2,672.0,TA,TA,Y,74,0,0,0,0,0,0,10,2009,WD,Normal,205000.0
277,20,RL,110.0,9196.0,Pave,IR1,Lvl,AllPub,Inside,Gtl,Mitchel,Norm,Norm,1Fam,1Story,7,5,2003,2003,Gable,CompShg,VinylSd,VinylSd,0.0,Gd,TA,PConc,Ex,TA,No,Unf,0.0,Unf,0,1560.0,1560,GasA,Ex,Y,SBrkr,1560.0,0,0,1560.0,0,0,2,0,3,1,Gd,7,Typ,0,None,Attchd,2003.0,Fin,2,573.0,TA,TA,Y,100,150,0,0,0,0,0,4,2010,WD,Normal,201000.0
278,20,RL,110.0,17673.5,Pave,Reg,Lvl,AllPub,Corner,Gtl,Gilbert,Norm,Norm,1Fam,1Story,4,5,1951,1951,Gable,CompShg,VinylSd,VinylSd,0.0,TA,TA,CBlock,TA,TA,No,LwQ,120.0,Unf,0,744.0,864,GasA,Ex,Y,SBrkr,864.0,0,0,864.0,0,0,1,0,2,1,TA,4,Typ,0,None,Detchd,1951.0,Unf,2,400.0,TA,TA,Y,0,0,0,0,0,0,0,6,2010,WD,Normal,141000.0
279,20,RL,107.0,14450.0,Pave,Reg,Lvl,AllPub,Inside,Gtl,NridgHt,Norm,Norm,1Fam,1Story,9,5,2006,2007,Gable,CompShg,CemntBd,CmentBd,315.0,Ex,TA,PConc,Ex,TA,Gd,Unf,0.0,Unf,0,1685.5,2052,GasA,Ex,Y,SBrkr,2121.0,0,0,2121.0,0,0,2,1,3,1,Ex,8,Typ,1,Ex,Attchd,2007.0,Fin,3,732.0,TA,TA,Y,124,98,0,0,0,0,0,5,2007,New,Partial,340037.5
280,60,RL,83.0,10005.0,Pave,Reg,Lvl,AllPub,Inside,Gtl,ClearCr,Norm,Norm,1Fam,2Story,7,5,1977,1977,Hip,CompShg,Plywood,Plywood,299.0,TA,TA,CBlock,Gd,TA,No,BLQ,392.0,Unf,0,768.0,1160,GasA,Ex,Y,SBrkr,1156.0,866,0,2022.0,0,0,2,1,4,1,TA,8,Typ,1,TA,Attchd,1977.0,Fin,2,505.0,TA,TA,Y,288,117,0,0,0,0,0,3,2008,WD,Normal,192000.0
281,60,RL,82.0,11287.0,Pave,Reg,Lvl,AllPub,Inside,Gtl,SawyerW,Norm,Norm,1Fam,2Story,7,6,1989,1989,Gable,CompShg,Plywood,Plywood,340.0,Gd,TA,CBlock,Gd,TA,Av,GLQ,421.0,Unf,0,386.0,807,GasA,Gd,Y,SBrkr,1175.0,807,0,1982.0,0,0,2,1,3,1,Gd,7,Typ,1,TA,Attchd,1989.0,Fin,2,575.0,TA,TA,Y,0,84,0,196,0,0,0,1,2007,WD,Normal,228500.0
282,20,FV,60.0,7200.0,Pave,Reg,Lvl,AllPub,Inside,Gtl,Somerst,Norm,Norm,1Fam,1Story,6,5,2006,2006,Gable,CompShg,VinylSd,VinylSd,68.0,Gd,TA,PConc,Gd,TA,No,GLQ,905.0,Unf,0,357.0,1262,GasA,Gd,Y,SBrkr,1262.0,0,0,1262.0,0,0,2,0,2,1,Gd,5,Typ,0,None,Attchd,2006.0,Fin,2,572.0,TA,TA,Y,0,120,0,0,0,0,0,5,2006,New,Partial,185000.0
283,120,RL,34.0,5063.0,Pave,Reg,Lvl,AllPub,Inside,Gtl,NridgHt,Norm,Norm,Twnhs,1Story,7,5,2007,2008,Gable,CompShg,VinylSd,VinylSd,166.0,Gd,TA,PConc,Gd,TA,No,GLQ,904.0,Unf,0,410.0,1314,GasA,Ex,Y,SBrkr,1314.0,0,0,1314.0,1,0,2,0,2,1,Gd,6,Typ,1,Gd,Attchd,2008.0,RFn,2,626.0,TA,TA,Y,172,62,0,0,0,0,0,4,2009,ConLw,Normal,207500.0
284,20,RL,74.0,9612.0,Pave,Reg,Lvl,AllPub,Inside,Gtl,Somerst,Feedr,Norm,1Fam,1Story,8,5,2008,2009,Gable,CompShg,VinylSd,VinylSd,72.0,Gd,TA,PConc,Gd,TA,No,Unf,0.0,Unf,0,1468.0,1468,GasA,Ex,Y,SBrkr,1468.0,0,0,1468.0,0,0,2,0,3,1,Gd,6,Typ,1,Gd,Attchd,2008.0,Fin,3,898.0,TA,TA,Y,210,150,0,0,0,0,0,12,2009,New,Partial,244600.0
285,120,RL,50.0,8012.0,Pave,Reg,Lvl,AllPub,Inside,Gtl,SawyerW,Norm,Norm,TwnhsE,1Story,6,5,1992,1992,Gable,CompShg,Plywood,ImStucc,0.0,Gd,TA,PConc,Gd,TA,No,GLQ,430.0,Unf,0,1145.0,1575,GasA,Gd,Y,SBrkr,1575.0,0,0,1575.0,1,0,2,0,2,1,Gd,5,Typ,0,None,Attchd,1992.0,RFn,2,529.0,TA,TA,Y,0,0,0,0,0,0,0,7,2007,WD,Normal,179200.0
286,160,FV,35.0,4251.0,Pave,IR1,Lvl,AllPub,Inside,Gtl,Somerst,Norm,Norm,TwnhsE,2Story,7,5,2006,2007,Gable,CompShg,MetalSd,MetalSd,0.0,Gd,TA,PConc,Gd,TA,No,Unf,0.0,Unf,0,625.0,625,GasA,Ex,Y,SBrkr,625.0,625,0,1250.0,0,0,2,1,2,1,Gd,5,Typ,0,None,Detchd,2006.0,RFn,2,528.0,TA,TA,Y,0,54,0,0,0,0,0,6,2007,New,Partial,164700.0
287,50,RL,77.0,9786.0,Pave,IR1,Bnk,AllPub,Inside,Gtl,NAmes,Norm,Norm,1Fam,1.5Fin,6,7,1962,1981,Gable,CompShg,Wd Sdng,Wd Sdng,0.0,TA,TA,CBlock,TA,TA,No,Rec,600.0,Unf,0,312.0,912,GasA,TA,Y,SBrkr,1085.0,649,0,1734.0,0,0,1,1,3,1,Gd,7,Typ,1,Gd,Attchd,1962.0,RFn,2,440.0,TA,TA,Y,0,0,0,0,0,0,0,6,2006,WD,Normal,159000.0
288,20,RL,73.0,8125.0,Pave,IR1,Lvl,AllPub,Corner,Gtl,NAmes,Norm,Norm,1Fam,1Story,4,4,1971,1971,Gable,CompShg,HdBoard,HdBoard,0.0,TA,TA,CBlock,TA,TA,No,BLQ,614.0,Unf,0,244.0,858,GasA,TA,Y,SBrkr,858.0,0,0,858.0,0,0,1,0,3,1,TA,5,Typ,0,None,None,1893.5,None,0,0.0,None,None,Y,0,0,0,0,0,0,0,6,2006,WD,Normal,88000.0
289,20,RL,71.0,9819.0,Pave,IR1,Lvl,AllPub,Inside,Gtl,Sawyer,Norm,Norm,1Fam,1Story,5,5,1967,1967,Gable,CompShg,MetalSd,MetalSd,31.0,TA,Gd,CBlock,TA,TA,No,BLQ,450.0,Unf,0,432.0,882,GasA,TA,Y,SBrkr,900.0,0,0,900.0,0,0,1,0,3,1,TA,5,Typ,0,None,Detchd,1970.0,Unf,1,280.0,TA,TA,Y,0,0,0,0,0,0,0,2,2010,WD,Normal,122000.0
290,70,RL,60.0,8730.0,Pave,Reg,Lvl,AllPub,Inside,Gtl,BrkSide,RRAn,Norm,1Fam,2Story,6,7,1915,2003,Gable,CompShg,Wd Sdng,Wd Sdng,0.0,TA,TA,BrkTil,TA,TA,No,Unf,0.0,Unf,0,698.0,698,GasA,Ex,Y,FuseA,698.0,698,0,1396.0,0,0,1,0,3,1,TA,7,Typ,0,None,Detchd,2003.0,Unf,1,384.0,TA,TA,Y,0,0,0,0,0,0,0,7,2007,WD,Normal,153575.0
291,60,RL,110.0,15611.0,Pave,Reg,Lvl,AllPub,Inside,Gtl,CollgCr,Norm,Norm,1Fam,2Story,8,5,2006,2006,Gable,CompShg,VinylSd,VinylSd,0.0,Gd,TA,PConc,Gd,TA,Av,Unf,0.0,Unf,0,1079.0,1079,GasA,Ex,Y,SBrkr,1079.0,840,0,1919.0,0,0,2,1,3,1,Gd,8,Typ,1,Gd,Attchd,2006.0,RFn,2,685.0,Gd,TA,Y,0,51,0,0,0,0,0,7,2006,New,Partial,233230.0
292,190,RL,55.0,5687.0,Pave,Reg,Bnk,AllPub,Inside,Gtl,SWISU,Norm,Norm,2fmCon,2Story,5,6,1912,2000,Gable,CompShg,VinylSd,VinylSd,0.0,TA,Fa,PConc,TA,Fa,No,Rec,210.0,Unf,0,570.0,780,GasA,Ex,N,SBrkr,936.0,780,0,1716.0,1,0,2,0,6,1,Fa,9,Typ,0,None,None,1893.5,None,0,0.0,None,None,N,0,170,0,0,0,0,0,3,2008,WD,Normal,135900.0
293,50,RL,60.0,11409.0,Pave,Reg,Lvl,AllPub,Inside,Gtl,Edwards,Norm,Norm,1Fam,1.5Fin,5,4,1949,2008,Gable,CompShg,Wd Sdng,Wd Sdng,0.0,TA,TA,CBlock,TA,TA,No,LwQ,292.0,Unf,0,476.0,768,GasA,Gd,Y,SBrkr,1148.0,568,0,1716.0,0,0,1,1,3,1,TA,8,Min2,1,Gd,Attchd,1949.0,Unf,1,281.0,TA,TA,Y,0,0,0,0,0,0,0,1,2009,WD,Normal,131000.0
294,60,RL,80.0,16659.0,Pave,IR1,Lvl,AllPub,Corner,Gtl,NWAmes,PosA,Norm,1Fam,2Story,7,7,1977,1994,Gable,CompShg,Plywood,Plywood,34.0,TA,TA,CBlock,TA,TA,No,ALQ,795.0,Unf,0,0.0,795,GasA,Fa,Y,SBrkr,1468.0,795,0,2263.0,1,0,2,1,3,1,Gd,9,Typ,1,TA,Attchd,1977.0,Fin,2,539.0,TA,TA,Y,0,170,0,0,0,0,0,3,2006,WD,Normal,235000.0
295,20,RL,80.0,9600.0,Pave,Reg,Lvl,AllPub,Inside,Gtl,NAmes,Norm,Norm,1Fam,1Story,6,5,1953,1953,Hip,CompShg,HdBoard,HdBoard,238.0,TA,TA,CBlock,TA,TA,No,GLQ,1285.0,Unf,0,131.0,1416,GasA,TA,Y,SBrkr,1644.0,0,0,1644.0,1,0,1,0,3,1,TA,7,Typ,2,Gd,Attchd,1953.0,Fin,2,418.0,TA,TA,Y,110,0,0,0,0,0,0,10,2009,WD,Normal,167000.0
296,80,RL,37.0,7937.0,Pave,IR1,Lvl,AllPub,CulDSac,Gtl,Mitchel,Norm,Norm,1Fam,SLvl,6,6,1984,1984,Gable,CompShg,HdBoard,HdBoard,0.0,TA,TA,CBlock,TA,TA,Av,GLQ,819.0,Unf,0,184.0,1003,GasA,TA,Y,SBrkr,1003.0,0,0,1003.0,1,0,1,0,3,1,TA,6,Typ,0,None,Detchd,1984.0,Unf,2,588.0,TA,TA,Y,120,0,0,0,0,0,0,3,2006,WD,Normal,142500.0
297,50,RM,75.0,13710.0,Pave,Reg,Lvl,AllPub,Inside,Gtl,IDOTRR,Norm,Norm,1Fam,1.5Fin,5,5,1950,1950,Gable,CompShg,Wd Sdng,Wd Sdng,0.0,TA,TA,CBlock,TA,TA,No,BLQ,420.0,Unf,0,490.0,910,GasA,TA,Y,FuseA,910.0,648,0,1558.0,0,0,1,1,4,1,TA,6,Typ,0,None,Attchd,1950.0,Unf,1,282.0,TA,TA,Y,289,0,0,0,0,0,0,6,2007,WD,Normal,152000.0
298,60,FV,66.0,7399.0,Pave,IR1,Lvl,AllPub,Inside,Gtl,Somerst,Norm,Norm,1Fam,2Story,7,5,1997,1998,Hip,CompShg,VinylSd,VinylSd,410.625,Gd,TA,PConc,Gd,TA,No,BLQ,649.0,Unf,0,326.0,975,GasA,Ex,Y,SBrkr,975.0,975,0,1950.0,0,0,2,1,3,1,Gd,7,Typ,1,TA,Detchd,1997.0,RFn,2,576.0,TA,TA,Y,0,10,0,0,0,0,0,6,2007,WD,Normal,239000.0
299,60,RL,90.0,11700.0,Pave,Reg,Lvl,AllPub,Inside,Gtl,NWAmes,Norm,Norm,1Fam,2Story,6,6,1968,1968,Mansard,CompShg,HdBoard,AsphShn,365.0,Gd,TA,CBlock,TA,TA,No,ALQ,384.0,Rec,0,143.0,702,GasA,Gd,Y,SBrkr,1041.0,702,0,1743.0,0,1,1,2,3,1,TA,7,Typ,1,Gd,Attchd,1968.0,Unf,2,539.0,TA,TA,Y,224,0,0,0,0,0,0,6,2007,WD,Normal,175000.0
300,20,RL,80.0,14000.0,Pave,Reg,Lvl,AllPub,Inside,Gtl,Crawfor,Norm,Norm,1Fam,1Story,6,8,1950,2004,Gable,CompShg,HdBoard,HdBoard,0.0,TA,Gd,CBlock,TA,TA,No,Unf,0.0,Unf,0,1092.0,1092,GasA,Ex,Y,SBrkr,1152.0,0,0,1152.0,0,1,1,0,3,1,Gd,6,Typ,1,Gd,Attchd,1950.0,Unf,1,300.0,TA,TA,Y,0,36,0,0,0,0,0,8,2009,WD,Family,158500.0
301,190,RL,90.0,15750.0,Pave,Reg,Lvl,AllPub,Corner,Gtl,Crawfor,Norm,Norm,2fmCon,1Story,5,5,1953,1953,Hip,CompShg,MetalSd,MetalSd,56.0,TA,TA,CBlock,TA,TA,Mn,BLQ,841.0,Unf,0,324.0,1165,GasA,TA,Y,SBrkr,1336.0,0,0,1336.0,1,0,1,0,2,1,TA,5,Typ,2,Gd,Attchd,1953.0,Unf,1,375.0,TA,TA,Y,0,0,0,0,0,0,0,6,2006,WD,Normal,157000.0
302,60,RL,66.0,16226.0,Pave,IR3,Lvl,AllPub,Inside,Gtl,CollgCr,Norm,Norm,1Fam,2Story,8,5,1998,1999,Gable,CompShg,VinylSd,VinylSd,0.0,Gd,TA,PConc,Gd,TA,No,GLQ,281.0,Unf,0,747.0,1028,GasA,Ex,Y,SBrkr,1210.0,1242,0,2452.0,0,0,2,1,4,1,Gd,9,Typ,1,TA,BuiltIn,1998.0,Fin,2,683.0,TA,TA,Y,208,50,0,0,0,0,0,5,2007,WD,Normal,267000.0
303,20,RL,110.0,13704.0,Pave,IR1,Lvl,AllPub,Corner,Gtl,CollgCr,Norm,Norm,1Fam,1Story,7,5,2001,2002,Gable,CompShg,VinylSd,VinylSd,150.0,Gd,TA,PConc,Gd,TA,No,Unf,0.0,Unf,0,1541.0,1541,GasA,Ex,Y,SBrkr,1541.0,0,0,1541.0,0,0,2,0,3,1,Gd,6,Typ,1,TA,Attchd,2001.0,RFn,3,843.0,TA,TA,Y,420,81,0,0,0,0,0,1,2006,WD,Normal,205000.0
304,20,RL,70.0,9800.0,Pave,Reg,Lvl,AllPub,Corner,Gtl,CollgCr,Norm,Norm,1Fam,1Story,5,7,1972,1972,Gable,CompShg,VinylSd,VinylSd,0.0,TA,TA,PConc,TA,TA,No,ALQ,894.0,Unf,0,0.0,894,GasA,TA,Y,SBrkr,894.0,0,0,894.0,1,0,1,0,3,1,TA,5,Typ,0,None,Attchd,1975.0,Unf,2,552.0,TA,TA,Y,256,0,0,0,0,0,0,7,2006,WD,Abnorml,149900.0
305,75,RM,87.0,17673.5,Pave,Reg,Lvl,AllPub,Inside,Gtl,OldTown,Norm,Norm,1Fam,2.5Fin,7,9,1885,2002,Gable,CompShg,CemntBd,CmentBd,0.0,TA,TA,BrkTil,TA,TA,No,Unf,0.0,Unf,0,1470.0,1470,GasA,Ex,Y,SBrkr,1675.0,1818,0,2747.625,0,0,3,0,3,1,Gd,10,Typ,1,Ex,Attchd,2003.0,Unf,3,870.0,TA,TA,Y,302,0,0,0,0,0,0,5,2008,WD,Normal,295000.0
306,20,RL,80.0,10386.0,Pave,Reg,Lvl,AllPub,Inside,Gtl,CollgCr,Norm,Norm,1Fam,1Story,8,5,2004,2005,Gable,CompShg,CemntBd,CmentBd,246.0,Gd,TA,PConc,Gd,TA,No,GLQ,1464.0,Unf,0,536.0,2000,GasA,Ex,Y,SBrkr,2000.0,0,0,2000.0,1,0,2,0,3,1,Gd,8,Typ,0,None,Attchd,2004.0,Fin,3,888.0,TA,TA,Y,168,0,0,0,0,0,0,7,2007,WD,Normal,305900.0
307,60,RL,110.0,13474.0,Pave,Reg,Lvl,AllPub,Inside,Gtl,SawyerW,Feedr,Norm,1Fam,2Story,7,5,1990,1991,Gable,CompShg,HdBoard,Plywood,246.0,Gd,TA,CBlock,Gd,TA,No,ALQ,700.0,Unf,0,0.0,700,GasA,Gd,Y,SBrkr,1122.0,1121,0,2243.0,1,0,2,1,4,1,Gd,8,Typ,1,TA,Attchd,1990.0,RFn,3,746.0,TA,TA,Y,127,44,0,0,0,0,0,6,2007,WD,Normal,225000.0
308,50,RM,60.0,7920.0,Pave,IR1,Lvl,AllPub,Inside,Gtl,IDOTRR,Artery,Norm,1Fam,1.5Fin,6,7,1920,1950,Gable,CompShg,MetalSd,MetalSd,0.0,TA,Fa,CBlock,TA,TA,No,Unf,0.0,Unf,0,319.0,319,GasA,TA,Y,FuseA,1035.0,371,0,1406.0,0,0,1,0,3,1,Fa,6,Typ,0,None,None,1893.5,None,0,0.0,None,None,N,0,144,0,0,0,0,0,3,2008,WD,Normal,89500.0
309,30,RL,65.5,12342.0,Pave,IR1,Lvl,AllPub,Inside,Gtl,Edwards,Norm,Norm,1Fam,1Story,4,5,1940,1950,Gable,CompShg,VinylSd,VinylSd,0.0,TA,TA,CBlock,TA,TA,No,BLQ,262.0,Unf,0,599.0,861,GasA,Ex,Y,SBrkr,861.0,0,0,861.0,0,0,1,0,1,1,TA,4,Typ,0,None,Detchd,1961.0,Unf,2,539.0,TA,TA,Y,158,0,0,0,0,0,0,3,2009,WD,Normal,82500.0
310,20,RL,90.0,12378.0,Pave,IR1,Lvl,AllPub,Inside,Gtl,NridgHt,Norm,Norm,1Fam,1Story,9,5,2003,2004,Gable,CompShg,VinylSd,VinylSd,0.0,Gd,TA,PConc,Ex,TA,Gd,GLQ,1274.0,Unf,0,622.0,1896,GasA,Ex,Y,SBrkr,1944.0,0,0,1944.0,1,0,2,0,3,1,Ex,8,Typ,3,Ex,Attchd,2003.0,Fin,3,708.0,TA,TA,Y,208,170,0,0,0,0,0,11,2006,WD,Normal,340037.5
311,60,RL,65.0,7685.0,Pave,IR1,Lvl,AllPub,Inside,Gtl,Gilbert,Norm,Norm,1Fam,2Story,6,5,1993,1994,Gable,CompShg,HdBoard,HdBoard,112.0,TA,TA,PConc,Gd,TA,No,ALQ,518.0,Unf,0,179.0,697,GasA,Gd,Y,SBrkr,697.0,804,0,1501.0,0,0,2,1,3,1,Gd,6,Typ,1,TA,Attchd,1993.0,Fin,2,420.0,TA,TA,Y,190,63,0,0,0,0,0,5,2006,WD,Normal,165600.0
312,20,RL,50.0,8000.0,Pave,Reg,Lvl,AllPub,Inside,Gtl,NAmes,Norm,Norm,1Fam,1Story,6,6,1948,2002,Gable,CompShg,VinylSd,VinylSd,0.0,TA,Gd,CBlock,TA,TA,No,ALQ,680.0,Unf,0,292.0,972,GasA,Ex,Y,SBrkr,972.0,0,0,972.0,1,0,1,0,2,1,TA,5,Typ,1,Gd,Detchd,1948.0,Unf,1,240.0,TA,TA,Y,0,0,0,0,0,0,0,5,2009,WD,Normal,132000.0
313,190,RM,65.0,7800.0,Pave,Reg,Lvl,AllPub,Inside,Gtl,OldTown,Artery,Norm,2fmCon,1.5Fin,5,7,1939,1950,Gable,CompShg,MetalSd,MetalSd,0.0,TA,TA,CBlock,Gd,TA,Mn,Rec,507.0,Unf,0,286.0,793,GasA,TA,Y,SBrkr,793.0,325,0,1118.0,1,0,1,0,3,1,TA,5,Typ,1,Gd,Detchd,1939.0,Unf,2,410.0,TA,TA,Y,0,0,0,0,0,0,0,5,2006,WD,Normal,119900.0
314,20,RL,110.0,17673.5,Pave,IR3,Low,AllPub,Inside,Sev,Timber,Norm,Norm,1Fam,1Story,7,5,1965,1965,Hip,CompShg,BrkFace,BrkFace,0.0,TA,TA,CBlock,Gd,TA,Gd,ALQ,1236.0,Rec,0,80.0,2052,GasW,TA,Y,SBrkr,2036.0,0,0,2036.0,2,0,2,0,3,1,TA,8,Typ,2,Gd,Attchd,1965.0,RFn,2,513.0,TA,TA,Y,0,0,0,0,0,0,0,6,2009,WD,Normal,340037.5
315,70,RM,60.0,9600.0,Pave,Reg,Lvl,AllPub,Inside,Gtl,OldTown,Norm,Norm,1Fam,2Story,7,7,1925,1990,Gable,CompShg,Wd Sdng,Wd Sdng,0.0,TA,TA,BrkTil,TA,Gd,No,LwQ,16.0,Unf,0,712.0,728,GasA,Ex,Y,SBrkr,832.0,809,0,1641.0,0,1,1,1,3,1,Ex,6,Typ,1,Gd,Detchd,1925.0,Unf,2,546.0,Fa,TA,Y,0,0,0,0,0,0,0,8,2006,WD,Normal,178000.0
316,60,RL,71.0,7795.0,Pave,IR1,Lvl,AllPub,Inside,Gtl,Gilbert,Norm,Norm,1Fam,2Story,7,5,2004,2005,Gable,CompShg,VinylSd,VinylSd,0.0,Gd,TA,PConc,Gd,TA,No,GLQ,425.0,Unf,0,291.0,716,GasA,Ex,Y,SBrkr,716.0,716,0,1432.0,1,0,2,1,3,1,Gd,6,Typ,1,Gd,Attchd,2004.0,Fin,2,432.0,TA,TA,Y,100,51,0,0,0,0,0,7,2009,WD,Normal,188500.0
317,60,RL,94.0,13005.0,Pave,IR1,Lvl,AllPub,Corner,Gtl,NWAmes,Norm,Norm,1Fam,2Story,7,7,1980,1980,Gable,CompShg,CemntBd,CmentBd,278.0,Gd,TA,CBlock,Gd,TA,No,GLQ,692.0,Unf,0,153.0,845,GasA,TA,Y,SBrkr,1153.0,1200,0,2353.0,1,0,2,1,4,1,Ex,10,Typ,1,TA,Attchd,1983.0,RFn,2,484.0,TA,TA,Y,288,170,0,0,0,0,0,8,2009,WD,Normal,260000.0
318,60,FV,75.0,9000.0,Pave,Reg,Lvl,AllPub,Inside,Gtl,Somerst,Norm,Norm,1Fam,2Story,8,5,2006,2006,Gable,CompShg,VinylSd,VinylSd,0.0,Gd,TA,PConc,Gd,TA,Av,Unf,0.0,Unf,0,1088.0,1088,GasA,Ex,Y,SBrkr,1088.0,871,0,1959.0,0,0,2,1,3,1,Gd,8,Typ,1,Gd,Attchd,2006.0,RFn,3,938.25,TA,TA,Y,208,46,0,0,0,0,0,12,2007,WD,Normal,270000.0
319,60,RL,90.0,9900.0,Pave,Reg,Low,AllPub,Inside,Mod,NoRidge,Norm,Norm,1Fam,2Story,7,5,1993,1993,Gable,CompShg,HdBoard,HdBoard,256.0,Gd,TA,PConc,Gd,TA,Gd,GLQ,987.0,Unf,0,360.0,1347,GasA,Ex,Y,SBrkr,1372.0,1274,0,2646.0,1,0,2,1,4,1,Gd,9,Typ,1,TA,Attchd,1993.0,RFn,3,656.0,TA,TA,Y,340,60,0,0,0,0,0,4,2009,WD,Normal,260000.0
320,80,RL,80.0,14115.0,Pave,Reg,Lvl,AllPub,Inside,Gtl,NWAmes,Norm,Norm,1Fam,SLvl,7,5,1980,1980,Gable,CompShg,Plywood,Plywood,225.0,TA,TA,CBlock,Gd,TA,Av,GLQ,1036.0,Unf,0,336.0,1372,GasA,TA,Y,SBrkr,1472.0,0,0,1472.0,1,0,2,0,3,1,TA,6,Typ,2,TA,Attchd,1980.0,Unf,2,588.0,TA,TA,Y,233,48,0,0,0,0,0,6,2009,WD,Normal,187500.0
321,60,RL,110.0,16259.0,Pave,Reg,Lvl,AllPub,Corner,Gtl,NridgHt,Norm,Norm,1Fam,2Story,9,5,2006,2006,Gable,CompShg,VinylSd,VinylSd,370.0,TA,TA,PConc,Ex,Gd,Av,Unf,0.0,Unf,0,1249.0,1249,GasA,Ex,Y,SBrkr,1249.0,1347,0,2596.0,0,0,3,1,4,1,Gd,9,Typ,0,None,Attchd,2006.0,RFn,3,840.0,TA,TA,Y,240,154,0,0,0,0,0,9,2006,New,Partial,340037.5
322,60,RL,99.0,12099.0,Pave,IR1,Lvl,AllPub,Inside,Gtl,NridgHt,Norm,Norm,1Fam,2Story,8,5,2004,2004,Gable,CompShg,VinylSd,VinylSd,388.0,Gd,TA,PConc,Ex,TA,Av,GLQ,970.0,Unf,0,166.0,1136,GasA,Ex,Y,SBrkr,1136.0,1332,0,2468.0,1,0,2,1,4,1,Gd,10,Typ,1,Gd,BuiltIn,2004.0,Fin,3,872.0,TA,TA,Y,184,154,0,0,0,0,0,6,2007,WD,Normal,340037.5
323,60,RL,86.0,10380.0,Pave,IR1,Lvl,AllPub,Inside,Gtl,SawyerW,Norm,Norm,1Fam,2Story,7,5,1986,1987,Gable,CompShg,Plywood,Plywood,172.0,Gd,TA,CBlock,TA,TA,Gd,LwQ,28.0,ALQ,0,0.0,1502,GasA,Ex,Y,SBrkr,1553.0,1177,0,2730.0,1,0,2,1,4,1,Gd,8,Typ,1,TA,Attchd,1987.0,Fin,2,576.0,TA,TA,Y,201,96,0,0,0,0,0,8,2007,WD,Normal,301000.0
324,20,RM,49.0,5820.0,Pave,Reg,Lvl,AllPub,Inside,Gtl,OldTown,Norm,Norm,1Fam,1Story,3,8,1955,2005,Gable,CompShg,VinylSd,VinylSd,0.0,TA,Gd,CBlock,TA,TA,No,ALQ,256.0,Unf,0,906.0,1162,GasA,Ex,Y,SBrkr,1163.0,0,0,1163.0,1,0,1,0,3,1,TA,6,Typ,0,None,Attchd,1955.0,Unf,1,220.0,Fa,TA,Y,142,98,0,0,0,0,0,7,2006,WD,Normal,126175.0
325,80,RL,96.0,11275.0,Pave,Reg,Lvl,AllPub,Corner,Gtl,NAmes,PosN,Norm,1Fam,SLvl,7,7,1967,2007,Mansard,WdShake,Wd Sdng,Wd Sdng,300.0,Gd,Gd,CBlock,Gd,TA,No,Unf,0.0,Unf,0,710.0,710,GasA,Ex,Y,SBrkr,1898.0,1080,0,2747.625,0,0,2,1,5,1,Gd,11,Typ,1,Gd,BuiltIn,1961.0,Fin,2,564.0,TA,TA,Y,240,0,0,0,0,0,0,6,2010,WD,Normal,242000.0
326,45,RM,50.0,5000.0,Pave,Reg,Lvl,AllPub,Inside,Gtl,IDOTRR,RRAe,Norm,1Fam,1.5Unf,5,6,1941,1950,Gable,CompShg,MetalSd,MetalSd,0.0,TA,TA,CBlock,TA,TA,Av,BLQ,116.0,Unf,0,604.0,720,GasA,Po,N,FuseF,803.0,0,0,803.0,0,0,1,0,2,1,TA,5,Typ,0,None,Detchd,1941.0,Unf,2,360.0,TA,TA,Y,0,0,0,0,0,0,0,12,2007,WD,Normal,87000.0
327,120,RL,32.0,10846.0,Pave,IR1,Lvl,AllPub,CulDSac,Gtl,Veenker,Norm,Norm,TwnhsE,1Story,8,5,1993,1993,Gable,CompShg,BrkFace,BrkFace,0.0,Gd,TA,PConc,Gd,TA,Gd,GLQ,1619.0,Unf,0,100.0,1719,GasA,Ex,Y,SBrkr,1719.0,0,0,1719.0,2,0,1,1,1,1,Gd,6,Typ,2,Gd,Attchd,1993.0,Fin,2,473.0,TA,TA,Y,122,30,0,0,0,0,0,5,2008,Con,Normal,324000.0
328,20,RL,80.0,11600.0,Pave,Reg,Lvl,AllPub,Inside,Gtl,NAmes,Norm,Norm,1Fam,1Story,6,5,1960,1960,Hip,CompShg,Wd Sdng,Wd Sdng,175.0,TA,TA,CBlock,TA,TA,No,Rec,565.0,Unf,0,818.0,1383,GasA,TA,Y,SBrkr,1383.0,0,0,1383.0,0,0,1,1,3,1,TA,7,Typ,0,None,Attchd,1960.0,RFn,1,292.0,TA,TA,Y,0,45,0,0,0,0,0,4,2006,WD,Normal,145250.0
329,75,RL,52.0,11888.0,Pave,IR1,Bnk,AllPub,Inside,Gtl,BrkSide,PosN,Norm,1Fam,2.5Unf,6,6,1916,1994,Gable,CompShg,Wd Sdng,Wd Shng,0.0,TA,TA,BrkTil,TA,TA,No,Unf,0.0,Unf,0,844.0,844,GasA,Gd,N,FuseA,1445.0,689,0,2134.0,0,0,2,0,5,1,Gd,10,Typ,0,None,Detchd,1930.0,Unf,2,441.0,TA,TA,Y,0,60,0,0,0,0,0,7,2009,WD,Normal,214500.0
330,70,RM,60.0,6402.0,Pave,Reg,Lvl,AllPub,Corner,Gtl,IDOTRR,Norm,Norm,1Fam,2Story,5,5,1920,1950,Gable,CompShg,Wd Sdng,Wd Shng,0.0,TA,TA,PConc,TA,TA,Mn,Unf,0.0,Unf,0,596.0,596,GasA,TA,N,SBrkr,596.0,596,0,1192.0,0,0,1,0,3,1,TA,6,Typ,0,None,Detchd,1920.0,Unf,1,189.0,Fa,Fa,N,0,0,0,0,0,0,0,7,2009,WD,Normal,78000.0
331,90,RL,73.0,10624.0,Pave,IR1,Lvl,AllPub,Inside,Gtl,NAmes,Norm,Norm,Duplex,1Story,5,4,1964,1964,Gable,CompShg,HdBoard,HdBoard,84.0,TA,TA,CBlock,TA,TA,No,GLQ,40.0,Rec,0,1424.0,1728,GasA,TA,Y,SBrkr,1728.0,0,0,1728.0,0,1,2,0,6,2,TA,10,Typ,0,None,Detchd,2002.0,Unf,1,352.0,TA,TA,Y,155,0,0,0,0,0,0,11,2007,WD,Normal,119000.0
332,20,RL,70.0,8176.0,Pave,Reg,Lvl,AllPub,Inside,Gtl,NAmes,Norm,Norm,1Fam,1Story,5,6,1958,1992,Gable,CompShg,Wd Sdng,Wd Sdng,0.0,TA,TA,CBlock,TA,TA,No,Rec,846.0,Unf,0,210.0,1056,GasA,Fa,Y,SBrkr,1056.0,0,0,1056.0,1,0,1,0,3,1,TA,6,Typ,0,None,Attchd,1958.0,RFn,1,308.0,TA,TA,Y,0,0,0,0,0,0,0,8,2007,WD,Normal,139000.0
333,20,RL,85.0,10655.0,Pave,IR1,Lvl,AllPub,Inside,Gtl,NridgHt,Norm,Norm,1Fam,1Story,8,5,2003,2004,Gable,CompShg,VinylSd,VinylSd,296.0,Gd,TA,PConc,Gd,TA,No,GLQ,1124.0,None,0,1603.0,2052,GasA,Ex,Y,SBrkr,1629.0,0,0,1629.0,1,0,2,0,3,1,Gd,7,Typ,1,Gd,Attchd,2003.0,RFn,3,880.0,TA,TA,Y,0,0,0,0,0,0,0,10,2009,WD,Normal,284000.0
334,120,RM,59.0,8198.0,Pave,Reg,Lvl,AllPub,FR3,Gtl,NridgHt,Norm,Norm,TwnhsE,1Story,7,5,2004,2004,Gable,CompShg,VinylSd,VinylSd,146.0,Gd,TA,PConc,Gd,TA,Av,GLQ,720.0,Unf,0,638.0,1358,GasA,Ex,Y,SBrkr,1358.0,0,0,1358.0,1,0,2,0,2,1,Gd,6,Typ,1,Gd,Attchd,2004.0,RFn,2,484.0,TA,TA,Y,192,30,0,0,0,0,0,7,2008,WD,Normal,207000.0
335,60,RL,59.0,9042.0,Pave,IR1,Lvl,AllPub,Inside,Gtl,Gilbert,Norm,Norm,1Fam,2Story,6,5,1998,1998,Gable,CompShg,VinylSd,VinylSd,0.0,TA,TA,PConc,Gd,TA,Gd,GLQ,828.0,Unf,0,115.0,943,GasA,Gd,Y,SBrkr,943.0,695,0,1638.0,1,0,2,1,3,1,TA,7,Typ,2,TA,Attchd,1998.0,Fin,2,472.0,TA,TA,Y,100,38,0,0,0,0,0,7,2008,WD,Normal,192000.0
336,190,RL,85.0,17673.5,Grvl,IR1,HLS,AllPub,Corner,Sev,Timber,Norm,Norm,2fmCon,1.5Fin,5,6,1965,1965,Gable,CompShg,Plywood,Plywood,0.0,TA,TA,CBlock,TA,TA,Gd,ALQ,1249.0,BLQ,0,103.0,1499,GasA,Ex,Y,SBrkr,1619.0,167,0,1786.0,2,0,2,0,3,1,TA,7,Typ,2,Gd,Attchd,1965.0,Fin,2,529.0,TA,TA,Y,420,0,0,0,0,0,700,8,2008,WD,Normal,228950.0
337,20,RL,86.0,14157.0,Pave,IR1,HLS,AllPub,Corner,Gtl,StoneBr,Norm,Norm,1Fam,1Story,9,5,2005,2006,Hip,CompShg,VinylSd,VinylSd,200.0,Gd,TA,PConc,Ex,TA,Gd,GLQ,1249.0,Unf,0,673.0,1922,GasA,Ex,Y,SBrkr,1922.0,0,0,1922.0,1,0,2,0,3,1,Gd,8,Typ,1,Gd,Attchd,2005.0,Fin,3,676.0,TA,TA,Y,178,51,0,0,0,0,0,7,2007,WD,Normal,340037.5
338,20,RL,70.0,9135.0,Pave,Reg,Lvl,AllPub,Inside,Gtl,CollgCr,Norm,Norm,1Fam,1Story,7,5,2002,2003,Gable,CompShg,VinylSd,VinylSd,113.0,Gd,TA,PConc,Gd,TA,Av,GLQ,810.0,Unf,0,726.0,1536,GasA,Ex,Y,SBrkr,1536.0,0,0,1536.0,1,0,2,0,3,1,Gd,7,Typ,0,None,Attchd,2002.0,RFn,2,532.0,TA,TA,Y,192,74,0,0,0,0,0,12,2008,WD,Normal,214000.0
339,20,RL,91.0,14145.0,Pave,Reg,Lvl,AllPub,Corner,Gtl,NWAmes,Norm,Norm,1Fam,1Story,7,7,1984,1998,Gable,CompShg,Wd Sdng,Wd Sdng,0.0,Gd,TA,CBlock,Gd,TA,Mn,ALQ,213.0,Unf,0,995.0,1208,GasA,Ex,Y,SBrkr,1621.0,0,0,1621.0,1,0,2,0,3,1,Gd,8,Typ,0,None,Attchd,1984.0,RFn,2,440.0,TA,TA,Y,108,45,0,0,0,0,400,5,2006,WD,Normal,202500.0
340,20,RL,66.0,12400.0,Pave,IR1,Lvl,AllPub,Inside,Gtl,NAmes,Feedr,Norm,1Fam,1Story,6,7,1958,1998,Hip,CompShg,Wd Sdng,Wd Sdng,176.0,TA,TA,CBlock,TA,Fa,No,Rec,585.0,Unf,0,630.0,1215,GasA,TA,Y,FuseA,1215.0,0,0,1215.0,0,0,1,0,3,1,TA,6,Typ,0,None,Attchd,1958.0,Unf,1,297.0,TA,TA,Y,0,0,0,0,0,0,0,6,2009,WD,Normal,155000.0
341,60,RL,85.0,14191.0,Pave,Reg,Lvl,AllPub,Inside,Gtl,Timber,Norm,Norm,1Fam,2Story,8,5,2002,2002,Gable,CompShg,VinylSd,VinylSd,0.0,Gd,TA,PConc,Gd,TA,No,Unf,0.0,Unf,0,967.0,967,GasA,Ex,Y,SBrkr,993.0,915,0,1908.0,0,0,2,1,4,1,Gd,9,Typ,0,None,Attchd,2002.0,Fin,2,431.0,TA,TA,Y,135,0,0,0,0,0,0,4,2010,WD,Normal,202900.0
342,20,RH,60.0,8400.0,Pave,Reg,Lvl,AllPub,Inside,Gtl,SawyerW,Feedr,Norm,1Fam,1Story,4,4,1950,1950,Gable,CompShg,Wd Sdng,AsbShng,0.0,Fa,Fa,CBlock,TA,Fa,No,Unf,0.0,Unf,0,721.0,721,GasA,Gd,Y,SBrkr,841.0,0,0,841.0,0,0,1,0,2,1,TA,4,Typ,0,None,CarPort,1950.0,Unf,1,294.0,TA,TA,N,250,0,0,0,0,0,0,9,2009,WD,Normal,82000.0
343,90,RL,73.0,8544.0,Pave,Reg,Lvl,AllPub,Inside,Gtl,NAmes,Norm,Norm,Duplex,1Story,3,4,1949,1950,Gable,CompShg,Stucco,Stucco,340.0,TA,TA,Slab,None,None,None,None,0.0,None,0,0.0,42,Wall,Fa,N,FuseA,1040.0,0,0,1040.0,0,0,2,0,2,2,TA,6,Typ,0,None,Detchd,1949.0,Unf,2,400.0,TA,TA,Y,0,0,0,0,0,0,0,5,2006,WD,Normal,87500.0
344,120,RL,63.0,8849.0,Pave,IR1,Lvl,AllPub,Inside,Gtl,NridgHt,Norm,Norm,TwnhsE,1Story,9,5,2005,2005,Hip,CompShg,MetalSd,MetalSd,410.625,Ex,TA,PConc,Ex,TA,No,GLQ,28.0,Unf,0,1656.0,1684,GasA,Ex,Y,SBrkr,1684.0,0,0,1684.0,0,0,2,0,2,1,Ex,6,Typ,1,Ex,Attchd,2005.0,RFn,2,564.0,TA,TA,Y,420,72,0,0,0,0,0,7,2008,WD,Normal,266000.0
345,160,RM,36.0,2592.0,Pave,Reg,Lvl,AllPub,Inside,Gtl,MeadowV,Norm,Norm,TwnhsE,2Story,5,3,1976,1976,Gable,CompShg,CemntBd,CmentBd,0.0,TA,TA,CBlock,Gd,TA,No,Rec,129.0,BLQ,0,175.0,536,GasA,TA,Y,SBrkr,536.0,576,0,1112.0,0,0,1,1,3,1,TA,4,Typ,0,None,Attchd,1976.0,Unf,1,336.0,TA,TA,Y,182,0,0,0,0,0,0,4,2010,WD,Normal,85000.0
346,50,RL,65.0,6435.0,Pave,Reg,Lvl,AllPub,Inside,Gtl,BrkSide,RRAn,Norm,1Fam,1.5Fin,6,5,1939,1950,Gable,CompShg,MetalSd,MetalSd,0.0,TA,TA,BrkTil,TA,TA,No,Unf,0.0,Unf,0,972.0,972,GasA,Gd,Y,SBrkr,972.0,605,0,1577.0,0,0,1,0,3,1,Fa,6,Typ,1,Gd,Detchd,1939.0,Unf,1,312.0,TA,TA,Y,0,0,0,0,0,0,0,10,2006,WD,Normal,140200.0
347,20,RL,73.0,12772.0,Pave,IR1,Lvl,AllPub,CulDSac,Gtl,NAmes,Norm,Norm,1Fam,1Story,6,8,1960,1998,Hip,CompShg,MetalSd,MetalSd,0.0,TA,Gd,CBlock,TA,TA,Mn,BLQ,498.0,Unf,0,460.0,958,GasA,TA,Y,SBrkr,958.0,0,0,958.0,0,0,1,0,2,1,TA,5,Typ,0,None,Attchd,1960.0,RFn,1,301.0,TA,TA,Y,0,0,0,0,0,0,15500,4,2007,WD,Normal,151500.0
348,20,RL,73.0,17600.0,Pave,IR1,Lvl,AllPub,Inside,Gtl,NAmes,Norm,Norm,1Fam,1Story,6,5,1960,1960,Gable,CompShg,Wd Sdng,Wd Sdng,30.0,TA,TA,CBlock,TA,TA,No,BLQ,1270.0,Unf,0,208.0,1478,GasA,Ex,Y,FuseA,1478.0,0,0,1478.0,1,0,2,0,3,1,TA,6,Typ,2,Gd,Attchd,1960.0,Unf,2,498.0,TA,TA,Y,0,40,0,0,0,0,0,12,2009,WD,Normal,157500.0
349,160,RL,36.0,2448.0,Pave,Reg,Lvl,AllPub,Inside,Gtl,NridgHt,Norm,Norm,Twnhs,2Story,7,5,2003,2004,Gable,CompShg,VinylSd,Wd Shng,106.0,Gd,TA,PConc,Gd,TA,No,GLQ,573.0,Unf,0,191.0,764,GasA,Ex,Y,SBrkr,764.0,862,0,1626.0,1,0,2,1,2,1,Gd,6,Typ,0,None,BuiltIn,2003.0,RFn,2,474.0,TA,TA,Y,0,27,0,0,0,0,0,10,2008,WD,Normal,154000.0
350,60,RL,56.0,17673.5,Pave,IR2,Lvl,AllPub,Inside,Gtl,NridgHt,Norm,Norm,1Fam,2Story,9,5,2005,2006,Hip,CompShg,CemntBd,CmentBd,410.625,Ex,TA,PConc,Ex,TA,No,GLQ,1410.0,Unf,0,438.0,1848,GasA,Ex,Y,SBrkr,1848.0,880,0,2728.0,1,0,2,1,4,1,Ex,10,Typ,2,Ex,Attchd,2006.0,Fin,3,706.0,TA,TA,Y,0,0,0,0,0,0,0,4,2006,New,Partial,340037.5
351,120,RL,68.0,7820.0,Pave,IR1,Lvl,AllPub,Inside,Gtl,NridgHt,Norm,Norm,TwnhsE,1Story,9,5,2007,2007,Hip,CompShg,MetalSd,MetalSd,362.0,Ex,TA,PConc,Ex,TA,No,Unf,0.0,Unf,0,1685.5,1869,GasA,Ex,Y,SBrkr,1869.0,0,0,1869.0,0,0,2,0,2,1,Ex,6,Typ,1,Gd,Attchd,2007.0,RFn,2,617.0,TA,TA,Y,210,54,0,0,0,0,0,12,2007,New,Partial,318061.0
352,120,RL,80.0,5271.0,Pave,IR1,Low,AllPub,Inside,Mod,ClearCr,Norm,Norm,1Fam,1Story,7,5,1986,1986,Gable,CompShg,Wd Sdng,Wd Sdng,0.0,TA,TA,PConc,Gd,TA,Gd,GLQ,1082.0,Unf,0,371.0,1453,GasA,Gd,Y,SBrkr,1453.0,0,0,1453.0,1,0,1,1,2,1,Gd,6,Typ,1,TA,Attchd,1986.0,RFn,2,445.0,TA,TA,Y,0,80,0,0,0,0,0,12,2006,WD,Abnorml,190000.0
353,50,RL,60.0,9084.0,Pave,Reg,Lvl,AllPub,Inside,Gtl,Edwards,Artery,Norm,1Fam,1.5Fin,5,6,1941,1950,Gable,CompShg,VinylSd,VinylSd,0.0,TA,TA,CBlock,TA,Fa,Mn,LwQ,236.0,Rec,0,0.0,616,GasA,TA,N,SBrkr,616.0,495,0,1111.0,0,1,1,0,3,1,TA,5,Typ,0,None,Detchd,1941.0,Unf,1,200.0,TA,Fa,Y,48,0,0,0,0,0,0,3,2008,ConLw,Normal,95000.0
354,30,RM,60.0,8520.0,Pave,Reg,Lvl,AllPub,Inside,Gtl,OldTown,Norm,Norm,1Fam,1Story,6,8,1928,2003,Gable,CompShg,VinylSd,VinylSd,0.0,TA,Gd,BrkTil,TA,TA,No,Unf,0.0,Unf,0,624.0,624,GasA,Gd,Y,SBrkr,720.0,0,0,720.0,0,0,1,0,2,1,TA,5,Typ,0,None,Detchd,2005.0,Unf,2,484.0,TA,TA,Y,106,0,0,0,0,0,0,5,2010,WD,Normal,105900.0
355,50,RL,60.0,8400.0,Pave,Reg,Bnk,AllPub,Inside,Gtl,SWISU,Norm,Norm,1Fam,1.5Fin,6,5,1940,2000,Gable,CompShg,Wd Sdng,MetalSd,0.0,TA,TA,CBlock,TA,TA,No,LwQ,388.0,Unf,0,552.0,940,GasA,Ex,Y,SBrkr,1192.0,403,0,1595.0,0,0,1,0,2,1,TA,6,Typ,2,Gd,Attchd,1940.0,Unf,1,240.0,TA,TA,Y,0,0,0,0,0,0,0,6,2006,WD,Normal,140000.0
356,20,RL,105.0,11249.0,Pave,IR2,Lvl,AllPub,Inside,Gtl,CollgCr,Norm,Norm,1Fam,1Story,6,5,1995,1995,Gable,CompShg,VinylSd,VinylSd,0.0,Gd,Gd,PConc,Gd,Gd,No,ALQ,334.0,BLQ,0,322.0,1200,GasA,Ex,Y,SBrkr,1200.0,0,0,1200.0,1,0,2,0,3,1,Gd,6,Typ,0,None,Attchd,1995.0,RFn,2,521.0,TA,TA,Y,0,26,0,0,0,0,0,8,2007,WD,Normal,177500.0
357,20,RL,65.0,9248.0,Pave,IR1,Lvl,AllPub,Inside,Gtl,Gilbert,Norm,Norm,1Fam,1Story,6,6,1992,1992,Gable,CompShg,HdBoard,HdBoard,106.0,TA,TA,PConc,Gd,TA,No,GLQ,560.0,Unf,0,598.0,1158,GasA,Gd,Y,SBrkr,1167.0,0,0,1167.0,1,0,2,0,3,1,Gd,6,Typ,0,None,Attchd,1992.0,RFn,2,400.0,TA,TA,Y,120,26,0,0,0,0,0,7,2009,WD,Normal,173000.0
358,120,RM,44.0,4224.0,Pave,Reg,Lvl,AllPub,Inside,Gtl,MeadowV,Norm,Norm,TwnhsE,1Story,5,5,1976,1976,Gable,CompShg,CemntBd,CmentBd,0.0,TA,TA,PConc,Gd,TA,No,ALQ,874.0,Unf,0,268.0,1142,GasA,TA,Y,SBrkr,1142.0,0,0,1142.0,1,0,1,1,3,1,TA,6,Typ,1,Po,Attchd,1976.0,Fin,2,528.0,TA,TA,Y,420,90,0,0,0,0,0,8,2007,WD,Normal,134000.0
359,80,RL,92.0,6930.0,Pave,IR1,Lvl,AllPub,Inside,Gtl,ClearCr,Norm,Norm,1Fam,SLvl,5,4,1958,1958,Hip,CompShg,Wd Sdng,ImStucc,120.0,TA,TA,CBlock,TA,TA,Av,BLQ,300.0,Rec,0,468.0,1062,GasA,Ex,Y,FuseF,1352.0,0,0,1352.0,0,1,1,0,3,1,Gd,6,Min2,0,None,BuiltIn,1958.0,Unf,1,288.0,TA,TA,Y,168,0,0,0,0,0,0,7,2006,WD,Abnorml,130000.0
360,60,RL,78.0,12011.0,Pave,IR1,Lvl,AllPub,CulDSac,Gtl,NoRidge,Norm,Norm,1Fam,2Story,8,5,1998,1998,Gable,CompShg,VinylSd,VinylSd,410.625,Gd,TA,PConc,Gd,TA,Av,GLQ,956.0,Unf,0,130.0,1086,GasA,Ex,Y,SBrkr,1086.0,838,0,1924.0,1,0,2,1,3,1,Gd,7,Typ,1,TA,Attchd,1998.0,RFn,2,592.0,TA,TA,Y,208,75,0,0,0,0,0,6,2006,WD,Normal,280000.0
361,85,RL,73.0,7540.0,Pave,IR1,Lvl,AllPub,CulDSac,Gtl,Mitchel,Norm,Norm,1Fam,SFoyer,6,6,1978,1978,Gable,CompShg,VinylSd,VinylSd,0.0,TA,TA,CBlock,Gd,TA,Av,GLQ,773.0,Unf,0,115.0,888,GasA,Ex,Y,SBrkr,912.0,0,0,912.0,1,0,1,0,2,1,TA,5,Typ,1,TA,Attchd,1978.0,RFn,2,470.0,TA,TA,Y,0,0,0,0,0,0,0,6,2007,WD,Normal,156000.0
362,50,RL,52.0,9144.0,Pave,Reg,Lvl,AllPub,Inside,Gtl,BrkSide,Norm,Norm,1Fam,1.5Fin,5,5,1940,1982,Gable,CompShg,MetalSd,MetalSd,0.0,TA,TA,CBlock,TA,TA,No,Rec,399.0,Unf,0,484.0,883,GasA,Gd,Y,SBrkr,988.0,517,0,1505.0,1,0,1,0,3,1,TA,8,Typ,0,None,Detchd,1940.0,Unf,1,240.0,TA,TA,N,0,0,0,0,0,0,0,7,2008,WD,Normal,145000.0
363,85,RL,64.0,7301.0,Pave,Reg,Lvl,AllPub,Corner,Gtl,Edwards,Norm,Norm,1Fam,SFoyer,7,5,2003,2003,Gable,CompShg,HdBoard,HdBoard,410.625,Gd,TA,Slab,None,None,None,None,0.0,None,0,0.0,42,GasA,Ex,Y,SBrkr,495.0,1427,0,1922.0,0,0,3,0,4,1,Gd,7,Typ,1,Ex,BuiltIn,2003.0,RFn,2,672.0,TA,TA,Y,0,0,0,0,0,0,0,7,2009,ConLD,Normal,198500.0
364,160,RM,30.0,1680.0,Pave,Reg,Lvl,AllPub,Inside,Gtl,BrDale,Norm,Norm,Twnhs,2Story,6,8,1972,2007,Gable,CompShg,HdBoard,HdBoard,410.625,TA,TA,CBlock,TA,TA,No,ALQ,162.0,Unf,0,321.0,483,GasA,Gd,Y,SBrkr,483.0,504,0,987.0,0,0,1,1,2,1,Gd,5,Typ,0,None,Detchd,1972.0,Unf,1,264.0,TA,TA,Y,250,0,0,0,0,0,0,5,2009,WD,Normal,118000.0
365,60,RL,80.0,17673.5,Pave,IR1,Lvl,AllPub,FR2,Gtl,NWAmes,Norm,Norm,1Fam,2Story,6,5,1976,1976,Gable,CompShg,HdBoard,HdBoard,120.0,TA,TA,PConc,Gd,TA,Mn,GLQ,712.0,Unf,0,84.0,796,GasA,TA,Y,SBrkr,790.0,784,0,1574.0,1,0,2,1,3,1,TA,6,Typ,1,TA,Attchd,1976.0,Fin,2,566.0,TA,TA,Y,306,111,0,0,0,0,0,7,2006,WD,Normal,190000.0
366,70,RM,59.0,10690.0,Pave,Reg,Lvl,AllPub,Inside,Gtl,IDOTRR,Norm,Norm,1Fam,2Story,5,7,1920,1997,Hip,CompShg,VinylSd,VinylSd,0.0,TA,Gd,CBlock,TA,Fa,No,Rec,456.0,Unf,0,216.0,672,GasA,Gd,Y,FuseA,672.0,672,0,1344.0,0,0,1,0,3,1,TA,6,Typ,0,None,Detchd,1964.0,Unf,1,468.0,TA,Fa,Y,0,128,0,0,0,0,0,7,2009,WD,Normal,147000.0
367,20,RL,73.0,9500.0,Pave,IR1,Lvl,AllPub,Inside,Gtl,NAmes,Norm,Norm,1Fam,1Story,6,5,1963,1963,Gable,CompShg,Plywood,Plywood,247.0,TA,TA,CBlock,Gd,TA,No,BLQ,609.0,Unf,0,785.0,1394,GasA,Gd,Y,SBrkr,1394.0,0,0,1394.0,1,0,1,1,3,1,TA,6,Typ,2,Gd,Attchd,1963.0,RFn,2,514.0,TA,TA,Y,0,76,0,0,0,0,0,7,2009,WD,Normal,159000.0
368,80,RL,101.0,9150.0,Pave,IR1,Lvl,AllPub,Corner,Gtl,NAmes,Norm,Norm,1Fam,SLvl,6,5,1962,1962,Gable,Tar&Grv,Plywood,Plywood,305.0,TA,TA,CBlock,Gd,TA,Gd,GLQ,371.0,Unf,0,728.0,1099,GasA,Gd,Y,SBrkr,1431.0,0,0,1431.0,0,1,1,0,3,1,TA,6,Typ,1,Gd,Basment,1962.0,RFn,1,296.0,TA,TA,Y,64,110,0,0,0,0,0,12,2008,WD,Normal,165000.0
369,20,RL,78.0,7800.0,Pave,Reg,Lvl,AllPub,Inside,Gtl,NAmes,Norm,Norm,1Fam,1Story,5,6,1954,1954,Gable,CompShg,HdBoard,HdBoard,200.0,TA,TA,PConc,TA,TA,No,LwQ,540.0,Unf,0,728.0,1268,GasA,Gd,Y,SBrkr,1268.0,0,0,1268.0,0,0,1,0,2,1,TA,7,Typ,1,Gd,Attchd,1954.0,Fin,1,244.0,TA,TA,Y,0,98,0,0,0,0,0,3,2010,WD,Normal,132000.0
370,20,RL,73.0,9830.0,Pave,IR1,Lvl,AllPub,Corner,Gtl,NAmes,Norm,Norm,1Fam,1Story,5,7,1959,2006,Gable,CompShg,Wd Sdng,Wd Sdng,0.0,TA,Gd,CBlock,TA,TA,No,ALQ,72.0,Rec,0,733.0,1063,GasA,Ex,Y,SBrkr,1287.0,0,0,1287.0,1,0,1,0,3,1,Gd,7,Typ,1,Gd,Detchd,1997.0,Fin,2,576.0,TA,TA,Y,364,17,0,0,0,0,0,3,2010,WD,Normal,162000.0
371,60,RL,65.0,8121.0,Pave,IR1,Lvl,AllPub,Inside,Gtl,Gilbert,Norm,Norm,1Fam,2Story,6,5,2000,2000,Gable,CompShg,VinylSd,VinylSd,0.0,TA,TA,PConc,Gd,TA,No,Unf,0.0,Unf,0,953.0,953,GasA,Ex,Y,SBrkr,953.0,711,0,1664.0,0,0,2,1,3,1,TA,7,Typ,1,TA,Attchd,2000.0,RFn,2,460.0,TA,TA,Y,100,40,0,0,0,0,0,1,2006,WD,Normal,172400.0
372,50,RL,80.0,17120.0,Pave,Reg,Lvl,AllPub,Inside,Gtl,ClearCr,Feedr,Norm,1Fam,1.5Fin,4,4,1959,1959,Gable,CompShg,WdShing,Plywood,0.0,TA,TA,CBlock,None,None,None,None,0.0,None,0,0.0,42,GasA,TA,Y,SBrkr,1120.0,468,0,1588.0,0,0,2,0,4,1,TA,7,Min2,1,Gd,Detchd,1991.0,Fin,2,680.0,TA,TA,N,0,59,0,0,0,0,0,7,2008,WD,Normal,134432.0
373,120,RL,50.0,7175.0,Pave,Reg,Lvl,AllPub,Inside,Gtl,SawyerW,Norm,Norm,TwnhsE,1Story,6,5,1984,1984,Gable,CompShg,Plywood,Plywood,0.0,TA,TA,CBlock,Gd,TA,No,ALQ,623.0,LwQ,0,0.0,744,GasA,TA,Y,SBrkr,752.0,0,0,752.0,1,0,1,0,2,1,TA,4,Typ,0,None,Attchd,1984.0,Unf,1,264.0,TA,TA,Y,353,0,0,0,0,0,0,2,2010,WD,Normal,125000.0
374,20,RL,79.0,10634.0,Pave,Reg,Lvl,AllPub,Inside,Gtl,NAmes,Norm,Norm,1Fam,1Story,5,6,1953,1953,Gable,CompShg,MetalSd,MetalSd,0.0,TA,TA,PConc,TA,TA,No,BLQ,428.0,LwQ,0,0.0,608,GasA,TA,Y,SBrkr,1319.0,0,0,1319.0,1,0,1,0,3,1,TA,5,Min2,0,None,Attchd,1953.0,Unf,1,270.0,TA,TA,Y,66,0,0,0,0,0,0,11,2009,WD,Normal,123000.0
375,60,RL,65.0,8200.0,Pave,Reg,Lvl,AllPub,Inside,Gtl,CollgCr,Norm,Norm,1Fam,2Story,7,5,2003,2004,Gable,CompShg,VinylSd,VinylSd,0.0,Gd,TA,PConc,Gd,TA,No,Unf,0.0,Unf,0,847.0,847,GasA,Ex,Y,SBrkr,847.0,1081,0,1928.0,0,0,2,1,4,1,Gd,8,Typ,1,Gd,BuiltIn,2003.0,Fin,2,434.0,TA,TA,Y,100,48,0,0,0,0,0,7,2007,WD,Normal,219500.0
376,30,RL,65.5,10020.0,Pave,IR1,Low,AllPub,Inside,Sev,Edwards,Norm,Norm,1Fam,1Story,1,1,1922,1950,Gable,CompShg,Wd Sdng,Wd Sdng,0.0,Fa,Fa,BrkTil,Fa,Po,Gd,BLQ,350.0,Unf,0,333.0,683,GasA,Gd,N,FuseA,904.0,0,0,904.0,1,0,0,1,1,1,Fa,4,Maj1,0,None,None,1893.5,None,0,0.0,None,None,Y,0,0,0,0,0,0,0,3,2009,WD,Normal,61000.0
377,85,RL,57.0,8846.0,Pave,IR1,Lvl,AllPub,CulDSac,Gtl,CollgCr,Norm,Norm,1Fam,SFoyer,5,5,1996,1996,Gable,CompShg,VinylSd,VinylSd,0.0,Gd,TA,PConc,Gd,TA,Av,GLQ,298.0,Unf,0,572.0,870,GasA,Ex,Y,SBrkr,914.0,0,0,914.0,0,0,1,0,2,1,TA,5,Typ,0,None,Detchd,1998.0,Unf,2,576.0,TA,TA,Y,0,0,0,0,0,0,0,7,2006,WD,Normal,148000.0
378,60,FV,102.0,11143.0,Pave,IR1,Lvl,AllPub,Corner,Gtl,Somerst,Norm,Norm,1Fam,2Story,8,5,2004,2005,Gable,CompShg,CemntBd,CmentBd,0.0,Gd,TA,PConc,Gd,TA,No,Unf,0.0,Unf,0,1580.0,1580,GasA,Ex,Y,SBrkr,1580.0,886,0,2466.0,0,0,3,0,4,1,Gd,8,Typ,1,Gd,Attchd,2004.0,RFn,2,610.0,TA,TA,Y,159,170,0,0,0,0,0,12,2007,WD,Normal,340000.0
379,20,RL,88.0,11394.0,Pave,Reg,Lvl,AllPub,Corner,Gtl,StoneBr,Norm,Norm,1Fam,1Story,9,2,2010,2010,Hip,CompShg,VinylSd,VinylSd,350.0,Gd,TA,PConc,Ex,TA,Av,GLQ,1445.0,Unf,0,411.0,1856,GasA,Ex,Y,SBrkr,1856.0,0,0,1856.0,1,0,1,1,1,1,Ex,8,Typ,1,Ex,Attchd,2010.0,Fin,3,834.0,TA,TA,Y,113,0,0,0,0,0,0,6,2010,New,Partial,340037.5
380,60,RL,60.0,8123.0,Pave,IR1,Lvl,AllPub,Inside,Gtl,Gilbert,RRAn,Norm,1Fam,2Story,6,5,2000,2000,Gable,CompShg,VinylSd,VinylSd,16.0,TA,TA,PConc,Gd,TA,No,Unf,0.0,Unf,0,982.0,982,GasA,Ex,Y,SBrkr,1007.0,793,0,1800.0,0,0,2,1,3,1,TA,7,Typ,1,TA,Attchd,2000.0,Fin,2,463.0,TA,TA,Y,100,63,0,0,0,0,0,6,2009,WD,Normal,179000.0
381,50,RL,50.0,5000.0,Pave,Reg,Lvl,AllPub,Inside,Gtl,SWISU,Norm,Norm,1Fam,1.5Fin,5,6,1924,1950,Gable,CompShg,BrkFace,Wd Sdng,0.0,TA,TA,BrkTil,TA,TA,No,LwQ,218.0,Unf,0,808.0,1026,GasA,TA,Y,SBrkr,1026.0,665,0,1691.0,0,0,2,0,3,1,Gd,6,Typ,1,Gd,Detchd,1924.0,Unf,1,308.0,TA,TA,Y,0,0,0,0,0,0,0,5,2010,WD,Normal,127000.0
382,20,FV,60.0,7200.0,Pave,Reg,Lvl,AllPub,Inside,Gtl,Somerst,Norm,Norm,1Fam,1Story,7,5,2006,2006,Gable,CompShg,VinylSd,VinylSd,0.0,Gd,TA,PConc,Gd,Gd,No,Unf,0.0,Unf,0,1293.0,1293,GasA,Ex,Y,SBrkr,1301.0,0,0,1301.0,1,0,2,0,2,1,Gd,5,Typ,1,Gd,Attchd,2006.0,RFn,2,572.0,TA,TA,Y,216,121,0,0,0,0,0,8,2006,New,Partial,187750.0
383,60,RL,79.0,9245.0,Pave,IR1,Lvl,AllPub,Inside,Gtl,CollgCr,Norm,Norm,1Fam,2Story,7,5,2006,2006,Gable,CompShg,VinylSd,VinylSd,0.0,Gd,TA,PConc,Gd,TA,Av,Unf,0.0,Unf,0,939.0,939,GasA,Ex,Y,SBrkr,939.0,858,0,1797.0,0,0,2,1,3,1,Gd,8,Typ,0,None,Attchd,2006.0,RFn,2,639.0,TA,TA,Y,144,53,0,0,0,0,0,4,2007,WD,Normal,213500.0
384,45,RH,60.0,9000.0,Pave,Reg,Lvl,AllPub,Corner,Gtl,SawyerW,Norm,Norm,1Fam,1.5Unf,6,3,1928,1950,Gable,CompShg,Wd Sdng,Wd Sdng,0.0,TA,TA,BrkTil,Fa,Fa,No,Unf,0.0,Unf,0,784.0,784,GasA,TA,N,FuseA,784.0,0,0,784.0,0,0,1,0,2,1,TA,5,Typ,0,None,Detchd,1950.0,Unf,2,360.0,Fa,Fa,N,0,0,0,0,0,0,0,10,2009,WD,Normal,76000.0
385,60,RL,80.0,17673.5,Pave,IR2,Low,AllPub,Corner,Mod,ClearCr,Feedr,Norm,1Fam,2Story,6,5,1992,1992,Gable,CompShg,HdBoard,HdBoard,0.0,Gd,TA,PConc,Gd,TA,Av,GLQ,985.0,Unf,0,595.0,1580,GasA,Ex,Y,SBrkr,1079.0,874,0,1953.0,1,0,2,1,3,1,Gd,9,Typ,2,Fa,Attchd,1992.0,Fin,2,501.0,TA,TA,Y,216,170,0,0,0,0,0,6,2007,WD,Normal,240000.0
386,120,RL,43.0,3182.0,Pave,Reg,Lvl,AllPub,Inside,Gtl,Blmngtn,Norm,Norm,TwnhsE,1Story,8,5,2004,2005,Gable,CompShg,VinylSd,VinylSd,16.0,Gd,TA,PConc,Gd,TA,No,GLQ,24.0,Unf,0,1232.0,1256,GasA,Ex,Y,SBrkr,1269.0,0,0,1269.0,0,0,2,0,2,1,Gd,6,Typ,1,TA,Attchd,2004.0,Fin,2,430.0,TA,TA,Y,146,20,0,0,0,0,0,4,2010,WD,Normal,192000.0
387,50,RL,58.0,8410.0,Pave,Reg,Lvl,AllPub,FR2,Gtl,Edwards,Feedr,Norm,1Fam,1.5Fin,5,3,1910,1996,Gambrel,CompShg,Wd Sdng,VinylSd,0.0,TA,Fa,PConc,TA,TA,No,Unf,0.0,Unf,0,658.0,658,GasA,TA,Y,SBrkr,658.0,526,0,1184.0,0,0,1,0,5,1,TA,8,Typ,0,None,None,1893.5,None,0,0.0,None,None,N,0,151,0,0,0,0,0,5,2006,WD,AdjLand,81000.0
388,80,RL,72.0,7200.0,Pave,Reg,Lvl,AllPub,Inside,Gtl,Edwards,Norm,Norm,1Fam,SLvl,6,6,1976,1976,Hip,CompShg,MetalSd,MetalSd,255.0,TA,TA,CBlock,TA,TA,Av,ALQ,631.0,Unf,0,410.0,1041,GasA,Ex,Y,SBrkr,1125.0,0,0,1125.0,1,0,1,0,3,1,TA,6,Typ,1,Fa,Detchd,1977.0,Unf,1,352.0,TA,TA,Y,296,0,0,0,0,0,0,10,2009,WD,Abnorml,125000.0
389,20,RL,93.0,9382.0,Pave,IR1,Lvl,AllPub,CulDSac,Gtl,CollgCr,Norm,Norm,1Fam,1Story,7,5,1999,2000,Gable,CompShg,VinylSd,VinylSd,125.0,Gd,TA,PConc,Gd,TA,No,Unf,0.0,Unf,0,1468.0,1468,GasA,Ex,Y,SBrkr,1479.0,0,0,1479.0,0,0,2,0,3,1,Gd,6,Typ,0,None,Attchd,1999.0,RFn,2,577.0,TA,TA,Y,120,25,0,0,0,0,0,7,2008,WD,Normal,191000.0
390,60,RL,96.0,12474.0,Pave,Reg,Lvl,AllPub,Inside,Gtl,NridgHt,Norm,Norm,1Fam,2Story,10,5,2007,2008,Gable,CompShg,VinylSd,VinylSd,272.0,Ex,TA,PConc,Ex,TA,Av,GLQ,1280.0,Unf,0,402.0,1682,GasA,Ex,Y,SBrkr,1742.0,590,0,2332.0,1,0,2,1,3,1,Ex,9,Typ,1,Ex,BuiltIn,2008.0,Fin,3,846.0,TA,TA,Y,196,134,0,0,0,0,0,8,2008,New,Partial,340037.5
391,50,RL,50.0,8405.0,Pave,Reg,Lvl,AllPub,Inside,Gtl,Edwards,Norm,Norm,1Fam,1.5Fin,5,8,1900,1950,Gable,CompShg,MetalSd,MetalSd,0.0,TA,TA,BrkTil,TA,Gd,No,Rec,241.0,BLQ,0,229.0,861,GasA,Ex,Y,SBrkr,961.0,406,0,1367.0,1,0,1,0,4,1,TA,7,Typ,0,None,Detchd,1978.0,Unf,1,384.0,TA,TA,Y,0,130,0,0,0,0,0,4,2008,WD,Normal,119000.0
392,60,RL,71.0,12209.0,Pave,IR1,Lvl,AllPub,CulDSac,Gtl,Mitchel,Norm,Norm,1Fam,2Story,6,5,2001,2002,Gable,CompShg,VinylSd,VinylSd,0.0,TA,TA,PConc,Ex,TA,No,ALQ,690.0,Unf,0,114.0,804,GasA,Ex,Y,SBrkr,804.0,1157,0,1961.0,1,0,2,1,3,1,Gd,7,Typ,1,TA,BuiltIn,2001.0,Fin,2,560.0,TA,TA,Y,125,170,0,0,0,0,0,6,2009,WD,Normal,215000.0
393,20,RL,73.0,8339.0,Pave,IR1,Lvl,AllPub,Inside,Gtl,NAmes,Norm,Norm,1Fam,1Story,5,7,1959,1959,Gable,CompShg,MetalSd,MetalSd,0.0,TA,TA,Slab,None,None,None,None,0.0,None,0,0.0,42,GasA,TA,Y,SBrkr,882.0,0,0,882.0,0,0,1,0,3,1,TA,5,Typ,0,None,Attchd,1959.0,RFn,1,294.0,TA,TA,Y,0,0,0,0,0,0,1200,7,2007,WD,Normal,106500.0
394,30,RL,52.0,7446.0,Pave,Reg,Lvl,AllPub,Corner,Gtl,BrkSide,Feedr,Norm,1Fam,1Story,4,5,1941,1950,Gable,CompShg,WdShing,Wd Shng,0.0,TA,TA,CBlock,TA,TA,No,Rec,266.0,Unf,0,522.0,788,GasA,TA,Y,FuseA,788.0,0,0,788.0,0,0,1,0,2,1,TA,4,Typ,2,TA,None,1893.5,None,0,0.0,None,None,Y,0,0,0,0,0,0,0,4,2006,WD,Abnorml,100000.0
395,50,RL,60.0,10134.0,Pave,Reg,Lvl,AllPub,Inside,Gtl,OldTown,Norm,Norm,1Fam,1.5Fin,5,6,1940,1950,Gable,CompShg,MetalSd,MetalSd,0.0,TA,TA,CBlock,TA,TA,No,Unf,0.0,Unf,0,735.0,735,GasA,Gd,Y,FuseA,735.0,299,0,1034.0,0,0,1,0,2,1,TA,5,Typ,0,None,Detchd,1940.0,Unf,1,240.0,TA,TA,Y,0,39,0,0,0,0,0,7,2007,WD,Normal,109000.0
396,20,RL,68.0,9571.0,Pave,Reg,Lvl,AllPub,Inside,Gtl,Edwards,Norm,Norm,1Fam,1Story,5,6,1956,1956,Gable,CompShg,Wd Sdng,Wd Sdng,0.0,TA,TA,CBlock,TA,TA,Av,BLQ,739.0,Unf,0,405.0,1144,GasA,TA,Y,SBrkr,1144.0,0,0,1144.0,1,0,1,0,3,1,TA,6,Typ,0,None,Attchd,1956.0,Unf,1,596.0,TA,TA,Y,44,0,0,0,0,0,0,6,2010,WD,Normal,129000.0
397,20,RL,60.0,7200.0,Pave,Reg,Low,AllPub,Inside,Gtl,CollgCr,Norm,Norm,1Fam,1Story,5,5,1972,1972,Hip,CompShg,MetalSd,MetalSd,0.0,TA,TA,CBlock,TA,TA,Av,Rec,777.0,Unf,0,117.0,894,GasA,TA,Y,SBrkr,894.0,0,0,894.0,0,0,1,0,2,1,TA,6,Typ,0,None,Detchd,1985.0,RFn,2,600.0,TA,TA,Y,215,0,0,0,0,0,0,9,2009,WD,Normal,123000.0
398,60,RL,69.0,7590.0,Pave,Reg,Lvl,AllPub,Inside,Gtl,NAmes,PosN,Norm,1Fam,2Story,5,5,1962,1962,Gable,CompShg,VinylSd,VinylSd,288.0,TA,TA,CBlock,TA,TA,No,ALQ,540.0,Unf,0,324.0,864,GasA,TA,Y,SBrkr,876.0,936,0,1812.0,0,0,2,0,4,1,TA,8,Typ,1,TA,Attchd,1962.0,RFn,1,264.0,TA,TA,Y,0,168,0,0,0,0,0,7,2007,WD,Normal,169500.0
399,30,RM,60.0,8967.0,Pave,Reg,Lvl,AllPub,Corner,Gtl,IDOTRR,Norm,Norm,1Fam,1Story,5,2,1920,1950,Gable,CompShg,MetalSd,MetalSd,0.0,TA,Fa,BrkTil,Fa,Po,No,Unf,0.0,Unf,0,961.0,961,GasA,Gd,Y,Mix,1077.0,0,0,1077.0,0,0,1,0,2,1,TA,6,Maj2,0,None,Detchd,1920.0,Unf,1,338.0,Po,Po,N,0,0,0,0,0,0,0,11,2007,WD,Abnorml,67000.0
400,60,FV,65.0,8125.0,Pave,Reg,Lvl,AllPub,Inside,Gtl,Somerst,Norm,Norm,1Fam,2Story,7,5,2006,2007,Gable,CompShg,CemntBd,CmentBd,100.0,Gd,TA,PConc,Gd,TA,No,GLQ,812.0,Unf,0,280.0,1092,GasA,Ex,Y,SBrkr,1112.0,438,0,1550.0,1,0,2,0,2,1,Gd,7,Typ,0,None,Attchd,2007.0,Fin,2,438.0,TA,TA,Y,0,168,0,0,0,0,0,10,2009,WD,Normal,241000.0
401,120,RL,38.0,14963.0,Pave,IR2,Lvl,AllPub,Inside,Gtl,Veenker,Norm,Norm,TwnhsE,1Story,8,5,1996,1996,Gable,CompShg,BrkFace,BrkFace,0.0,Gd,TA,PConc,Gd,TA,No,GLQ,786.0,Unf,0,474.0,1260,GasA,Ex,Y,SBrkr,1288.0,0,0,1288.0,1,0,1,1,1,1,Ex,4,Typ,2,Gd,Attchd,1996.0,Fin,2,500.0,TA,TA,Y,120,30,0,0,0,0,0,12,2008,WD,Normal,245500.0
402,20,RL,65.0,8767.0,Pave,IR1,Lvl,AllPub,Inside,Gtl,CollgCr,Norm,Norm,1Fam,1Story,7,5,2005,2005,Gable,CompShg,VinylSd,VinylSd,0.0,Gd,TA,PConc,Gd,TA,Av,GLQ,24.0,Unf,0,1286.0,1310,GasA,Ex,Y,SBrkr,1310.0,0,0,1310.0,0,0,2,0,3,1,Gd,6,Typ,1,Gd,Attchd,2005.0,Fin,2,400.0,TA,TA,Y,0,0,0,0,0,0,0,7,2006,New,Partial,164990.0
403,30,RL,60.0,10200.0,Pave,Reg,Lvl,AllPub,Inside,Gtl,Sawyer,Norm,Norm,1Fam,1Story,5,8,1940,1997,Gable,CompShg,Wd Sdng,Wd Sdng,0.0,TA,TA,PConc,TA,TA,No,Unf,0.0,Unf,0,672.0,672,GasA,Ex,Y,SBrkr,672.0,0,0,672.0,0,0,1,0,2,1,TA,4,Typ,0,None,Detchd,1940.0,Unf,1,240.0,TA,TA,N,168,0,0,0,0,0,0,8,2008,WD,Normal,108000.0
404,60,RL,93.0,12090.0,Pave,Reg,Lvl,AllPub,Corner,Gtl,NoRidge,Norm,Norm,1Fam,2Story,8,5,1998,1998,Hip,CompShg,VinylSd,VinylSd,410.625,Gd,TA,PConc,Gd,TA,No,Unf,0.0,Unf,0,1141.0,1141,GasA,Gd,Y,SBrkr,1165.0,1098,0,2263.0,0,0,2,1,4,1,Gd,10,Typ,1,TA,BuiltIn,1998.0,Fin,2,420.0,TA,TA,Y,144,123,0,0,0,0,0,7,2006,WD,Abnorml,258000.0
405,60,RL,65.0,10364.0,Pave,IR1,Lvl,AllPub,Inside,Gtl,Gilbert,Norm,Norm,1Fam,2Story,6,5,1995,1996,Gable,CompShg,MetalSd,MetalSd,0.0,TA,TA,PConc,Gd,TA,No,Unf,0.0,Unf,0,806.0,806,GasA,Gd,Y,SBrkr,806.0,766,0,1572.0,0,0,2,1,3,1,TA,7,Typ,1,TA,BuiltIn,1995.0,Fin,2,373.0,TA,TA,Y,0,40,0,0,0,0,0,5,2007,WD,Normal,168000.0
406,20,RL,71.0,9991.0,Pave,IR1,Lvl,AllPub,Corner,Gtl,Sawyer,Feedr,Norm,1Fam,1Story,4,4,1976,1993,Gable,CompShg,Plywood,Plywood,0.0,TA,TA,CBlock,TA,TA,No,BLQ,1116.0,Unf,0,165.0,1281,GasA,Ex,Y,SBrkr,1620.0,0,0,1620.0,1,0,2,0,3,1,TA,8,Min1,1,TA,Attchd,1993.0,Unf,2,490.0,TA,TA,Y,120,78,0,0,0,0,0,6,2009,WD,Normal,150000.0
407,50,RL,51.0,10480.0,Pave,Reg,Lvl,AllPub,Inside,Gtl,SWISU,Norm,Norm,1Fam,1.5Fin,6,5,1936,1950,Gable,CompShg,MetalSd,MetalSd,0.0,TA,TA,BrkTil,TA,TA,No,Unf,0.0,Unf,0,1064.0,1064,GasA,Ex,Y,FuseA,1166.0,0,473,1639.0,0,0,1,0,3,1,TA,6,Maj2,0,None,Detchd,1936.0,Unf,1,240.0,TA,TA,Y,0,0,0,0,0,0,0,3,2008,WD,Normal,115000.0
408,70,RL,63.0,15576.0,Pave,Reg,Lvl,AllPub,Inside,Gtl,Crawfor,Norm,Norm,1Fam,2Story,6,7,1915,1976,Gable,CompShg,Wd Sdng,Plywood,0.0,TA,TA,BrkTil,Gd,TA,No,Unf,0.0,Unf,0,840.0,840,GasA,Ex,Y,SBrkr,840.0,840,0,1680.0,0,0,2,0,4,1,TA,8,Typ,0,None,Attchd,1960.0,Unf,1,308.0,TA,TA,Y,0,0,0,0,0,0,0,3,2008,WD,Normal,177000.0
409,60,RL,109.0,14154.0,Pave,Reg,Lvl,AllPub,Corner,Gtl,NridgHt,Norm,Norm,1Fam,2Story,7,5,2006,2006,Gable,CompShg,VinylSd,VinylSd,350.0,Gd,TA,PConc,Ex,Gd,No,Unf,0.0,Unf,0,1063.0,1063,GasA,Ex,Y,SBrkr,1071.0,1101,0,2172.0,0,0,2,1,3,1,Gd,9,Typ,1,Gd,Attchd,2006.0,RFn,3,938.25,TA,TA,Y,192,62,0,0,0,0,0,8,2007,New,Partial,280000.0
410,60,FV,85.0,10800.0,Pave,Reg,Lvl,AllPub,Inside,Gtl,Somerst,Norm,Norm,1Fam,2Story,8,5,2007,2008,Gable,CompShg,VinylSd,VinylSd,100.0,Gd,TA,PConc,Ex,TA,No,GLQ,789.0,Unf,0,245.0,1034,GasA,Ex,Y,SBrkr,1050.0,1028,0,2078.0,1,0,2,1,3,1,Ex,8,Typ,1,Gd,Attchd,2008.0,Fin,3,836.0,TA,TA,Y,0,102,0,0,0,0,0,4,2008,New,Partial,339750.0
411,20,RL,68.0,9571.0,Pave,Reg,Lvl,AllPub,Inside,Gtl,Edwards,Norm,Norm,1Fam,1Story,5,3,1958,1958,Gable,CompShg,BrkComm,Brk Cmn,0.0,TA,Fa,CBlock,TA,Fa,No,Unf,0.0,Unf,0,1276.0,1276,GasA,TA,Y,FuseA,1276.0,0,0,1276.0,0,0,1,0,3,1,TA,5,Mod,0,None,Attchd,1958.0,Unf,1,350.0,TA,TA,Y,0,0,0,0,0,0,0,6,2009,COD,Abnorml,60000.0
412,190,RL,100.0,17673.5,Pave,Reg,Bnk,AllPub,Inside,Gtl,Gilbert,Norm,Norm,2fmCon,1Story,5,5,1955,1955,Hip,CompShg,Wd Sdng,Wd Sdng,0.0,TA,TA,CBlock,TA,TA,Mn,Rec,1056.0,Unf,0,0.0,1056,GasA,TA,N,SBrkr,1056.0,0,0,1056.0,1,0,1,0,3,1,TA,5,Typ,0,None,Attchd,1955.0,Fin,2,572.0,TA,TA,Y,264,0,0,0,0,0,0,1,2006,WD,Normal,145000.0
413,20,FV,73.5,4403.0,Pave,IR2,Lvl,AllPub,Inside,Gtl,Somerst,Norm,Norm,1Fam,1Story,7,5,2009,2009,Gable,CompShg,MetalSd,MetalSd,410.625,Ex,TA,PConc,Ex,TA,Av,GLQ,578.0,Unf,0,892.0,1470,GasA,Ex,Y,SBrkr,1478.0,0,0,1478.0,1,0,2,1,2,1,Gd,7,Typ,1,Gd,Attchd,2009.0,Fin,2,484.0,TA,TA,Y,0,144,0,0,0,0,0,6,2010,New,Partial,222000.0
414,30,RM,56.0,8960.0,Pave,Reg,Lvl,AllPub,Inside,Gtl,OldTown,Artery,Norm,1Fam,1Story,5,6,1927,1950,Gable,CompShg,WdShing,Wd Shng,0.0,TA,TA,CBlock,TA,TA,No,Unf,0.0,Unf,0,1008.0,1008,GasA,Gd,Y,FuseA,1028.0,0,0,1028.0,0,0,1,0,2,1,TA,5,Typ,1,Gd,Detchd,1927.0,Unf,2,360.0,TA,TA,Y,0,0,0,0,0,0,0,3,2010,WD,Normal,115000.0
415,60,RL,59.0,11228.0,Pave,IR2,Lvl,AllPub,CulDSac,Gtl,SawyerW,Norm,Norm,1Fam,2Story,7,5,1993,1993,Gable,CompShg,VinylSd,VinylSd,0.0,Gd,TA,PConc,Gd,TA,No,BLQ,50.0,GLQ,0,499.0,1080,GasA,Ex,Y,SBrkr,1080.0,1017,0,2097.0,0,1,2,1,3,1,Gd,9,Typ,1,TA,Attchd,1993.0,Unf,3,678.0,TA,TA,Y,196,170,0,0,0,0,0,12,2008,WD,Normal,228000.0
416,20,RL,73.0,8899.0,Pave,IR1,Lvl,AllPub,Inside,Gtl,Gilbert,Norm,Norm,1Fam,1Story,7,5,2007,2007,Gable,CompShg,VinylSd,VinylSd,0.0,Gd,TA,PConc,Gd,TA,Av,GLQ,24.0,Unf,0,1316.0,1340,GasA,Ex,Y,SBrkr,1340.0,0,0,1340.0,0,0,2,0,3,1,Gd,6,Typ,0,None,Attchd,2007.0,Fin,2,396.0,TA,TA,Y,100,30,0,0,0,0,0,8,2007,New,Partial,181134.0
417,60,RL,74.0,7844.0,Pave,Reg,Lvl,AllPub,Inside,Gtl,Sawyer,Norm,Norm,1Fam,2Story,6,7,1978,1978,Hip,CompShg,HdBoard,HdBoard,203.0,TA,TA,CBlock,TA,TA,No,ALQ,209.0,Unf,0,463.0,672,GasA,TA,Y,SBrkr,672.0,728,0,1400.0,0,0,1,1,3,1,TA,6,Typ,1,TA,Attchd,1978.0,Fin,2,440.0,TA,TA,Y,0,0,0,0,0,0,0,3,2006,WD,Normal,149500.0
418,70,RL,86.0,17673.5,Pave,IR1,Lvl,AllPub,Inside,Gtl,Crawfor,Feedr,Norm,1Fam,2Story,6,6,1918,1950,Hip,CompShg,Wd Sdng,Stucco,0.0,TA,TA,BrkTil,Gd,TA,No,BLQ,1128.0,Unf,0,242.0,1370,GasW,TA,N,FuseA,1370.0,1254,0,2624.0,1,0,2,1,4,1,TA,10,Typ,1,Gd,Detchd,1918.0,Unf,3,864.0,TA,TA,N,0,0,0,0,0,0,0,11,2007,WD,Normal,239000.0
419,50,RL,60.0,8160.0,Pave,Reg,Lvl,AllPub,Inside,Gtl,Edwards,Norm,Norm,1Fam,1.5Fin,5,6,1940,1950,Gable,CompShg,MetalSd,MetalSd,0.0,TA,TA,BrkTil,TA,TA,No,ALQ,312.0,Unf,0,444.0,756,GasA,Fa,N,FuseF,756.0,378,0,1134.0,1,0,1,1,3,1,TA,7,Typ,0,None,Detchd,1940.0,Unf,1,240.0,TA,TA,P,0,0,0,0,0,0,0,4,2007,WD,AdjLand,126000.0
420,20,RL,65.0,8450.0,Pave,Reg,Lvl,AllPub,Inside,Gtl,NAmes,Norm,Norm,1Fam,1Story,5,6,1968,1968,Gable,CompShg,VinylSd,VinylSd,0.0,TA,TA,CBlock,TA,TA,No,BLQ,775.0,Unf,0,281.0,1056,GasA,Ex,Y,SBrkr,1056.0,0,0,1056.0,1,0,1,0,3,1,TA,6,Typ,1,Fa,Attchd,1968.0,Unf,1,304.0,TA,TA,Y,0,85,0,0,0,0,0,7,2010,WD,Normal,142000.0
421,90,RM,78.0,7060.0,Pave,Reg,Lvl,AllPub,Inside,Gtl,Mitchel,Norm,Norm,Duplex,SFoyer,7,5,1997,1998,Gable,CompShg,VinylSd,VinylSd,200.0,TA,Gd,PConc,Gd,Gd,Gd,GLQ,1309.0,Unf,0,35.0,1344,GasA,Ex,Y,SBrkr,1344.0,0,0,1344.0,2,0,2,0,2,2,TA,8,Typ,0,None,Attchd,1997.0,Fin,4,784.0,TA,TA,Y,0,0,0,0,0,0,0,11,2008,WD,Alloca,206300.0
422,20,RL,80.0,16635.0,Pave,IR1,Lvl,AllPub,FR2,Gtl,NWAmes,Norm,Norm,1Fam,1Story,6,7,1977,2000,Gable,CompShg,CemntBd,CmentBd,126.0,Gd,TA,CBlock,Gd,TA,No,ALQ,1246.0,Unf,0,356.0,1602,GasA,Gd,Y,SBrkr,1602.0,0,0,1602.0,0,1,2,0,3,1,Gd,8,Typ,1,TA,Attchd,1977.0,Fin,2,529.0,TA,TA,Y,240,0,0,0,0,0,0,6,2009,WD,Normal,215000.0
423,20,RL,100.0,17673.5,Pave,Reg,HLS,AllPub,Inside,Mod,Mitchel,Artery,Norm,1Fam,1Story,5,5,1954,1954,Hip,CompShg,HdBoard,HdBoard,0.0,TA,TA,CBlock,TA,TA,No,Unf,0.0,Unf,0,988.0,988,GasA,Ex,Y,FuseA,988.0,0,0,988.0,0,0,1,0,2,1,TA,4,Typ,0,None,Attchd,1954.0,RFn,2,520.0,TA,TA,N,0,0,0,0,0,0,0,2,2008,WD,Normal,113000.0
424,60,RL,80.0,9200.0,Pave,Reg,Lvl,AllPub,Inside,Gtl,NoRidge,Norm,Norm,1Fam,2Story,8,5,1998,1998,Gable,CompShg,VinylSd,VinylSd,410.625,Gd,TA,PConc,Gd,TA,No,GLQ,986.0,Unf,0,484.0,1470,GasA,Gd,Y,SBrkr,1470.0,1160,0,2630.0,1,0,2,1,4,1,Gd,8,Typ,1,TA,Attchd,1998.0,Fin,3,696.0,TA,TA,Y,0,66,0,0,0,0,0,6,2008,WD,Normal,315000.0
425,20,RL,72.0,9000.0,Pave,Reg,Lvl,AllPub,Inside,Gtl,NAmes,Norm,Norm,1Fam,1Story,6,5,1956,1956,Gable,CompShg,Wd Sdng,Wd Sdng,74.0,TA,TA,CBlock,Gd,TA,No,LwQ,616.0,Unf,0,580.0,1196,GasA,Gd,Y,FuseA,1196.0,0,0,1196.0,1,0,1,0,2,1,TA,6,Typ,1,Gd,Attchd,1956.0,RFn,1,297.0,TA,TA,Y,0,44,0,0,0,0,0,5,2008,WD,Normal,139000.0
426,60,RM,60.0,3378.0,Pave,Reg,HLS,AllPub,Inside,Gtl,OldTown,Norm,Norm,1Fam,2Story,7,8,1946,1992,Gable,CompShg,HdBoard,HdBoard,0.0,TA,Gd,CBlock,TA,TA,No,Unf,0.0,Unf,0,651.0,651,GasA,Gd,Y,SBrkr,707.0,682,0,1389.0,0,0,1,1,3,1,TA,6,Typ,2,Gd,Detchd,1947.0,Unf,1,240.0,TA,TA,P,0,0,0,0,0,0,0,9,2009,WD,Normal,135000.0
427,80,RL,66.5,12800.0,Pave,Reg,Low,AllPub,Inside,Mod,SawyerW,Norm,Norm,1Fam,SLvl,7,5,1989,1989,Gable,CompShg,Wd Sdng,Wd Sdng,145.0,Gd,TA,PConc,Gd,TA,Gd,GLQ,1518.0,Unf,0,0.0,1518,GasA,Gd,Y,SBrkr,1644.0,0,0,1644.0,1,1,2,0,2,1,Gd,5,Typ,1,TA,Attchd,1989.0,Fin,2,569.0,TA,TA,Y,80,0,0,0,0,0,0,8,2009,WD,Normal,275000.0
428,20,RL,77.0,8593.0,Pave,IR1,Lvl,AllPub,Inside,Gtl,NAmes,Norm,Norm,1Fam,1Story,4,6,1957,1957,Hip,CompShg,MetalSd,MetalSd,0.0,TA,TA,CBlock,TA,TA,No,Rec,288.0,Unf,0,619.0,907,GasA,Ex,Y,SBrkr,907.0,0,0,907.0,0,0,1,0,3,1,TA,5,Typ,0,None,Detchd,1964.0,Unf,1,352.0,TA,TA,Y,0,0,0,0,0,0,0,7,2008,WD,Normal,109008.0
429,20,RL,64.0,6762.0,Pave,Reg,Lvl,AllPub,Inside,Gtl,CollgCr,Norm,Norm,1Fam,1Story,7,5,2007,2007,Gable,CompShg,VinylSd,VinylSd,108.0,Gd,TA,PConc,Gd,TA,No,GLQ,664.0,Unf,0,544.0,1208,GasA,Ex,Y,SBrkr,1208.0,0,0,1208.0,1,0,2,0,2,1,Gd,6,Typ,0,None,Attchd,2007.0,RFn,2,628.0,TA,TA,Y,105,54,0,0,0,0,0,9,2007,New,Partial,195400.0
430,20,RL,110.0,11457.0,Pave,IR1,Lvl,AllPub,Corner,Gtl,Timber,Norm,Norm,1Fam,1Story,6,5,1988,1988,Gable,CompShg,HdBoard,HdBoard,0.0,TA,TA,CBlock,Gd,TA,Mn,GLQ,1005.0,Unf,0,387.0,1392,GasA,TA,Y,SBrkr,1412.0,0,0,1412.0,1,0,2,0,3,1,Gd,6,Typ,1,TA,Attchd,1988.0,Unf,2,576.0,TA,TA,Y,0,0,0,0,0,0,0,3,2009,WD,Normal,175000.0
431,160,RM,30.0,1680.0,Pave,Reg,Lvl,AllPub,Inside,Gtl,BrDale,Norm,Norm,Twnhs,2Story,6,5,1971,1971,Gable,CompShg,HdBoard,HdBoard,232.0,TA,TA,CBlock,TA,TA,No,ALQ,387.0,Unf,0,96.0,483,GasA,TA,Y,SBrkr,483.0,504,0,987.0,0,0,1,1,2,1,TA,4,Typ,0,None,Detchd,1971.0,Unf,1,264.0,TA,TA,Y,0,0,0,0,0,0,0,7,2008,COD,Abnorml,85400.0
432,50,RM,60.0,5586.0,Pave,IR1,Bnk,AllPub,Inside,Gtl,OldTown,Feedr,Norm,1Fam,1.5Fin,6,7,1920,1998,Gable,CompShg,MetalSd,MetalSd,0.0,TA,TA,BrkTil,TA,TA,No,Unf,0.0,Unf,0,901.0,901,GasA,Gd,Y,SBrkr,1088.0,110,0,1198.0,0,0,1,0,4,1,TA,7,Typ,0,None,None,1893.5,None,0,0.0,None,None,N,0,98,0,0,0,0,0,9,2008,ConLD,Abnorml,79900.0
433,160,RM,30.0,1920.0,Pave,Reg,Lvl,AllPub,Inside,Gtl,BrDale,Norm,Norm,TwnhsE,2Story,5,5,1971,1971,Gable,CompShg,HdBoard,HdBoard,376.0,TA,TA,CBlock,TA,TA,No,ALQ,471.0,Unf,0,294.0,765,GasA,Ex,Y,SBrkr,765.0,600,0,1365.0,1,0,1,1,2,1,TA,6,Min1,0,None,Detchd,1971.0,Unf,2,440.0,TA,TA,Y,240,36,0,0,0,0,0,8,2007,WD,Normal,122500.0
434,60,RL,100.0,10839.0,Pave,IR1,Lvl,AllPub,Corner,Gtl,Gilbert,Norm,Norm,1Fam,2Story,6,5,1997,1998,Gable,CompShg,VinylSd,VinylSd,0.0,TA,TA,PConc,Gd,TA,No,Unf,0.0,Unf,0,926.0,926,GasA,Ex,Y,SBrkr,926.0,678,0,1604.0,0,0,2,1,3,1,TA,7,Typ,1,TA,Attchd,1997.0,Fin,2,470.0,TA,TA,Y,0,36,0,0,0,0,0,7,2008,WD,Normal,181000.0
435,180,RM,30.0,1890.0,Pave,Reg,Lvl,AllPub,Inside,Gtl,MeadowV,Norm,Norm,Twnhs,SFoyer,4,7,1972,1972,Gable,CompShg,CemntBd,CmentBd,0.0,TA,Gd,CBlock,Gd,TA,Av,ALQ,495.0,Unf,0,135.0,630,GasA,Gd,Y,SBrkr,630.0,0,0,630.0,1,0,1,0,1,1,TA,3,Typ,0,None,None,1893.5,None,0,0.0,None,None,Y,88,0,0,0,0,0,0,6,2008,WD,Normal,81000.0
436,60,RL,43.0,10667.0,Pave,IR2,Lvl,AllPub,CulDSac,Gtl,CollgCr,PosN,Norm,1Fam,2Story,7,6,1996,1996,Gable,CompShg,VinylSd,VinylSd,0.0,Gd,TA,PConc,Gd,TA,Av,GLQ,385.0,ALQ,0,70.0,799,GasA,Ex,Y,SBrkr,827.0,834,0,1661.0,1,0,2,1,3,1,Gd,6,Typ,1,TA,Attchd,1996.0,RFn,2,550.0,TA,TA,Y,158,61,0,0,0,0,0,4,2009,ConLw,Normal,212000.0
437,50,RM,40.0,4400.0,Pave,Reg,Lvl,AllPub,Inside,Gtl,OldTown,Norm,Norm,1Fam,1.5Fin,6,8,1920,1950,Gable,CompShg,Stucco,Stucco,0.0,TA,TA,BrkTil,Fa,TA,No,Unf,0.0,Unf,0,648.0,648,GasA,TA,Y,FuseA,734.0,384,0,1118.0,0,0,1,0,2,1,TA,6,Typ,0,None,Detchd,1990.0,Unf,2,440.0,TA,TA,Y,0,0,0,0,0,0,0,10,2006,WD,Normal,116000.0
438,45,RM,50.0,6000.0,Pave,Reg,Lvl,AllPub,Inside,Gtl,BrkSide,Norm,Norm,1Fam,1.5Unf,6,7,1926,2004,Gable,CompShg,Wd Sdng,Wd Sdng,0.0,Gd,TA,PConc,TA,TA,No,Unf,0.0,Unf,0,884.0,884,GasA,Gd,Y,SBrkr,904.0,0,0,904.0,0,0,1,0,2,1,TA,4,Typ,0,None,Detchd,1926.0,Unf,1,180.0,TA,TA,Y,0,0,0,0,0,0,0,1,2009,WD,Normal,119000.0
439,30,RL,40.0,4280.0,Pave,Reg,Lvl,AllPub,Inside,Gtl,Crawfor,Norm,Norm,1Fam,1Story,5,6,1913,2002,Gable,CompShg,WdShing,Stucco,0.0,TA,TA,PConc,TA,TA,No,LwQ,365.0,Unf,0,75.0,440,GasA,TA,N,SBrkr,694.0,0,0,694.0,0,0,1,0,2,1,Gd,4,Typ,1,Gd,Detchd,1990.0,Unf,1,352.0,Gd,TA,P,0,0,0,0,0,0,0,3,2007,WD,Normal,90350.0
440,50,RL,67.0,12354.0,Pave,Reg,Lvl,AllPub,Corner,Gtl,Edwards,Norm,Norm,1Fam,1.5Fin,6,8,1920,2000,Gable,CompShg,Wd Sdng,Wd Sdng,0.0,TA,TA,BrkTil,TA,Fa,Mn,Unf,0.0,Unf,0,684.0,684,GasA,Gd,Y,SBrkr,684.0,512,0,1196.0,0,0,1,0,3,1,Gd,7,Typ,0,None,Detchd,2005.0,Unf,2,528.0,TA,TA,Y,0,46,0,0,0,0,800,8,2009,ConLI,Normal,110000.0
441,20,RL,105.0,15431.0,Pave,Reg,Lvl,AllPub,Inside,Gtl,NridgHt,Norm,Norm,1Fam,1Story,10,5,2008,2008,Hip,CompShg,VinylSd,VinylSd,200.0,Ex,TA,PConc,Ex,TA,Gd,GLQ,1767.0,ALQ,0,788.0,2052,GasA,Ex,Y,SBrkr,2155.125,0,0,2402.0,1,0,2,0,2,1,Ex,10,Typ,2,Gd,Attchd,2008.0,Fin,3,672.0,TA,TA,Y,0,72,0,0,0,0,0,4,2009,WD,Normal,340037.5
442,90,RL,92.0,12108.0,Pave,Reg,Lvl,AllPub,Inside,Gtl,Edwards,Norm,Norm,Duplex,1Story,4,4,1955,1955,Gable,CompShg,VinylSd,VinylSd,270.0,TA,TA,CBlock,TA,TA,No,ALQ,133.0,Unf,0,1307.0,1440,GasA,TA,N,FuseF,1440.0,0,0,1440.0,0,0,2,0,4,2,Fa,8,Typ,0,None,None,1893.5,None,0,0.0,None,None,Y,0,0,0,0,0,0,0,9,2008,WD,Normal,118000.0
443,50,RM,52.0,6240.0,Pave,Reg,Lvl,AllPub,Inside,Gtl,BrkSide,Norm,Norm,1Fam,1.5Fin,5,7,1930,1992,Gable,CompShg,MetalSd,MetalSd,0.0,TA,TA,PConc,TA,TA,No,Unf,0.0,Unf,0,1078.0,1078,GasA,TA,Y,SBrkr,1128.0,445,0,1573.0,0,0,2,0,3,1,TA,8,Typ,1,Gd,Detchd,1930.0,Unf,2,360.0,TA,TA,P,0,0,0,0,0,0,0,6,2008,WD,Normal,162900.0
444,120,RL,53.0,3922.0,Pave,Reg,Lvl,AllPub,Inside,Gtl,Blmngtn,Norm,Norm,TwnhsE,1Story,7,5,2006,2007,Gable,CompShg,WdShing,Wd Shng,72.0,Gd,TA,PConc,Ex,TA,Av,Unf,0.0,Unf,0,1258.0,1258,GasA,Ex,Y,SBrkr,1258.0,0,0,1258.0,0,0,2,0,2,1,Gd,6,Typ,1,Gd,Attchd,2007.0,Fin,3,648.0,TA,TA,Y,144,16,0,0,0,0,0,6,2007,New,Partial,172500.0
445,60,RL,70.0,8750.0,Pave,Reg,Lvl,AllPub,Inside,Gtl,CollgCr,Norm,Norm,1Fam,2Story,7,5,1994,1995,Gable,CompShg,VinylSd,VinylSd,0.0,Gd,Gd,PConc,Gd,TA,No,GLQ,642.0,Unf,0,273.0,915,GasA,Ex,Y,SBrkr,933.0,975,0,1908.0,1,0,2,1,4,1,Gd,8,Typ,1,TA,Attchd,1994.0,Unf,2,493.0,TA,TA,Y,144,133,0,0,0,0,0,7,2008,WD,Normal,210000.0
446,20,RL,73.0,9855.0,Pave,Reg,Lvl,AllPub,Corner,Gtl,Edwards,Norm,Norm,1Fam,1Story,6,5,1956,1956,Hip,CompShg,Wd Sdng,Wd Sdng,0.0,TA,TA,CBlock,TA,TA,No,Unf,0.0,Unf,0,1436.0,1436,GasA,Fa,Y,SBrkr,1689.0,0,0,1689.0,0,0,1,0,3,1,TA,7,Typ,1,Gd,Attchd,1956.0,Unf,2,480.0,TA,TA,Y,0,0,0,0,0,0,0,11,2009,COD,Normal,127500.0
447,20,RL,110.0,16492.0,Pave,IR1,Lvl,AllPub,Corner,Gtl,NAmes,PosA,Norm,1Fam,1Story,6,6,1966,2002,Gable,CompShg,BrkFace,Plywood,0.0,Gd,TA,CBlock,TA,TA,No,ALQ,247.0,Rec,0,557.0,1517,GasA,Ex,Y,SBrkr,1888.0,0,0,1888.0,0,0,2,1,2,1,Gd,6,Mod,1,Gd,Attchd,1966.0,Fin,2,578.0,TA,TA,Y,0,0,0,0,0,0,0,6,2010,WD,Normal,190000.0
448,60,RL,65.0,11214.0,Pave,IR1,Lvl,AllPub,Corner,Gtl,Gilbert,Norm,Norm,1Fam,2Story,7,5,1998,1999,Gable,CompShg,VinylSd,VinylSd,0.0,Gd,TA,PConc,Gd,TA,No,Unf,0.0,Unf,0,930.0,930,GasA,Gd,Y,SBrkr,956.0,930,0,1886.0,0,0,2,1,4,1,Gd,10,Typ,1,TA,Attchd,1998.0,Fin,2,431.0,TA,TA,Y,89,0,0,0,0,0,0,7,2006,WD,Normal,199900.0
449,50,RM,50.0,8600.0,Pave,Reg,Bnk,AllPub,Inside,Gtl,IDOTRR,Norm,Norm,1Fam,1.5Fin,6,6,1937,1950,Gable,CompShg,MetalSd,MetalSd,0.0,TA,TA,BrkTil,TA,TA,No,Unf,0.0,Unf,0,780.0,780,GasA,TA,Y,SBrkr,780.0,596,0,1376.0,0,0,2,0,3,1,TA,7,Typ,1,Gd,Detchd,1937.0,Unf,1,198.0,TA,TA,N,0,0,0,0,0,0,0,6,2006,WD,Normal,119500.0
450,50,RM,50.0,6000.0,Pave,Reg,Lvl,AllPub,Inside,Gtl,OldTown,Norm,Norm,1Fam,1.5Fin,3,7,1948,2002,Gable,CompShg,MetalSd,MetalSd,0.0,TA,Gd,CBlock,TA,TA,No,ALQ,331.0,Unf,0,318.0,649,GasA,Ex,Y,SBrkr,679.0,504,0,1183.0,0,0,1,1,2,1,TA,6,Typ,0,None,Detchd,1981.0,Unf,1,308.0,TA,TA,Y,0,170,0,0,0,0,0,6,2007,WD,Normal,120000.0
451,30,RM,70.0,5684.0,Pave,Reg,Lvl,AllPub,Inside,Gtl,OldTown,Norm,Norm,1Fam,1Story,6,8,1930,2005,Hip,CompShg,Wd Sdng,Wd Sdng,0.0,TA,TA,BrkTil,TA,TA,No,Unf,0.0,Unf,0,813.0,813,GasA,Ex,Y,FuseA,813.0,0,0,813.0,0,0,1,0,2,1,Gd,5,Typ,0,None,Detchd,1932.0,Unf,1,270.0,Fa,Fa,N,0,113,0,0,0,0,0,6,2006,WD,Normal,110000.0
452,20,RL,62.0,17673.5,Pave,IR1,Low,AllPub,Inside,Mod,ClearCr,Norm,Norm,1Fam,1Story,7,5,1975,1975,Gable,WdShngl,Plywood,Plywood,0.0,TA,TA,CBlock,Gd,TA,Gd,ALQ,655.0,Unf,0,878.0,1533,GasA,TA,Y,SBrkr,1533.0,0,0,1533.0,1,0,2,0,2,1,Gd,5,Typ,2,TA,Attchd,1975.0,Unf,2,576.0,TA,TA,Y,200,54,0,0,0,0,0,12,2006,WD,Normal,280000.0
453,60,RL,85.0,9303.0,Pave,IR1,Lvl,AllPub,Corner,Gtl,Timber,Norm,Norm,1Fam,2Story,6,5,1996,1997,Hip,CompShg,VinylSd,VinylSd,42.0,Gd,TA,PConc,Ex,TA,No,ALQ,742.0,Unf,0,130.0,872,GasA,Ex,Y,SBrkr,888.0,868,0,1756.0,1,0,2,1,3,1,TA,7,Typ,0,None,Attchd,1996.0,Fin,2,422.0,TA,TA,Y,144,122,0,0,0,0,0,7,2007,WD,Normal,204000.0
454,60,FV,75.0,9000.0,Pave,Reg,Lvl,AllPub,Inside,Gtl,Somerst,Norm,Norm,1Fam,2Story,8,5,2008,2008,Gable,CompShg,VinylSd,VinylSd,0.0,Gd,TA,PConc,Gd,TA,No,Unf,0.0,Unf,0,768.0,768,GasA,Ex,Y,SBrkr,786.0,804,0,1590.0,0,0,2,1,3,1,Gd,6,Typ,0,None,Attchd,2008.0,RFn,2,676.0,TA,TA,Y,0,30,0,0,0,0,0,6,2009,WD,Normal,210000.0
455,90,RL,63.0,9297.0,Pave,Reg,Lvl,AllPub,Inside,Gtl,Mitchel,Norm,Norm,Duplex,1Story,5,5,1976,1976,Gable,CompShg,Plywood,Plywood,0.0,TA,TA,CBlock,TA,TA,No,ALQ,1606.0,Unf,0,122.0,1728,GasA,TA,Y,SBrkr,1728.0,0,0,1728.0,2,0,2,0,4,2,TA,8,Typ,0,None,Detchd,1976.0,Unf,2,560.0,TA,TA,Y,0,0,0,0,0,0,0,7,2006,WD,Family,188000.0
456,20,RL,80.0,9600.0,Pave,Reg,Lvl,AllPub,Inside,Gtl,NWAmes,Norm,Norm,1Fam,1Story,7,6,1973,1973,Hip,CompShg,HdBoard,HdBoard,320.0,TA,TA,CBlock,TA,TA,No,ALQ,916.0,Unf,0,326.0,1242,GasA,Fa,Y,SBrkr,1242.0,0,0,1242.0,0,0,1,1,3,1,TA,6,Typ,1,TA,Attchd,1973.0,Unf,2,528.0,TA,TA,Y,0,0,0,0,0,0,0,9,2007,WD,Normal,175500.0
457,70,RM,34.0,4571.0,Pave,Reg,Lvl,AllPub,Inside,Gtl,OldTown,Norm,Norm,1Fam,2Story,5,5,1916,1950,Gable,CompShg,AsbShng,AsbShng,0.0,TA,TA,BrkTil,TA,TA,No,Unf,0.0,Unf,0,624.0,624,GasA,Fa,N,SBrkr,624.0,720,0,1344.0,0,0,1,0,4,1,TA,7,Typ,0,None,Detchd,1916.0,Unf,3,513.0,Fa,Fa,Y,0,0,0,0,0,0,0,5,2008,COD,Abnorml,98000.0
458,20,RL,80.0,17673.5,Pave,IR1,Low,AllPub,CulDSac,Mod,ClearCr,Norm,Norm,1Fam,1Story,4,6,1954,1994,Flat,Tar&Grv,Plywood,Plywood,0.0,TA,TA,CBlock,Gd,TA,Gd,BLQ,1116.0,Unf,0,248.0,1364,GasA,Ex,Y,SBrkr,1663.0,0,0,1663.0,1,0,1,0,2,1,Gd,6,Min1,2,Gd,Attchd,1954.0,Fin,2,529.0,TA,TA,Y,224,137,0,0,0,0,0,3,2008,WD,Normal,256000.0
459,70,RM,60.0,5100.0,Pave,Reg,Lvl,AllPub,Inside,Gtl,OldTown,Norm,Norm,1Fam,2Story,8,7,1925,1996,Hip,CompShg,Stucco,Wd Shng,0.0,TA,Gd,PConc,TA,TA,No,Unf,0.0,Unf,0,588.0,588,GasA,Fa,Y,SBrkr,833.0,833,0,1666.0,0,0,1,0,3,1,Gd,7,Typ,1,Gd,Detchd,1925.0,Unf,1,228.0,TA,TA,Y,192,63,0,0,0,0,0,6,2008,WD,Normal,161000.0
460,50,RL,52.0,7015.0,Pave,IR1,Bnk,AllPub,Corner,Gtl,BrkSide,Norm,Norm,1Fam,1.5Fin,5,4,1950,1950,Gable,CompShg,MetalSd,MetalSd,161.0,TA,TA,CBlock,TA,TA,No,LwQ,185.0,Unf,0,524.0,709,GasA,TA,Y,SBrkr,979.0,224,0,1203.0,1,0,1,0,3,1,Gd,5,Typ,1,TA,Detchd,1950.0,Unf,1,352.0,TA,TA,Y,0,0,0,0,0,0,0,7,2009,WD,Normal,110000.0
461,60,FV,75.0,8004.0,Pave,IR1,Lvl,AllPub,Inside,Gtl,Somerst,RRAn,Norm,1Fam,2Story,8,5,2009,2009,Gable,CompShg,VinylSd,VinylSd,110.0,Gd,TA,PConc,Gd,TA,No,GLQ,544.0,Unf,0,288.0,832,GasA,Ex,Y,SBrkr,832.0,1103,0,1935.0,1,0,2,1,3,1,TA,8,Typ,0,None,BuiltIn,2009.0,Fin,2,552.0,TA,TA,Y,0,150,0,0,0,0,0,12,2009,New,Partial,263435.0
462,70,RL,60.0,7200.0,Pave,Reg,Lvl,AllPub,Inside,Gtl,SWISU,Feedr,Norm,1Fam,2Story,7,9,1936,2007,Gable,CompShg,Wd Sdng,Wd Sdng,0.0,Gd,Gd,PConc,Gd,Gd,No,ALQ,350.0,BLQ,0,0.0,560,GasA,Ex,Y,SBrkr,575.0,560,0,1135.0,1,0,1,0,3,1,Gd,6,Typ,0,None,Detchd,1971.0,RFn,2,576.0,TA,TA,Y,256,0,0,0,0,0,0,4,2009,WD,Normal,155000.0
463,20,RL,60.0,8281.0,Pave,IR1,Lvl,AllPub,Inside,Gtl,Sawyer,Norm,Norm,1Fam,1Story,5,5,1965,1965,Gable,CompShg,MetalSd,MetalSd,0.0,TA,TA,CBlock,TA,TA,No,Rec,553.0,BLQ,0,0.0,864,GasA,Gd,Y,SBrkr,864.0,0,0,864.0,0,0,1,0,3,1,TA,5,Typ,1,Po,Detchd,1965.0,Unf,1,360.0,TA,TA,Y,0,0,0,0,0,0,0,12,2009,WD,Normal,62383.0
464,70,RL,74.0,11988.0,Pave,IR1,HLS,AllPub,Inside,Mod,Crawfor,Norm,Norm,1Fam,2Story,6,7,1934,1995,Hip,CompShg,Stucco,Stucco,0.0,TA,TA,CBlock,TA,TA,No,LwQ,326.0,Unf,0,389.0,715,GasA,Fa,Y,FuseA,849.0,811,0,1660.0,0,0,1,1,3,1,TA,6,Typ,1,Gd,Detchd,1939.0,Unf,1,240.0,TA,TA,Y,0,0,0,0,0,0,0,8,2008,WD,Normal,188700.0
465,20,RL,60.0,8430.0,Pave,Reg,HLS,AllPub,Inside,Mod,CollgCr,Norm,Norm,1Fam,1Story,5,5,1978,1978,Gable,CompShg,HdBoard,HdBoard,136.0,TA,TA,CBlock,Gd,TA,No,Rec,616.0,Unf,0,424.0,1040,GasA,TA,Y,SBrkr,1040.0,0,0,1040.0,0,0,2,0,3,1,TA,5,Typ,0,None,None,1893.5,None,0,0.0,None,None,Y,0,0,0,0,0,0,0,8,2009,WD,Normal,124000.0
466,120,RM,43.0,3072.0,Pave,Reg,Lvl,AllPub,Inside,Gtl,Blmngtn,Norm,Norm,TwnhsE,1Story,7,5,2004,2004,Hip,CompShg,VinylSd,VinylSd,18.0,Gd,TA,PConc,Gd,TA,No,Unf,0.0,Unf,0,1375.0,1375,GasA,Ex,Y,SBrkr,1414.0,0,0,1414.0,0,0,2,0,2,1,Gd,6,Typ,1,TA,Attchd,2004.0,Fin,2,398.0,TA,TA,Y,144,20,0,0,0,0,0,5,2006,WD,Normal,178740.0
467,20,RL,85.0,10628.0,Pave,Reg,Lvl,AllPub,Inside,Gtl,NAmes,Norm,Norm,1Fam,1Story,7,5,1970,1970,Flat,Tar&Grv,Plywood,Plywood,0.0,TA,Gd,CBlock,TA,Gd,Gd,GLQ,778.0,Unf,0,499.0,1277,GasA,TA,Y,SBrkr,1277.0,0,0,1277.0,1,0,1,0,2,1,TA,5,Typ,1,Po,Attchd,1970.0,Unf,2,526.0,TA,TA,Y,0,0,0,0,0,0,0,4,2007,WD,Normal,167000.0
468,70,RL,79.0,9480.0,Pave,Reg,Lvl,AllPub,Inside,Gtl,NAmes,Artery,Norm,1Fam,2Story,5,7,1942,1995,Gable,CompShg,MetalSd,MetalSd,224.0,TA,TA,CBlock,TA,TA,No,LwQ,386.0,Unf,0,342.0,728,GasA,Ex,Y,SBrkr,888.0,756,0,1644.0,0,0,1,1,3,1,Gd,7,Typ,2,Gd,Attchd,1942.0,Unf,1,312.0,TA,TA,Y,168,0,0,0,0,0,0,6,2007,WD,Normal,146500.0
469,20,RL,98.0,11428.0,Pave,IR1,Lvl,AllPub,Inside,Gtl,NridgHt,Norm,Norm,1Fam,1Story,8,5,2006,2006,Gable,CompShg,VinylSd,VinylSd,248.0,Gd,TA,PConc,Gd,TA,No,Unf,0.0,Unf,0,1626.0,1626,GasA,Ex,Y,SBrkr,1634.0,0,0,1634.0,0,0,2,0,3,1,Gd,7,Typ,1,Gd,Attchd,2006.0,RFn,3,866.0,TA,TA,Y,0,44,0,0,0,0,0,5,2007,WD,Normal,250000.0
470,60,RL,76.0,9291.0,Pave,IR1,Lvl,AllPub,Corner,Gtl,SawyerW,RRNe,Norm,1Fam,2Story,6,5,1993,1993,Gable,CompShg,HdBoard,HdBoard,120.0,Gd,TA,PConc,Gd,TA,No,GLQ,426.0,Unf,0,406.0,832,GasA,Ex,Y,SBrkr,832.0,878,0,1710.0,0,0,2,1,3,1,Gd,7,Typ,0,None,Attchd,1993.0,RFn,2,506.0,TA,TA,Y,144,70,0,0,0,0,0,6,2008,WD,Normal,187000.0
471,120,RL,61.5,6820.0,Pave,IR1,Lvl,AllPub,Corner,Gtl,StoneBr,Norm,Norm,TwnhsE,1Story,8,5,1985,1985,Gable,CompShg,HdBoard,HdBoard,0.0,Gd,TA,PConc,Gd,TA,Av,GLQ,368.0,BLQ,0,0.0,1488,GasA,TA,Y,SBrkr,1502.0,0,0,1502.0,1,0,1,1,1,1,Gd,4,Typ,0,None,Attchd,1985.0,RFn,2,528.0,TA,TA,Y,0,54,0,0,0,0,0,6,2010,WD,Normal,212000.0
472,60,RL,92.0,11952.0,Pave,Reg,Lvl,AllPub,Inside,Gtl,NWAmes,PosA,Norm,1Fam,2Story,7,6,1977,1977,Mansard,WdShake,WdShing,Plywood,0.0,TA,TA,CBlock,Gd,TA,No,Unf,0.0,Unf,0,808.0,808,GasA,TA,Y,SBrkr,1161.0,808,0,1969.0,0,0,2,1,3,1,TA,8,Typ,1,Gd,Attchd,1977.0,RFn,2,534.0,TA,TA,Y,0,0,0,0,0,0,0,11,2007,WD,Normal,190000.0
473,180,RM,35.0,3675.0,Pave,Reg,Lvl,AllPub,Inside,Gtl,Edwards,Norm,Norm,TwnhsE,SLvl,6,5,2005,2005,Gable,CompShg,VinylSd,VinylSd,80.0,TA,TA,PConc,Gd,TA,Gd,GLQ,459.0,Unf,0,88.0,547,GasA,Ex,Y,SBrkr,1072.0,0,0,1072.0,1,0,1,0,2,1,TA,5,Typ,0,None,Basment,2005.0,RFn,2,525.0,TA,TA,Y,0,28,0,0,0,0,0,6,2008,WD,Normal,148000.0
474,20,RL,110.0,14977.0,Pave,IR1,Lvl,AllPub,Inside,Gtl,NridgHt,Norm,Norm,1Fam,1Story,8,5,2006,2007,Gable,CompShg,VinylSd,VinylSd,304.0,Gd,TA,PConc,Ex,TA,Gd,GLQ,1350.0,Unf,0,626.0,1976,GasA,Ex,Y,SBrkr,1976.0,0,0,1976.0,1,0,2,0,2,1,Gd,7,Typ,1,Ex,Attchd,2006.0,RFn,3,908.0,TA,TA,Y,250,63,0,0,0,0,0,7,2007,New,Partial,340037.5
475,120,RL,41.0,5330.0,Pave,Reg,Lvl,AllPub,Inside,Gtl,StoneBr,Norm,Norm,TwnhsE,1Story,8,5,2000,2000,Gable,CompShg,CemntBd,CmentBd,0.0,Gd,TA,PConc,Gd,TA,Av,GLQ,1196.0,Unf,0,298.0,1494,GasA,Ex,Y,SBrkr,1652.0,0,0,1652.0,1,0,2,0,2,1,Ex,6,Typ,0,None,Attchd,2000.0,RFn,2,499.0,TA,TA,Y,96,48,0,0,0,0,0,8,2007,WD,Normal,251000.0
476,20,RL,80.0,8480.0,Pave,Reg,Lvl,AllPub,Corner,Gtl,Sawyer,Norm,Norm,1Fam,1Story,5,6,1963,1963,Hip,CompShg,HdBoard,HdBoard,0.0,TA,TA,CBlock,TA,TA,No,GLQ,630.0,Unf,0,340.0,970,GasA,TA,Y,SBrkr,970.0,0,0,970.0,1,0,1,0,2,1,TA,5,Typ,0,None,Detchd,1996.0,Unf,2,624.0,TA,TA,Y,0,24,0,0,0,0,0,7,2007,WD,Normal,132500.0
477,20,RL,75.0,13125.0,Pave,Reg,Lvl,AllPub,Inside,Mod,CollgCr,Norm,Norm,1Fam,1Story,6,5,1997,1998,Gable,CompShg,VinylSd,VinylSd,215.0,TA,TA,PConc,Gd,TA,Gd,GLQ,994.0,Unf,0,484.0,1478,GasA,Ex,Y,SBrkr,1493.0,0,0,1493.0,1,0,2,0,3,1,Gd,7,Typ,1,TA,Attchd,1997.0,Fin,2,508.0,TA,TA,Y,140,39,0,0,0,0,0,4,2008,WD,Normal,208900.0
478,60,RL,105.0,13693.0,Pave,Reg,Lvl,AllPub,Inside,Gtl,NridgHt,Norm,Norm,1Fam,2Story,9,5,2006,2006,Hip,CompShg,VinylSd,VinylSd,410.625,Ex,TA,PConc,Gd,TA,Av,Unf,0.0,Unf,0,1685.5,2052,GasA,Ex,Y,SBrkr,2069.0,574,0,2643.0,0,0,2,1,3,1,Ex,9,Typ,1,Gd,BuiltIn,2006.0,Fin,3,694.0,TA,TA,Y,414,84,0,0,0,0,0,3,2007,WD,Normal,340037.5
479,20,RL,79.0,10637.0,Pave,Reg,Lvl,AllPub,Inside,Gtl,CollgCr,Norm,Norm,1Fam,1Story,8,5,2007,2008,Hip,CompShg,VinylSd,VinylSd,336.0,Gd,TA,PConc,Ex,TA,Gd,GLQ,1288.0,Unf,0,417.0,1705,GasA,Ex,Y,SBrkr,1718.0,0,0,1718.0,1,0,2,0,3,1,Gd,7,Typ,1,Gd,Attchd,2007.0,RFn,3,826.0,TA,TA,Y,208,44,0,0,0,0,0,9,2009,WD,Normal,297000.0
480,30,RM,50.0,5925.0,Pave,Reg,Bnk,AllPub,Inside,Gtl,OldTown,Norm,Norm,1Fam,1Story,4,7,1937,2000,Hip,CompShg,Stucco,Stucco,410.625,TA,TA,BrkTil,Fa,TA,No,Rec,168.0,Unf,0,739.0,907,GasA,TA,Y,SBrkr,1131.0,0,0,1131.0,0,0,1,0,2,1,TA,7,Typ,0,None,Detchd,1995.0,Unf,2,672.0,TA,TA,Y,0,72,0,0,0,0,0,3,2007,WD,Alloca,89471.0
481,20,RL,98.0,16033.0,Pave,IR1,Lvl,AllPub,FR2,Gtl,NridgHt,Norm,Norm,1Fam,1Story,9,5,2004,2005,Hip,CompShg,VinylSd,VinylSd,378.0,Gd,TA,PConc,Ex,TA,Gd,GLQ,1261.0,Unf,0,572.0,1833,GasA,Ex,Y,SBrkr,1850.0,0,0,1850.0,1,0,2,0,3,1,Gd,8,Typ,1,Gd,Attchd,2004.0,Fin,3,772.0,TA,TA,Y,420,112,0,0,0,0,0,3,2006,WD,Normal,326000.0
482,20,RL,72.0,11846.0,Pave,IR1,HLS,AllPub,Inside,Gtl,NridgHt,Norm,Norm,1Fam,1Story,9,5,2003,2004,Hip,CompShg,VinylSd,VinylSd,410.625,Gd,TA,PConc,Ex,TA,Gd,GLQ,1567.0,Unf,0,225.0,1792,GasA,Ex,Y,SBrkr,1792.0,0,0,1792.0,1,0,2,0,2,1,Ex,6,Typ,1,Gd,Attchd,2003.0,Fin,3,874.0,TA,TA,Y,206,49,0,0,0,0,0,8,2006,WD,Normal,340037.5
483,70,RM,50.0,2500.0,Pave,Reg,Lvl,AllPub,Corner,Gtl,OldTown,Norm,Norm,1Fam,2Story,7,8,1915,2005,Gable,CompShg,Stucco,Stucco,0.0,Gd,TA,PConc,TA,TA,No,ALQ,299.0,Unf,0,611.0,910,GasA,Ex,Y,SBrkr,916.0,910,0,1826.0,1,0,1,1,4,1,Ex,7,Min2,1,Gd,Attchd,1915.0,Unf,1,164.0,Fa,Fa,Y,0,0,0,0,0,0,0,6,2009,WD,Normal,155000.0
484,120,RM,32.0,4500.0,Pave,Reg,Lvl,AllPub,FR2,Gtl,Mitchel,Norm,Norm,Twnhs,1Story,6,5,1998,1998,Hip,CompShg,VinylSd,VinylSd,116.0,TA,TA,PConc,Ex,TA,No,GLQ,897.0,Unf,0,319.0,1216,GasA,Ex,Y,SBrkr,1216.0,0,0,1216.0,1,0,2,0,2,1,TA,5,Typ,0,None,Attchd,1998.0,Unf,2,402.0,TA,TA,Y,0,125,0,0,0,0,0,5,2006,WD,Normal,164000.0
485,20,RL,71.0,7758.0,Pave,IR1,Lvl,AllPub,Corner,Gtl,Sawyer,Norm,Norm,1Fam,1Story,5,7,1962,2001,Gable,CompShg,HdBoard,Plywood,0.0,TA,Gd,CBlock,TA,TA,No,ALQ,588.0,Unf,0,411.0,999,GasA,Gd,Y,SBrkr,999.0,0,0,999.0,1,0,1,0,3,1,Gd,6,Typ,0,None,Detchd,1963.0,Unf,1,264.0,TA,TA,Y,0,132,0,0,0,0,0,3,2007,WD,Normal,132500.0
486,20,RL,80.0,9600.0,Pave,Reg,Lvl,AllPub,Inside,Gtl,NAmes,Norm,Norm,1Fam,1Story,5,7,1950,2007,Gable,CompShg,MetalSd,MetalSd,0.0,Gd,TA,CBlock,TA,TA,No,ALQ,607.0,Unf,0,506.0,1113,GasA,Gd,Y,SBrkr,1113.0,0,0,1113.0,0,0,1,0,3,1,Gd,5,Typ,1,Gd,Attchd,1950.0,Unf,1,264.0,TA,TA,Y,0,80,0,0,0,0,0,7,2009,WD,Normal,147000.0
487,20,RL,79.0,10289.0,Pave,Reg,Lvl,AllPub,Inside,Gtl,NAmes,Norm,Norm,1Fam,1Story,5,7,1965,1965,Hip,CompShg,MetalSd,MetalSd,168.0,TA,TA,CBlock,TA,TA,No,ALQ,836.0,Unf,0,237.0,1073,GasA,TA,Y,SBrkr,1073.0,0,0,1073.0,1,0,1,1,3,1,TA,6,Typ,0,None,Attchd,1965.0,RFn,2,515.0,TA,TA,Y,0,0,0,0,0,0,0,6,2007,WD,Normal,156000.0
488,20,RL,70.0,12243.0,Pave,IR1,Lvl,AllPub,Inside,Gtl,NWAmes,Norm,Norm,1Fam,1Story,5,6,1971,1971,Gable,CompShg,Plywood,Plywood,0.0,TA,TA,CBlock,Gd,TA,Av,ALQ,998.0,Unf,0,486.0,1484,GasA,Gd,Y,SBrkr,1484.0,0,0,1484.0,0,0,2,0,3,1,TA,7,Typ,1,TA,Attchd,1971.0,Unf,2,487.0,TA,TA,Y,224,0,0,0,0,0,0,2,2007,WD,Normal,175000.0
489,190,RL,60.0,10800.0,Pave,Reg,Lvl,AllPub,Corner,Gtl,OldTown,Norm,Norm,2fmCon,1.5Fin,5,4,1900,1970,Gable,CompShg,Wd Sdng,Wd Sdng,0.0,TA,Fa,CBlock,TA,Fa,No,BLQ,664.0,Unf,0,290.0,954,GasA,TA,N,FuseA,1766.0,648,0,2414.0,0,0,2,0,3,2,TA,10,Mod,1,Gd,Attchd,1970.0,Unf,2,520.0,TA,Fa,N,142,0,0,0,0,0,0,5,2006,ConLD,Normal,160000.0
490,180,RM,30.0,1526.0,Pave,Reg,Lvl,AllPub,Inside,Gtl,MeadowV,Norm,Norm,Twnhs,SFoyer,4,8,1970,2002,Gable,CompShg,CemntBd,CmentBd,0.0,TA,Gd,CBlock,Gd,TA,Av,GLQ,515.0,Unf,0,115.0,630,GasA,TA,Y,SBrkr,630.0,0,0,630.0,1,0,1,0,1,1,Gd,3,Typ,0,None,Attchd,1970.0,Unf,1,286.0,TA,TA,Y,0,0,0,0,0,0,0,5,2009,WD,Normal,86000.0
491,160,RM,30.0,2665.0,Pave,Reg,Lvl,AllPub,Inside,Gtl,MeadowV,Norm,Norm,TwnhsE,2Story,5,6,1976,1976,Gable,CompShg,CemntBd,CmentBd,0.0,TA,TA,PConc,Gd,TA,Mn,Unf,0.0,Unf,0,264.0,264,GasA,TA,Y,SBrkr,616.0,688,0,1304.0,0,0,1,1,3,1,TA,4,Typ,1,Gd,BuiltIn,1976.0,Fin,1,336.0,TA,TA,Y,141,24,0,0,0,0,0,6,2008,WD,Normal,115000.0
492,50,RL,79.0,9490.0,Pave,Reg,Lvl,AllPub,Inside,Gtl,NAmes,Artery,Norm,1Fam,1.5Fin,6,7,1941,1950,Gable,CompShg,Wd Sdng,Wd Sdng,0.0,TA,TA,CBlock,TA,TA,No,BLQ,403.0,Rec,0,238.0,806,GasA,TA,Y,FuseA,958.0,620,0,1578.0,1,0,1,0,3,1,Fa,5,Typ,2,TA,Attchd,1941.0,Unf,1,240.0,TA,TA,Y,0,0,0,0,0,0,0,8,2006,WD,Normal,133000.0
493,60,RL,105.0,15578.0,Pave,IR1,Lvl,AllPub,Corner,Gtl,Gilbert,Norm,Norm,1Fam,2Story,6,5,2006,2006,Gable,CompShg,VinylSd,VinylSd,0.0,Gd,TA,PConc,Gd,TA,No,Unf,0.0,Unf,0,728.0,728,GasA,Gd,Y,SBrkr,728.0,728,0,1456.0,0,0,2,1,3,1,TA,8,Typ,0,None,Attchd,2006.0,RFn,2,429.0,TA,TA,Y,0,0,0,0,0,0,0,5,2006,New,Partial,172785.0
494,20,RL,70.0,7931.0,Pave,Reg,Lvl,AllPub,Inside,Gtl,NAmes,Norm,Norm,1Fam,1Story,5,6,1960,1960,Gable,CompShg,BrkFace,Wd Sdng,0.0,TA,TA,CBlock,TA,TA,No,BLQ,374.0,LwQ,0,363.0,1269,GasA,TA,Y,FuseA,1269.0,0,0,1269.0,0,0,1,1,3,1,TA,6,Typ,1,Fa,Detchd,1964.0,Unf,1,308.0,TA,TA,Y,0,0,0,0,0,0,0,6,2008,WD,Normal,155000.0
495,30,RM,50.0,5784.0,Pave,Reg,Lvl,AllPub,Inside,Gtl,OldTown,Artery,Norm,1Fam,1Story,5,8,1938,1996,Gable,CompShg,MetalSd,MetalSd,0.0,TA,TA,BrkTil,Fa,TA,No,Unf,0.0,Unf,0,190.0,190,GasA,Gd,Y,FuseA,886.0,0,0,886.0,0,0,1,0,2,1,TA,4,Typ,0,None,Attchd,1938.0,Unf,1,273.0,TA,TA,Y,144,20,0,0,0,0,0,12,2009,WD,Normal,91300.0
496,30,C (all),60.0,7879.0,Pave,Reg,Lvl,AllPub,Inside,Gtl,IDOTRR,Norm,Norm,1Fam,1Story,4,5,1920,1950,Gable,CompShg,Wd Sdng,Wd Sdng,0.0,TA,TA,CBlock,TA,TA,No,Rec,495.0,Unf,0,225.0,720,GasA,TA,N,FuseA,720.0,0,0,720.0,0,0,1,0,2,1,TA,4,Typ,0,None,None,1893.5,None,0,0.0,None,None,N,0,170,0,0,0,0,0,11,2009,WD,Abnorml,34900.0
497,20,RL,91.0,12692.0,Pave,IR1,Lvl,AllPub,Inside,Gtl,NoRidge,Norm,Norm,1Fam,1Story,8,5,1992,1993,Hip,CompShg,BrkFace,BrkFace,0.0,Gd,TA,PConc,Gd,TA,No,GLQ,1231.0,Unf,0,1685.5,2052,GasA,Ex,Y,SBrkr,2155.125,0,0,2747.625,1,0,3,0,4,1,Gd,10,Typ,1,Gd,Attchd,1992.0,RFn,2,546.0,TA,TA,Y,264,75,0,0,0,0,0,5,2007,WD,Normal,340037.5
498,50,RL,60.0,9120.0,Pave,Reg,Lvl,AllPub,Inside,Gtl,BrkSide,Norm,Norm,1Fam,1.5Fin,7,6,1925,1950,Gable,CompShg,Wd Sdng,Wd Sdng,0.0,TA,Gd,PConc,TA,TA,No,Rec,329.0,Unf,0,697.0,1026,GasA,Ex,Y,SBrkr,1133.0,687,0,1820.0,1,0,2,0,4,1,TA,8,Typ,0,None,Detchd,1925.0,Unf,1,240.0,TA,TA,N,0,100,0,0,0,0,0,6,2008,WD,Normal,184000.0
499,20,RL,65.0,7800.0,Pave,Reg,Lvl,AllPub,Inside,Gtl,Sawyer,Norm,Norm,1Fam,1Story,5,7,1967,2004,Hip,CompShg,HdBoard,HdBoard,89.0,TA,TA,PConc,TA,TA,No,ALQ,450.0,Unf,0,414.0,864,GasA,Ex,Y,SBrkr,899.0,0,0,899.0,0,0,1,0,3,1,Gd,5,Typ,0,None,Attchd,1967.0,Fin,1,288.0,TA,TA,Y,64,0,0,0,0,0,0,6,2009,WD,Normal,130000.0
500,20,RL,70.0,7535.0,Pave,IR1,Lvl,AllPub,Inside,Gtl,NAmes,Norm,Norm,1Fam,1Story,5,7,1958,1985,Gable,CompShg,MetalSd,MetalSd,0.0,TA,TA,CBlock,TA,TA,No,BLQ,111.0,LwQ,0,522.0,912,GasA,Fa,Y,SBrkr,912.0,0,0,912.0,0,1,1,0,2,1,TA,5,Typ,0,None,Attchd,1958.0,Fin,1,297.0,TA,TA,Y,12,170,0,0,0,0,480,6,2007,WD,Normal,120000.0
501,160,RM,30.0,1890.0,Pave,Reg,Lvl,AllPub,Inside,Gtl,BrDale,Norm,Norm,Twnhs,2Story,6,5,1973,1973,Gable,CompShg,HdBoard,HdBoard,285.0,TA,TA,CBlock,TA,TA,No,BLQ,356.0,Unf,0,316.0,672,GasA,TA,Y,SBrkr,672.0,546,0,1218.0,0,0,1,1,3,1,TA,7,Typ,0,None,Detchd,1973.0,Unf,1,264.0,TA,TA,Y,144,28,0,0,0,0,0,5,2007,WD,Normal,113000.0
502,60,FV,75.0,9803.0,Pave,Reg,Lvl,AllPub,Inside,Gtl,Somerst,Norm,Norm,1Fam,2Story,7,5,2005,2005,Gable,CompShg,VinylSd,VinylSd,0.0,Gd,TA,PConc,Gd,TA,No,GLQ,400.0,Unf,0,466.0,866,GasA,Gd,Y,SBrkr,866.0,902,0,1768.0,0,0,2,1,3,1,Gd,7,Typ,0,None,Attchd,2005.0,RFn,2,603.0,TA,TA,Y,0,108,0,0,0,0,0,2,2008,WD,Normal,226700.0
503,20,RL,70.0,9170.0,Pave,Reg,Lvl,AllPub,Corner,Gtl,Edwards,Feedr,Norm,1Fam,1Story,5,7,1965,1965,Hip,CompShg,MetalSd,MetalSd,0.0,TA,TA,CBlock,TA,TA,No,ALQ,698.0,GLQ,0,420.0,1214,GasA,Ex,Y,SBrkr,1214.0,0,0,1214.0,1,0,1,0,2,1,TA,6,Typ,0,None,Detchd,1965.0,Unf,2,461.0,Fa,Fa,Y,0,0,0,0,0,0,400,4,2007,WD,Normal,140000.0
504,20,RL,100.0,15602.0,Pave,IR1,Lvl,AllPub,Inside,Gtl,Crawfor,Norm,Norm,1Fam,1Story,7,8,1959,1997,Gable,CompShg,BrkFace,Wd Sdng,0.0,TA,TA,CBlock,TA,TA,No,ALQ,1247.0,Unf,0,254.0,1501,GasA,TA,Y,SBrkr,1801.0,0,0,1801.0,1,0,2,0,1,1,TA,6,Typ,2,TA,Attchd,1959.0,Fin,2,484.0,TA,TA,Y,0,54,0,0,0,0,0,3,2010,WD,Normal,289000.0
505,160,RL,30.0,2308.0,Pave,Reg,Lvl,AllPub,Inside,Gtl,NPkVill,Norm,Norm,TwnhsE,2Story,6,5,1974,1974,Gable,CompShg,Plywood,Brk Cmn,0.0,TA,TA,CBlock,TA,TA,No,ALQ,257.0,Rec,0,103.0,855,GasA,TA,Y,SBrkr,855.0,467,0,1322.0,0,1,2,1,3,1,TA,6,Typ,1,Fa,Attchd,1974.0,Unf,2,440.0,TA,TA,Y,260,0,0,0,0,0,0,6,2009,WD,Normal,147000.0
506,90,RM,60.0,7596.0,Pave,Reg,Lvl,AllPub,Inside,Gtl,OldTown,Artery,Norm,Duplex,2Story,5,5,1952,1952,Hip,CompShg,Wd Sdng,Wd Sdng,360.0,TA,TA,CBlock,TA,TA,No,Unf,0.0,Unf,0,960.0,960,GasA,Gd,Y,SBrkr,960.0,1000,0,1960.0,0,0,2,0,4,2,TA,10,Typ,0,None,Detchd,1952.0,Unf,2,400.0,TA,TA,N,0,0,0,0,0,0,0,7,2009,COD,Normal,124500.0
507,60,RL,80.0,9554.0,Pave,IR1,Lvl,AllPub,Inside,Gtl,SawyerW,Norm,Norm,1Fam,2Story,8,5,1993,1994,Gable,CompShg,VinylSd,VinylSd,125.0,Gd,TA,PConc,Gd,TA,No,GLQ,380.0,Unf,0,397.0,777,GasA,Ex,Y,SBrkr,1065.0,846,0,1911.0,0,0,2,1,3,1,Gd,8,Typ,1,TA,Attchd,1993.0,RFn,2,471.0,TA,TA,Y,182,81,0,0,0,0,0,9,2006,WD,Normal,215000.0
508,20,FV,75.0,7862.0,Pave,IR1,Lvl,AllPub,Inside,Gtl,Somerst,Norm,Norm,1Fam,1Story,6,5,2009,2009,Gable,CompShg,VinylSd,VinylSd,0.0,Gd,TA,PConc,Gd,TA,No,GLQ,27.0,Unf,0,1191.0,1218,GasA,Ex,Y,SBrkr,1218.0,0,0,1218.0,0,0,2,0,2,1,Gd,4,Typ,0,None,Attchd,2009.0,Fin,2,676.0,TA,TA,Y,0,102,0,0,0,0,0,9,2009,New,Partial,208300.0
509,70,RM,60.0,9600.0,Pave,Reg,Lvl,AllPub,Inside,Gtl,OldTown,Norm,Norm,1Fam,2Story,7,9,1928,2005,Gambrel,CompShg,MetalSd,MetalSd,0.0,TA,Ex,BrkTil,TA,TA,No,Rec,141.0,Unf,0,548.0,689,GasA,Ex,Y,SBrkr,689.0,689,0,1378.0,0,0,2,0,3,1,Gd,7,Typ,1,Gd,Detchd,1928.0,Unf,2,360.0,TA,TA,N,0,0,0,0,0,0,0,10,2008,WD,Normal,161000.0
510,20,RL,80.0,9600.0,Pave,Reg,Lvl,AllPub,Corner,Gtl,NAmes,Norm,Norm,1Fam,1Story,5,6,1959,1959,Gable,CompShg,MetalSd,MetalSd,132.0,TA,TA,CBlock,TA,TA,No,ALQ,991.0,Unf,0,50.0,1041,GasA,Ex,Y,SBrkr,1041.0,0,0,1041.0,1,0,1,0,3,1,TA,6,Typ,0,None,Attchd,1959.0,RFn,1,270.0,TA,TA,Y,224,88,0,0,0,0,0,7,2009,WD,Normal,124500.0
511,20,RL,75.0,14559.0,Pave,Reg,Lvl,AllPub,Inside,Gtl,NAmes,Norm,Norm,1Fam,1Story,5,7,1951,2000,Hip,CompShg,Wd Sdng,Wd Sdng,70.0,Gd,TA,CBlock,TA,TA,No,BLQ,650.0,Rec,0,178.0,1008,GasA,Ex,Y,SBrkr,1363.0,0,0,1363.0,1,0,1,0,2,1,TA,6,Min1,2,TA,CarPort,1951.0,Unf,1,288.0,TA,TA,Y,324,42,0,0,0,0,2000,6,2009,WD,Normal,164900.0
512,120,RL,40.0,6792.0,Pave,IR1,Lvl,AllPub,Inside,Gtl,NridgHt,Norm,Norm,TwnhsE,1Story,7,5,2005,2006,Gable,CompShg,VinylSd,VinylSd,94.0,Gd,TA,PConc,Gd,TA,No,Unf,0.0,Unf,0,1368.0,1368,GasA,Ex,Y,SBrkr,1368.0,0,0,1368.0,0,0,2,0,2,1,Gd,6,Typ,1,Gd,Attchd,2005.0,RFn,2,474.0,TA,TA,Y,132,35,0,0,0,0,0,3,2006,New,Partial,202665.0
513,20,RL,70.0,9100.0,Pave,Reg,Lvl,AllPub,Corner,Gtl,NAmes,Feedr,Norm,1Fam,1Story,5,5,1958,1958,Gable,CompShg,VinylSd,VinylSd,0.0,TA,TA,CBlock,TA,TA,No,BLQ,521.0,LwQ,0,169.0,864,GasA,TA,Y,SBrkr,864.0,0,0,864.0,1,0,1,0,3,1,TA,5,Typ,0,None,Detchd,1964.0,Unf,2,624.0,TA,TA,Y,0,0,0,0,0,0,0,7,2006,WD,Normal,129900.0
514,20,RL,71.0,9187.0,Pave,Reg,Bnk,AllPub,Corner,Gtl,Mitchel,Norm,Norm,1Fam,1Story,6,5,1983,1983,Gable,CompShg,VinylSd,VinylSd,0.0,TA,Gd,PConc,TA,TA,No,ALQ,336.0,Unf,0,748.0,1084,GasA,TA,Y,SBrkr,1080.0,0,0,1080.0,0,0,1,1,3,1,TA,5,Typ,0,None,Attchd,1983.0,Unf,2,484.0,TA,TA,Y,120,0,0,0,0,0,0,6,2007,WD,Normal,134000.0
515,45,RL,55.0,10594.0,Pave,Reg,Lvl,AllPub,Inside,Gtl,Crawfor,Norm,Norm,1Fam,1.5Unf,5,5,1926,1950,Gable,CompShg,Wd Sdng,Wd Sdng,0.0,TA,TA,BrkTil,TA,TA,No,Unf,0.0,Unf,0,768.0,768,Grav,Fa,N,SBrkr,789.0,0,0,789.0,0,0,1,0,2,1,TA,5,Typ,0,None,Detchd,1926.0,Unf,1,200.0,Po,Po,Y,0,0,0,0,0,0,0,6,2007,WD,Normal,96500.0
516,20,RL,94.0,12220.0,Pave,Reg,Lvl,AllPub,Inside,Gtl,NridgHt,Norm,Norm,1Fam,1Story,10,5,2009,2009,Hip,CompShg,CemntBd,CmentBd,305.0,Ex,TA,CBlock,Ex,TA,No,GLQ,1436.0,Unf,0,570.0,2006,GasA,Ex,Y,SBrkr,2020.0,0,0,2020.0,1,0,2,1,3,1,Ex,9,Typ,1,Gd,Attchd,2009.0,Fin,3,900.0,TA,TA,Y,156,54,0,0,0,0,0,9,2009,New,Partial,340037.5
517,80,RL,80.0,10448.0,Pave,IR1,Lvl,AllPub,Corner,Gtl,NWAmes,Norm,Norm,1Fam,SLvl,6,6,1972,1972,Gable,CompShg,HdBoard,HdBoard,333.0,TA,TA,CBlock,TA,TA,No,Unf,0.0,Unf,0,689.0,689,GasA,TA,Y,SBrkr,1378.0,741,0,2119.0,0,0,2,1,3,1,TA,7,Typ,1,TA,Attchd,1972.0,RFn,2,583.0,TA,TA,Y,0,104,0,0,0,0,0,8,2009,COD,Abnorml,158000.0
518,60,RL,79.0,10208.0,Pave,IR1,Lvl,AllPub,Inside,Gtl,NoRidge,Norm,Norm,1Fam,2Story,7,5,1996,1997,Gable,CompShg,VinylSd,VinylSd,410.625,Gd,TA,PConc,Gd,TA,No,Unf,0.0,Unf,0,1264.0,1264,GasA,Ex,Y,SBrkr,1277.0,1067,0,2344.0,0,0,2,1,3,1,Gd,7,Typ,1,TA,Attchd,1996.0,RFn,3,889.0,TA,TA,Y,220,0,0,0,0,0,0,7,2009,WD,Normal,265000.0
519,60,RL,70.0,9531.0,Pave,IR1,Lvl,AllPub,CulDSac,Gtl,CollgCr,Norm,Norm,1Fam,2Story,6,5,1998,1998,Gable,CompShg,VinylSd,VinylSd,0.0,TA,TA,PConc,Gd,TA,Mn,GLQ,706.0,Unf,0,88.0,794,GasA,Ex,Y,SBrkr,882.0,914,0,1796.0,1,0,2,1,3,1,TA,7,Typ,0,None,Attchd,1998.0,RFn,2,546.0,TA,TA,Y,0,36,0,0,0,0,0,5,2007,WD,Normal,211000.0
520,70,RL,53.0,10918.0,Pave,Reg,Lvl,AllPub,Inside,Gtl,Crawfor,Norm,Norm,1Fam,2Story,7,9,1926,2004,Gambrel,CompShg,MetalSd,MetalSd,0.0,Gd,TA,BrkTil,Gd,TA,No,Unf,0.0,Unf,0,1276.0,1276,GasA,Ex,Y,SBrkr,1276.0,804,0,2080.0,0,0,1,1,3,1,Gd,9,Typ,2,Gd,Detchd,1926.0,Unf,1,282.0,TA,TA,Y,0,0,0,0,0,0,0,6,2009,WD,Normal,234000.0
521,190,RL,60.0,10800.0,Pave,Reg,Lvl,AllPub,Inside,Gtl,OldTown,Norm,Norm,2fmCon,2Story,4,7,1900,2000,Gable,CompShg,MetalSd,MetalSd,0.0,TA,TA,BrkTil,None,None,None,None,0.0,None,0,0.0,42,GasA,TA,N,FuseA,694.0,600,0,1294.0,0,0,2,0,3,2,TA,7,Typ,0,None,None,1893.5,None,0,0.0,None,None,N,220,114,0,0,0,0,0,8,2008,WD,Normal,106250.0
522,20,RL,90.0,11988.0,Pave,IR1,Lvl,AllPub,Corner,Gtl,NAmes,Feedr,Norm,1Fam,1Story,6,6,1957,1957,Gable,CompShg,VinylSd,VinylSd,0.0,TA,TA,CBlock,TA,TA,No,Rec,777.0,Unf,0,467.0,1244,GasA,Ex,Y,FuseA,1244.0,0,0,1244.0,0,0,1,1,3,1,TA,6,Typ,2,Gd,Attchd,1957.0,Unf,1,336.0,TA,TA,Y,0,40,0,0,0,0,0,5,2007,WD,Normal,150000.0
523,50,RM,50.0,5000.0,Pave,Reg,Lvl,AllPub,Corner,Gtl,BrkSide,Feedr,Norm,1Fam,1.5Fin,6,7,1947,1950,Gable,CompShg,CemntBd,CmentBd,0.0,TA,Gd,CBlock,TA,TA,No,ALQ,399.0,Unf,0,605.0,1004,GasA,Ex,Y,SBrkr,1004.0,660,0,1664.0,0,0,2,0,3,1,TA,7,Typ,2,Gd,Detchd,1950.0,Unf,2,420.0,TA,TA,Y,0,24,0,0,0,0,0,10,2006,WD,Normal,159000.0
524,60,RL,110.0,17673.5,Pave,IR1,Bnk,AllPub,Inside,Gtl,Edwards,PosN,PosN,1Fam,2Story,10,5,2007,2008,Hip,CompShg,CemntBd,CmentBd,410.625,Ex,TA,PConc,Ex,TA,Gd,GLQ,1780.625,Unf,0,878.0,2052,GasA,Ex,Y,SBrkr,2155.125,1538,0,2747.625,1,0,3,1,3,1,Ex,11,Typ,1,Gd,BuiltIn,2007.0,Fin,3,884.0,TA,TA,Y,208,170,0,0,0,0,0,10,2007,New,Partial,184750.0
525,60,RL,95.0,11787.0,Pave,IR1,Lvl,AllPub,Inside,Gtl,NoRidge,Norm,Norm,1Fam,2Story,7,5,1996,1997,Gable,CompShg,VinylSd,VinylSd,410.625,Gd,TA,PConc,Gd,TA,No,GLQ,719.0,Unf,0,660.0,1379,GasA,Ex,Y,SBrkr,1383.0,1015,0,2398.0,1,0,2,1,3,1,Gd,8,Typ,1,TA,Attchd,1996.0,Fin,3,834.0,TA,TA,Y,239,60,0,0,0,0,0,8,2007,WD,Normal,315750.0
526,20,FV,62.0,7500.0,Pave,Reg,Lvl,AllPub,Inside,Gtl,Somerst,Norm,Norm,1Fam,1Story,7,5,2005,2005,Gable,CompShg,VinylSd,VinylSd,0.0,Gd,TA,PConc,Gd,TA,No,Unf,0.0,Unf,0,1257.0,1257,GasA,Ex,Y,SBrkr,1266.0,0,0,1266.0,0,0,2,0,3,1,Gd,6,Typ,1,TA,Attchd,2005.0,Unf,2,453.0,TA,TA,Y,38,144,0,0,0,0,0,4,2006,WD,Normal,176000.0
527,20,RL,70.0,13300.0,Pave,Reg,Lvl,AllPub,Inside,Gtl,NAmes,Norm,Norm,1Fam,1Story,5,7,1956,2000,Hip,CompShg,Wd Sdng,Wd Sdng,0.0,TA,TA,CBlock,Gd,TA,No,Rec,377.0,Unf,0,551.0,928,GasA,TA,Y,SBrkr,928.0,0,0,928.0,0,0,1,0,2,1,TA,4,Typ,0,None,Attchd,1956.0,Unf,1,252.0,TA,TA,Y,261,0,0,0,0,0,0,6,2007,WD,Normal,132000.0
528,60,RL,67.0,14948.0,Pave,IR1,Lvl,AllPub,Inside,Gtl,NridgHt,Norm,Norm,1Fam,2Story,9,5,2008,2008,Hip,CompShg,VinylSd,VinylSd,268.0,Ex,TA,PConc,Ex,TA,Av,GLQ,1330.0,Unf,0,122.0,1452,GasA,Ex,Y,SBrkr,1476.0,1237,0,2713.0,1,0,2,1,3,1,Ex,11,Typ,1,Gd,Attchd,2008.0,Fin,3,858.0,TA,TA,Y,126,66,0,0,0,0,0,11,2008,New,Partial,340037.5
529,30,RL,58.0,9098.0,Pave,IR1,Lvl,AllPub,Inside,Gtl,Edwards,Norm,Norm,1Fam,1Story,4,7,1920,2002,Gable,CompShg,Wd Sdng,Wd Sdng,0.0,TA,TA,BrkTil,TA,TA,Mn,ALQ,348.0,Unf,0,180.0,528,GasA,Ex,Y,SBrkr,605.0,0,0,605.0,1,0,1,0,2,1,TA,5,Typ,0,None,None,1893.5,None,0,0.0,None,None,N,0,0,0,0,0,0,0,7,2007,WD,Normal,86000.0
530,20,RL,74.0,17673.5,Pave,IR1,Lvl,AllPub,CulDSac,Gtl,Crawfor,Norm,Norm,1Fam,1Story,6,3,1957,1975,Hip,CompShg,Wd Sdng,Stone,0.0,Gd,TA,PConc,TA,TA,No,Rec,1219.0,Unf,0,816.0,2035,GasA,TA,Y,SBrkr,2155.125,0,0,2515.0,1,0,3,0,4,2,TA,9,Maj1,2,TA,Attchd,1975.0,RFn,2,484.0,TA,TA,Y,0,0,0,0,0,0,0,3,2007,WD,Alloca,200624.0
531,80,RL,85.0,10200.0,Pave,Reg,Lvl,AllPub,Inside,Gtl,Timber,Norm,Norm,1Fam,SLvl,6,5,1988,1989,Gable,CompShg,HdBoard,HdBoard,219.0,Gd,TA,CBlock,Gd,TA,Av,GLQ,783.0,Unf,0,678.0,1461,GasA,Ex,Y,SBrkr,1509.0,0,0,1509.0,1,0,2,0,3,1,Gd,5,Typ,1,Fa,Attchd,1988.0,RFn,2,600.0,TA,TA,Y,224,0,0,0,0,0,0,8,2008,WD,Abnorml,175000.0
532,70,RM,60.0,6155.0,Pave,IR1,Lvl,AllPub,FR3,Gtl,BrkSide,RRNn,Feedr,1Fam,2Story,6,8,1920,1999,Gable,CompShg,Wd Sdng,Wd Sdng,0.0,TA,TA,BrkTil,Fa,Fa,Mn,Unf,0.0,Unf,0,611.0,611,GasA,Ex,Y,SBrkr,751.0,611,0,1362.0,0,0,2,0,3,1,TA,6,Typ,0,None,Detchd,1920.0,Fin,2,502.0,TA,Fa,Y,0,0,0,0,0,0,0,6,2008,WD,Normal,128000.0
533,20,RL,60.0,7200.0,Pave,Reg,Lvl,AllPub,Inside,Gtl,NAmes,Norm,Norm,1Fam,1Story,5,7,1955,2007,Gable,CompShg,VinylSd,VinylSd,0.0,TA,TA,Slab,None,None,None,None,0.0,None,0,0.0,42,GasA,Ex,Y,SBrkr,827.0,0,0,827.0,0,0,1,0,2,1,TA,5,Mod,1,Po,Detchd,1967.0,Unf,1,392.0,TA,TA,Y,0,0,0,0,0,0,0,4,2010,WD,Normal,107500.0
534,20,RL,50.0,5000.0,Pave,Reg,Low,AllPub,Inside,Mod,BrkSide,Norm,Norm,1Fam,1Story,1,3,1946,1950,Gable,CompShg,VinylSd,VinylSd,0.0,Fa,Fa,Slab,None,None,None,None,0.0,None,0,0.0,42,GasA,Fa,N,FuseF,334.0,0,0,334.0,0,0,1,0,1,1,Fa,2,Typ,0,None,None,1893.5,None,0,0.0,None,None,N,0,0,0,0,0,0,0,1,2007,WD,Normal,39300.0
535,60,RL,74.0,9056.0,Pave,IR1,Lvl,AllPub,Inside,Gtl,Gilbert,Norm,Norm,1Fam,2Story,8,5,2004,2004,Gable,CompShg,VinylSd,VinylSd,0.0,Gd,TA,PConc,Ex,Gd,Av,Unf,0.0,Unf,0,707.0,707,GasA,Ex,Y,SBrkr,707.0,707,0,1414.0,0,0,2,1,3,1,Gd,6,Typ,1,Gd,Attchd,2004.0,Fin,2,403.0,TA,TA,Y,100,35,0,0,0,0,0,10,2006,WD,Normal,178000.0
536,190,RL,70.0,7000.0,Pave,Reg,Lvl,AllPub,Inside,Gtl,Edwards,Norm,Norm,2fmCon,2Story,5,7,1910,1991,Gable,CompShg,MetalSd,MetalSd,0.0,TA,TA,CBlock,Gd,TA,Gd,GLQ,969.0,Unf,0,148.0,1117,GasA,TA,Y,SBrkr,820.0,527,0,1347.0,1,0,1,0,3,1,TA,5,Typ,0,None,None,1893.5,None,0,0.0,None,None,N,85,0,0,0,0,0,0,1,2008,WD,Normal,107500.0
537,60,RL,57.0,8924.0,Pave,IR1,Lvl,AllPub,CulDSac,Gtl,CollgCr,Norm,Norm,1Fam,2Story,7,5,1998,1999,Gable,CompShg,VinylSd,VinylSd,0.0,TA,TA,PConc,Gd,TA,Av,Unf,0.0,Unf,0,880.0,880,GasA,Ex,Y,SBrkr,880.0,844,0,1724.0,0,0,2,1,3,1,Gd,8,Typ,0,None,Attchd,1998.0,Fin,2,527.0,TA,TA,Y,120,155,0,0,0,0,0,7,2008,WD,Normal,188000.0
538,20,RL,73.0,12735.0,Pave,IR1,Lvl,AllPub,FR2,Gtl,NAmes,Norm,Norm,1Fam,1Story,4,5,1972,1972,Hip,CompShg,MetalSd,MetalSd,0.0,TA,TA,CBlock,TA,TA,No,BLQ,600.0,Unf,0,264.0,864,GasA,TA,Y,SBrkr,864.0,0,0,864.0,0,0,1,0,3,1,TA,5,Typ,0,None,Detchd,1980.0,Unf,2,576.0,TA,TA,Y,216,0,0,0,0,0,0,4,2008,COD,Normal,111250.0
539,20,RL,71.0,11553.0,Pave,IR1,Lvl,AllPub,Inside,Gtl,Sawyer,Norm,Norm,1Fam,1Story,5,5,1968,1968,Hip,CompShg,Plywood,Plywood,188.0,TA,TA,CBlock,TA,TA,No,BLQ,673.0,Unf,0,378.0,1051,GasA,TA,Y,SBrkr,1159.0,0,0,1159.0,0,0,1,1,3,1,TA,7,Typ,1,Fa,Attchd,1968.0,Unf,1,336.0,TA,TA,Y,420,0,0,0,0,0,0,7,2006,WD,Normal,158000.0
540,20,RL,70.0,11423.0,Pave,Reg,Lvl,AllPub,Inside,Gtl,CollgCr,Norm,Norm,1Fam,1Story,8,5,2001,2002,Gable,CompShg,VinylSd,VinylSd,410.625,Gd,TA,PConc,Gd,TA,Av,GLQ,1358.0,Unf,0,223.0,1581,GasA,Ex,Y,SBrkr,1601.0,0,0,1601.0,1,0,2,0,3,1,Gd,6,Typ,1,TA,Attchd,2001.0,RFn,2,670.0,TA,TA,Y,180,0,0,0,0,0,2000,5,2010,WD,Normal,272000.0
541,20,RL,85.0,14601.0,Pave,Reg,Lvl,AllPub,Inside,Gtl,Timber,Norm,Norm,1Fam,1Story,9,5,2006,2006,Hip,CompShg,VinylSd,VinylSd,410.625,Ex,TA,PConc,Ex,TA,Av,GLQ,1260.0,Unf,0,578.0,1838,GasA,Ex,Y,SBrkr,1838.0,0,0,1838.0,1,0,2,0,2,1,Ex,8,Typ,1,Gd,Attchd,2006.0,Fin,3,765.0,TA,TA,Y,270,68,0,0,0,0,0,3,2009,WD,Normal,315000.0
542,60,RL,91.0,11000.0,Pave,Reg,Lvl,AllPub,FR2,Gtl,NoRidge,Norm,Norm,1Fam,2Story,8,5,2000,2000,Gable,CompShg,VinylSd,VinylSd,72.0,Gd,TA,PConc,Gd,TA,No,Unf,0.0,Unf,0,969.0,969,GasA,Ex,Y,SBrkr,997.0,1288,0,2285.0,0,0,2,1,4,1,Gd,8,Typ,1,TA,BuiltIn,2000.0,Fin,3,648.0,TA,TA,Y,0,56,0,0,0,0,0,6,2007,WD,Normal,248000.0
543,20,RL,78.0,10140.0,Pave,Reg,Lvl,AllPub,Inside,Gtl,NWAmes,RRAn,Norm,1Fam,1Story,7,5,1998,1999,Hip,CompShg,VinylSd,VinylSd,0.0,Gd,TA,PConc,Ex,TA,No,LwQ,144.0,GLQ,0,379.0,1650,GasA,Ex,Y,SBrkr,1680.0,0,0,1680.0,1,0,2,0,3,1,Gd,7,Maj1,1,TA,Attchd,1998.0,Fin,2,583.0,TA,TA,Y,78,73,0,0,0,0,0,6,2009,WD,Normal,213250.0
544,120,RH,34.0,4058.0,Pave,Reg,Lvl,AllPub,Inside,Gtl,NAmes,Norm,Norm,TwnhsE,SFoyer,7,5,1998,1998,Gable,CompShg,MetalSd,MetalSd,182.0,TA,TA,PConc,Gd,TA,Av,GLQ,584.0,LwQ,0,0.0,723,GasA,Ex,Y,SBrkr,767.0,0,0,767.0,1,0,1,0,1,1,TA,4,Typ,0,None,Attchd,1998.0,Fin,1,367.0,TA,TA,Y,120,40,0,0,0,0,0,6,2007,WD,Normal,133000.0
545,60,RL,58.0,17104.0,Pave,IR1,Lvl,AllPub,Inside,Gtl,Gilbert,Norm,Norm,1Fam,2Story,7,5,2006,2006,Gable,CompShg,VinylSd,VinylSd,0.0,Gd,TA,PConc,Gd,Gd,Av,GLQ,554.0,Unf,0,100.0,654,GasA,Ex,Y,SBrkr,664.0,832,0,1496.0,1,0,2,1,3,1,Gd,7,Typ,1,Gd,Attchd,2006.0,RFn,2,426.0,TA,TA,Y,100,24,0,0,0,0,0,9,2006,New,Partial,179665.0
546,50,RL,80.0,13837.0,Pave,IR1,Lvl,AllPub,Corner,Gtl,NWAmes,Norm,Norm,1Fam,1.5Fin,7,5,1988,1988,Gable,CompShg,HdBoard,HdBoard,178.0,Gd,Gd,PConc,Gd,Gd,No,GLQ,1002.0,LwQ,0,0.0,1204,GasA,Gd,Y,SBrkr,1377.0,806,0,2183.0,0,0,2,1,4,1,Gd,9,Typ,0,None,Attchd,1988.0,Unf,3,786.0,TA,TA,Y,0,0,0,0,0,0,0,2,2006,WD,Normal,229000.0
547,50,RL,70.0,8737.0,Pave,IR1,Bnk,AllPub,Inside,Gtl,BrkSide,Norm,Norm,1Fam,1.5Fin,6,7,1923,1950,Gable,CompShg,BrkFace,Wd Sdng,0.0,TA,TA,BrkTil,Gd,TA,No,Rec,300.0,Unf,0,765.0,1065,GasA,Ex,Y,FuseA,915.0,720,0,1635.0,0,0,1,1,3,1,TA,6,Typ,1,Gd,Detchd,1950.0,Unf,2,440.0,TA,TA,Y,0,38,0,144,0,0,0,5,2007,WD,Normal,210000.0
548,85,RL,54.0,7244.0,Pave,Reg,Lvl,AllPub,Inside,Gtl,Mitchel,Norm,Norm,1Fam,SFoyer,5,7,1970,1970,Gable,CompShg,VinylSd,VinylSd,0.0,TA,Gd,CBlock,Gd,TA,Av,ALQ,619.0,Unf,0,149.0,768,GasA,Ex,Y,SBrkr,768.0,0,0,768.0,1,0,1,0,2,1,TA,5,Typ,0,None,Detchd,1987.0,Unf,2,624.0,TA,TA,Y,104,0,0,0,0,0,0,4,2007,WD,Normal,129500.0
549,20,RM,49.0,8235.0,Pave,IR1,HLS,AllPub,Inside,Gtl,OldTown,Feedr,RRNn,1Fam,1Story,5,7,1955,1995,Gable,CompShg,MetalSd,MetalSd,0.0,TA,Gd,CBlock,TA,TA,No,LwQ,180.0,Rec,0,0.0,825,GasA,TA,Y,SBrkr,825.0,0,0,825.0,1,0,1,0,2,1,TA,4,Typ,0,None,Detchd,1963.0,RFn,2,720.0,TA,TA,Y,140,50,0,0,0,0,0,6,2008,WD,Normal,125000.0
550,60,FV,75.0,9375.0,Pave,Reg,Lvl,AllPub,Inside,Gtl,Somerst,Norm,Norm,1Fam,2Story,7,5,2003,2004,Gable,CompShg,VinylSd,VinylSd,0.0,Gd,TA,PConc,Gd,TA,No,Unf,0.0,Unf,0,912.0,912,GasA,Ex,Y,SBrkr,912.0,1182,0,2094.0,0,0,2,1,4,1,Gd,8,Typ,1,Gd,BuiltIn,2003.0,Fin,2,615.0,TA,TA,Y,182,170,0,0,0,0,0,11,2009,WD,Normal,263000.0
551,120,RL,53.0,4043.0,Pave,Reg,Lvl,AllPub,Inside,Gtl,NPkVill,Norm,Norm,TwnhsE,1Story,6,6,1977,1977,Gable,CompShg,Plywood,Plywood,0.0,TA,TA,CBlock,Gd,TA,No,ALQ,559.0,Unf,0,510.0,1069,GasA,TA,Y,SBrkr,1069.0,0,0,1069.0,0,0,2,0,2,1,TA,4,Typ,0,None,Attchd,1977.0,RFn,2,440.0,TA,TA,Y,0,55,0,0,0,0,0,10,2008,COD,Abnorml,140000.0
552,20,RM,50.0,6000.0,Pave,Reg,Lvl,AllPub,Inside,Gtl,OldTown,Norm,Norm,1Fam,1Story,5,6,1957,1957,Hip,CompShg,BrkFace,BrkFace,0.0,TA,TA,CBlock,TA,TA,No,Rec,308.0,Unf,0,620.0,928,GasA,Gd,Y,FuseA,928.0,0,0,928.0,0,0,1,0,3,1,TA,5,Typ,0,None,Attchd,1957.0,Fin,1,288.0,TA,TA,Y,0,0,0,0,0,0,0,6,2008,WD,Normal,112500.0
553,20,RL,87.0,11146.0,Pave,IR1,Lvl,AllPub,Inside,Gtl,NridgHt,Norm,Norm,1Fam,1Story,8,5,2006,2006,Gable,CompShg,VinylSd,VinylSd,250.0,Gd,TA,PConc,Ex,TA,Av,Unf,0.0,Unf,0,1685.5,1709,GasA,Ex,Y,SBrkr,1717.0,0,0,1717.0,0,0,2,0,3,1,Gd,7,Typ,1,Gd,Attchd,2006.0,RFn,3,908.0,TA,TA,Y,169,39,0,0,0,0,0,7,2009,WD,Normal,255500.0
554,20,RL,67.0,8777.0,Pave,Reg,Lvl,AllPub,Inside,Gtl,Edwards,Feedr,Norm,1Fam,1Story,4,5,1949,2003,Gable,CompShg,VinylSd,VinylSd,0.0,TA,TA,CBlock,None,None,None,None,0.0,None,0,0.0,42,GasA,Ex,Y,SBrkr,1126.0,0,0,1126.0,0,0,2,0,2,1,Gd,5,Typ,0,None,Detchd,2002.0,Fin,2,520.0,TA,TA,N,0,96,0,0,0,0,0,5,2009,WD,Normal,108000.0
555,60,RL,85.0,10625.0,Pave,Reg,Lvl,AllPub,Inside,Gtl,NridgHt,Norm,Norm,1Fam,2Story,7,5,2003,2004,Gable,CompShg,VinylSd,VinylSd,292.0,Gd,TA,PConc,Gd,TA,No,GLQ,866.0,Unf,0,132.0,998,GasA,Ex,Y,SBrkr,1006.0,1040,0,2046.0,1,0,2,1,3,1,Gd,8,Typ,1,Gd,BuiltIn,2003.0,RFn,3,871.0,TA,TA,Y,320,62,0,0,0,0,0,8,2008,WD,Normal,284000.0
556,45,RM,58.0,6380.0,Pave,Reg,Lvl,AllPub,Inside,Gtl,BrkSide,Norm,Norm,1Fam,1.5Unf,5,6,1922,1950,Gable,CompShg,MetalSd,MetalSd,0.0,TA,TA,BrkTil,TA,Fa,No,Unf,0.0,Unf,0,993.0,993,GasA,TA,Y,FuseA,1048.0,0,0,1048.0,0,0,1,0,2,1,TA,5,Typ,1,Gd,Detchd,1922.0,Unf,1,280.0,TA,TA,Y,0,0,0,0,0,0,0,8,2006,WD,Normal,113000.0
557,20,RL,69.0,14850.0,Pave,IR1,Lvl,AllPub,Inside,Gtl,NAmes,Norm,Norm,1Fam,1Story,5,5,1957,1957,Gable,CompShg,Wd Sdng,Wd Sdng,0.0,TA,TA,CBlock,TA,TA,No,Rec,895.0,Unf,0,197.0,1092,GasA,TA,Y,FuseA,1092.0,0,0,1092.0,1,0,1,0,2,1,TA,6,Typ,1,TA,Attchd,1957.0,Fin,1,299.0,TA,TA,Y,268,0,0,0,0,0,0,5,2006,WD,Normal,141000.0
558,50,C (all),60.0,11040.0,Pave,Reg,Low,AllPub,Inside,Mod,IDOTRR,Norm,Norm,1Fam,1.5Fin,4,6,1920,1950,Gable,CompShg,MetalSd,MetalSd,0.0,TA,TA,CBlock,TA,TA,No,Rec,637.0,Unf,0,0.0,637,GasA,Gd,Y,SBrkr,897.0,439,0,1336.0,0,0,1,1,3,1,TA,7,Typ,0,None,CarPort,1994.0,Unf,1,570.0,TA,TA,Y,0,47,0,0,0,0,0,9,2006,COD,Normal,108000.0
559,60,RL,57.0,17673.5,Pave,IR2,HLS,AllPub,FR2,Gtl,Gilbert,Norm,Norm,1Fam,2Story,7,5,1996,1997,Gable,CompShg,HdBoard,HdBoard,0.0,TA,TA,PConc,Gd,TA,Gd,GLQ,604.0,Unf,0,125.0,729,GasA,Ex,Y,SBrkr,729.0,717,0,1446.0,0,1,2,1,3,1,TA,6,Typ,1,TA,Attchd,1996.0,Unf,2,406.0,TA,TA,Y,264,22,0,0,0,0,0,8,2008,WD,Normal,175000.0
560,120,RL,43.0,3196.0,Pave,Reg,Lvl,AllPub,Inside,Gtl,Blmngtn,Norm,Norm,TwnhsE,1Story,7,5,2003,2004,Gable,CompShg,VinylSd,VinylSd,18.0,Gd,TA,PConc,Gd,TA,Gd,Unf,0.0,Unf,0,1374.0,1374,GasA,Ex,Y,SBrkr,1557.0,0,0,1557.0,0,0,2,0,2,1,Gd,7,Typ,1,TA,Attchd,2003.0,Fin,2,420.0,TA,TA,Y,143,20,0,0,0,0,0,10,2006,WD,Normal,234000.0
561,20,RL,71.0,11341.0,Pave,IR1,Lvl,AllPub,Inside,Gtl,Sawyer,Norm,Norm,1Fam,1Story,5,6,1957,1996,Hip,CompShg,Wd Sdng,Wd Sdng,180.0,TA,TA,CBlock,Gd,TA,No,ALQ,1302.0,Unf,0,90.0,1392,GasA,TA,Y,SBrkr,1392.0,0,0,1392.0,1,0,1,1,3,1,TA,5,Mod,1,Gd,Detchd,1957.0,Unf,2,528.0,TA,TA,Y,0,0,0,0,0,0,0,5,2010,WD,Normal,121500.0
562,20,RL,77.0,10010.0,Pave,Reg,Lvl,AllPub,Inside,Mod,Mitchel,Norm,Norm,1Fam,1Story,5,5,1974,1975,Gable,CompShg,HdBoard,HdBoard,0.0,TA,TA,CBlock,Gd,TA,Av,ALQ,1071.0,LwQ,0,195.0,1389,GasA,Gd,Y,SBrkr,1389.0,0,0,1389.0,1,0,1,0,2,1,TA,6,Typ,1,TA,Attchd,1975.0,RFn,2,418.0,TA,TA,Y,240,38,0,0,0,0,0,4,2006,WD,Normal,170000.0
563,30,RL,63.0,13907.0,Pave,Reg,Lvl,AllPub,Inside,Gtl,Edwards,Norm,Norm,1Fam,1Story,5,6,1940,1969,Gable,CompShg,WdShing,Wd Shng,0.0,TA,TA,CBlock,TA,TA,No,BLQ,290.0,Unf,0,706.0,996,GasA,Ex,Y,SBrkr,996.0,0,0,996.0,1,0,1,0,3,1,TA,6,Typ,1,Gd,None,1893.5,None,0,0.0,None,None,Y,144,0,0,0,0,0,0,7,2008,WD,Normal,108000.0
564,50,RL,66.0,17673.5,Pave,Reg,Lvl,AllPub,Inside,Gtl,Edwards,Norm,Norm,1Fam,1.5Fin,6,7,1918,1950,Gable,CompShg,Wd Sdng,Wd Sdng,0.0,TA,TA,BrkTil,Gd,TA,Mn,Unf,0.0,Unf,0,1163.0,1163,GasA,Ex,Y,SBrkr,1163.0,511,0,1674.0,0,0,2,0,4,1,TA,8,Typ,1,Gd,Detchd,1955.0,Fin,2,396.0,TA,TA,N,72,36,0,0,0,0,0,7,2008,WD,Normal,185000.0
565,60,RL,91.0,13346.0,Pave,IR1,Lvl,AllPub,CulDSac,Gtl,NoRidge,Norm,Norm,1Fam,2Story,7,5,1992,2000,Gable,CompShg,HdBoard,HdBoard,0.0,Gd,TA,PConc,Gd,TA,No,GLQ,728.0,Unf,0,367.0,1095,GasA,Ex,Y,SBrkr,1166.0,1129,0,2295.0,1,0,2,1,4,1,Gd,9,Typ,1,TA,Attchd,1992.0,RFn,2,590.0,TA,TA,Y,0,40,0,0,0,0,0,7,2006,WD,Normal,268000.0
566,70,RL,66.0,6858.0,Pave,Reg,Bnk,AllPub,Corner,Gtl,SWISU,Norm,Norm,1Fam,2Story,6,4,1915,1950,Gable,CompShg,Wd Sdng,Wd Sdng,0.0,TA,TA,PConc,Gd,TA,No,Unf,0.0,Unf,0,806.0,806,GasA,TA,N,FuseF,841.0,806,0,1647.0,1,0,1,1,4,1,Fa,6,Typ,0,None,Detchd,1920.0,Unf,1,216.0,TA,TA,Y,0,66,0,0,0,0,0,5,2010,WD,Normal,128000.0
567,60,RL,77.0,11198.0,Pave,IR1,Lvl,AllPub,Inside,Gtl,StoneBr,Norm,Norm,1Fam,2Story,9,5,2005,2007,Hip,CompShg,VinylSd,VinylSd,245.0,Gd,TA,PConc,Gd,Gd,No,Unf,0.0,Unf,0,1122.0,1122,GasA,Ex,Y,SBrkr,1134.0,1370,0,2504.0,0,0,2,1,4,1,Ex,11,Typ,1,Gd,BuiltIn,2005.0,Fin,3,656.0,TA,TA,Y,144,39,0,0,0,0,0,6,2008,WD,Normal,325000.0
568,20,RL,70.0,10171.0,Pave,IR1,Lvl,AllPub,Inside,Gtl,NridgHt,Norm,Norm,1Fam,1Story,7,5,2004,2004,Gable,CompShg,VinylSd,VinylSd,168.0,Gd,TA,PConc,Gd,TA,No,GLQ,2.0,Unf,0,1515.0,1517,GasA,Ex,Y,SBrkr,1535.0,0,0,1535.0,0,0,2,0,3,1,Gd,7,Typ,0,None,Attchd,2004.0,RFn,2,532.0,TA,TA,Y,0,0,0,0,0,0,0,3,2010,WD,Normal,214000.0
569,50,RL,79.0,12327.0,Pave,IR1,Low,AllPub,Inside,Mod,SawyerW,Norm,Norm,1Fam,1.5Fin,8,8,1983,2009,Gable,CompShg,Wd Sdng,Wd Sdng,0.0,Gd,TA,CBlock,Gd,TA,Gd,GLQ,1441.0,Unf,0,55.0,1496,GasA,Ex,Y,SBrkr,1496.0,636,0,2132.0,1,0,1,1,1,1,Gd,5,Min2,1,Gd,BuiltIn,1983.0,Fin,2,612.0,Gd,TA,Y,349,40,0,0,0,0,0,9,2009,WD,Normal,316600.0
570,90,RL,73.0,7032.0,Pave,IR1,Lvl,AllPub,Corner,Gtl,NAmes,Norm,Norm,Duplex,SFoyer,5,5,1979,1979,Gable,CompShg,MetalSd,MetalSd,0.0,TA,TA,CBlock,Gd,TA,Gd,GLQ,943.0,Unf,0,0.0,943,GasA,TA,Y,SBrkr,943.0,0,0,943.0,1,0,1,0,2,1,TA,4,Typ,2,TA,Detchd,1979.0,Unf,2,600.0,TA,TA,Y,42,0,0,0,0,0,0,12,2006,WD,Normal,135960.0
571,90,RL,74.0,13101.0,Pave,IR1,Lvl,AllPub,Inside,Gtl,NAmes,Norm,Norm,Duplex,1Story,5,5,1965,1965,Gable,CompShg,HdBoard,HdBoard,108.0,TA,TA,CBlock,TA,TA,No,LwQ,231.0,Unf,0,1497.0,1728,GasA,TA,Y,SBrkr,1728.0,0,0,1728.0,0,0,2,0,6,2,TA,10,Typ,0,None,Detchd,1987.0,Unf,2,576.0,TA,TA,Y,0,0,0,0,0,0,0,11,2008,WD,Normal,142600.0
572,20,RL,60.0,7332.0,Pave,Reg,Lvl,AllPub,Inside,Gtl,NAmes,Norm,Norm,1Fam,1Story,6,6,1959,1959,Gable,CompShg,WdShing,Wd Shng,207.0,TA,TA,CBlock,TA,TA,No,BLQ,414.0,Unf,0,450.0,864,GasA,Ex,Y,SBrkr,864.0,0,0,864.0,1,0,1,0,2,1,Gd,4,Typ,0,None,Attchd,1959.0,Unf,1,288.0,TA,TA,Y,168,0,0,0,0,0,0,10,2006,WD,Abnorml,120000.0
573,60,RL,83.0,13159.0,Pave,IR1,HLS,AllPub,Corner,Gtl,Timber,Norm,Norm,1Fam,2Story,7,5,2009,2009,Gable,CompShg,VinylSd,VinylSd,0.0,TA,TA,PConc,Ex,TA,Av,Unf,0.0,Unf,0,846.0,846,GasA,Gd,Y,SBrkr,846.0,846,0,1692.0,0,0,2,1,3,1,Gd,6,Typ,0,None,Attchd,2009.0,RFn,2,650.0,TA,TA,Y,208,114,0,0,0,0,0,7,2009,New,Partial,224500.0
574,80,RL,76.0,9967.0,Pave,IR1,Lvl,AllPub,Inside,Gtl,Gilbert,Norm,Norm,1Fam,SLvl,7,5,2000,2000,Gable,CompShg,VinylSd,VinylSd,0.0,TA,TA,PConc,Gd,TA,No,Unf,0.0,Unf,0,384.0,384,GasA,Ex,Y,SBrkr,774.0,656,0,1430.0,0,0,2,1,3,1,TA,8,Typ,1,TA,BuiltIn,2000.0,RFn,2,400.0,TA,TA,Y,100,0,0,0,0,0,0,12,2007,WD,Normal,170000.0
575,80,RL,70.0,10500.0,Pave,Reg,Lvl,AllPub,FR2,Gtl,NAmes,Norm,Norm,1Fam,SLvl,5,7,1971,2005,Gambrel,CompShg,MetalSd,AsphShn,82.0,TA,TA,CBlock,TA,TA,Av,ALQ,349.0,Unf,0,23.0,372,GasA,TA,Y,SBrkr,576.0,533,0,1109.0,0,1,1,0,3,1,TA,5,Typ,0,None,BuiltIn,1971.0,Unf,1,288.0,TA,TA,Y,35,0,0,0,0,0,0,12,2007,WD,Normal,139000.0
576,50,RL,80.0,8480.0,Pave,Reg,Lvl,AllPub,Inside,Gtl,NAmes,Norm,Norm,1Fam,1.5Fin,5,5,1947,1950,Gable,CompShg,MetalSd,MetalSd,0.0,TA,TA,CBlock,TA,TA,No,Rec,442.0,Unf,0,390.0,832,GasA,TA,Y,SBrkr,832.0,384,0,1216.0,0,0,1,0,2,1,TA,6,Typ,0,None,Detchd,1947.0,Unf,1,336.0,TA,TA,Y,158,0,0,0,0,0,0,10,2008,COD,Abnorml,118500.0
577,50,RL,52.0,6292.0,Pave,Reg,Lvl,AllPub,Inside,Gtl,SWISU,Norm,Norm,1Fam,1.5Fin,7,7,1928,1950,Gable,CompShg,Wd Sdng,Wd Sdng,0.0,TA,TA,BrkTil,TA,TA,No,Unf,0.0,Unf,0,861.0,861,GasA,Gd,Y,SBrkr,877.0,600,0,1477.0,0,1,2,0,3,1,TA,6,Typ,1,Gd,Detchd,1928.0,Unf,1,216.0,TA,TA,Y,0,50,0,0,0,0,0,8,2009,WD,Normal,145000.0
578,80,RL,96.0,11777.0,Pave,IR1,Lvl,AllPub,Inside,Gtl,Sawyer,Norm,Norm,1Fam,SLvl,5,6,1966,1966,Gable,CompShg,VinylSd,VinylSd,97.0,TA,TA,CBlock,TA,TA,Av,LwQ,328.0,ALQ,0,285.0,1164,GasA,Ex,Y,SBrkr,1320.0,0,0,1320.0,1,0,1,0,3,1,TA,6,Typ,2,Fa,Attchd,1966.0,RFn,2,564.0,TA,TA,Y,160,68,0,0,0,0,0,5,2006,WD,Abnorml,164500.0
579,160,FV,34.0,3604.0,Pave,Reg,Lvl,AllPub,Corner,Gtl,Somerst,Norm,Norm,TwnhsE,2Story,7,5,2007,2007,Gable,CompShg,VinylSd,VinylSd,0.0,Gd,TA,PConc,Gd,TA,No,Unf,0.0,Unf,0,689.0,689,GasA,Ex,Y,SBrkr,703.0,689,0,1392.0,0,0,2,0,2,1,Gd,5,Typ,0,None,Detchd,2007.0,Unf,2,540.0,TA,TA,Y,0,102,0,0,0,0,0,2,2008,WD,Abnorml,146000.0
580,50,RM,81.0,12150.0,Pave,Reg,Lvl,AllPub,Inside,Gtl,OldTown,Norm,Norm,1Fam,1.5Fin,5,5,1954,1954,Gable,CompShg,MetalSd,MetalSd,335.0,TA,TA,BrkTil,TA,TA,No,Unf,0.0,Unf,0,1050.0,1050,GasA,Ex,N,FuseF,1050.0,745,0,1795.0,0,0,2,0,4,1,TA,7,Typ,0,None,Attchd,1954.0,Unf,1,352.0,Fa,TA,Y,0,0,0,0,0,0,0,11,2008,WD,Normal,131500.0
581,20,RL,73.0,14585.0,Pave,IR1,Lvl,AllPub,CulDSac,Gtl,NAmes,Norm,Norm,1Fam,1Story,6,6,1960,1987,Gable,CompShg,Wd Sdng,Wd Sdng,85.0,TA,TA,CBlock,TA,TA,No,BLQ,594.0,Rec,0,331.0,1144,GasA,Ex,Y,SBrkr,1429.0,0,0,1429.0,0,1,1,0,3,1,Gd,7,Typ,2,Gd,Attchd,1960.0,Unf,2,572.0,TA,TA,Y,216,110,0,0,0,0,0,6,2007,WD,Normal,181900.0
582,20,RL,98.0,12704.0,Pave,Reg,Lvl,AllPub,Inside,Gtl,NridgHt,Norm,Norm,1Fam,1Story,8,5,2008,2009,Hip,CompShg,VinylSd,VinylSd,306.0,Ex,TA,PConc,Ex,TA,No,Unf,0.0,Unf,0,1685.5,2042,GasA,Ex,Y,SBrkr,2042.0,0,0,2042.0,0,0,2,1,3,1,Ex,8,Typ,1,Gd,Attchd,2009.0,RFn,3,938.25,TA,TA,Y,0,90,0,0,0,0,0,8,2009,New,Partial,253293.0
583,90,RL,81.0,11841.0,Grvl,Reg,Lvl,AllPub,Inside,Gtl,Edwards,Norm,Norm,Duplex,SFoyer,6,5,1990,1990,Gable,CompShg,HdBoard,HdBoard,104.0,TA,Gd,CBlock,Gd,TA,Av,GLQ,816.0,Unf,0,0.0,816,GasA,TA,Y,SBrkr,816.0,0,0,816.0,1,0,1,0,3,1,TA,5,Typ,0,None,None,1893.5,None,0,0.0,None,None,Y,0,32,0,0,0,0,0,5,2007,WD,Normal,118500.0
584,75,RM,75.0,13500.0,Pave,Reg,Lvl,AllPub,Inside,Gtl,OldTown,Artery,PosA,1Fam,2.5Unf,10,9,1893,2000,Gable,CompShg,Wd Sdng,Wd Sdng,0.0,Ex,Ex,BrkTil,TA,TA,No,Unf,0.0,Unf,0,1237.0,1237,GasA,Gd,Y,SBrkr,1521.0,1254,0,2747.625,0,0,3,1,3,1,Gd,9,Typ,1,Gd,Detchd,1988.0,Unf,2,880.0,Gd,TA,Y,105,170,0,0,0,0,0,7,2008,WD,Normal,325000.0
585,50,RM,51.0,6120.0,Pave,Reg,Lvl,AllPub,Inside,Gtl,BrkSide,Norm,Norm,1Fam,1.5Fin,4,7,1935,1995,Gable,CompShg,AsbShng,AsbShng,0.0,TA,TA,BrkTil,TA,TA,No,Unf,0.0,Unf,0,884.0,884,GasA,Ex,Y,SBrkr,989.0,584,0,1573.0,0,0,1,0,3,1,Gd,6,Typ,0,None,Detchd,1935.0,Unf,1,240.0,TA,TA,Y,0,0,0,0,0,0,0,7,2009,WD,Normal,133000.0
586,20,RL,88.0,11443.0,Pave,Reg,Lvl,AllPub,Inside,Gtl,Timber,Norm,Norm,1Fam,1Story,8,5,2005,2006,Hip,CompShg,VinylSd,VinylSd,208.0,Gd,TA,PConc,Ex,TA,Gd,GLQ,1460.0,Unf,0,408.0,1868,GasA,Ex,Y,SBrkr,2028.0,0,0,2028.0,1,0,2,0,2,1,Gd,7,Typ,2,Gd,Attchd,2005.0,RFn,3,880.0,TA,TA,Y,326,66,0,0,0,0,0,3,2006,New,Partial,340037.5
587,30,RL,55.0,10267.0,Pave,Reg,Lvl,AllPub,Inside,Gtl,BrkSide,RRAn,Norm,1Fam,1Story,6,7,1918,2000,Gable,CompShg,Stucco,Wd Shng,0.0,TA,Gd,BrkTil,TA,Gd,Mn,Rec,210.0,ALQ,0,0.0,816,GasA,Ex,Y,SBrkr,838.0,0,0,838.0,1,0,1,0,2,1,Fa,5,Typ,0,None,Detchd,1961.0,Fin,1,275.0,TA,TA,N,0,0,0,0,0,0,0,5,2008,WD,Normal,130000.0
588,85,RL,74.0,8740.0,Pave,IR1,Lvl,AllPub,Inside,Gtl,Sawyer,Norm,Norm,1Fam,SFoyer,5,6,1982,1982,Hip,CompShg,HdBoard,HdBoard,0.0,TA,TA,CBlock,TA,TA,Av,ALQ,672.0,Unf,0,168.0,840,GasA,TA,Y,SBrkr,860.0,0,0,860.0,1,0,1,0,2,1,TA,4,Typ,0,None,Detchd,1996.0,Unf,2,528.0,TA,TA,Y,0,0,0,0,0,0,0,7,2009,WD,Normal,137000.0
589,20,RL,65.0,17673.5,Pave,IR1,Low,AllPub,Inside,Sev,ClearCr,Norm,Norm,1Fam,1Story,5,8,1968,2003,Flat,Tar&Grv,Wd Sdng,Wd Sdng,0.0,TA,TA,CBlock,TA,TA,Gd,GLQ,1324.0,Unf,0,113.0,1437,GasA,Ex,Y,SBrkr,1473.0,0,0,1473.0,2,0,1,0,1,1,Ex,5,Typ,2,Gd,Attchd,1968.0,Unf,1,452.0,TA,TA,Y,0,48,0,0,0,0,0,6,2009,WD,Partial,143000.0
590,40,RM,50.0,9100.0,Pave,Reg,Lvl,AllPub,Inside,Gtl,BrkSide,RRAn,Feedr,1Fam,1Story,5,6,1930,1960,Gable,CompShg,VinylSd,VinylSd,0.0,TA,TA,BrkTil,TA,TA,No,Unf,0.0,Unf,0,742.0,742,GasA,TA,Y,FuseA,779.0,0,156,935.0,0,0,1,0,2,1,TA,4,Typ,0,None,Detchd,1988.0,Unf,1,308.0,TA,TA,P,0,0,0,0,0,0,600,8,2008,WD,Normal,79500.0
591,60,RL,64.0,8320.0,Pave,Reg,Lvl,AllPub,Inside,Gtl,CollgCr,Norm,Norm,1Fam,2Story,7,5,2004,2004,Gable,CompShg,VinylSd,VinylSd,0.0,Gd,TA,PConc,Gd,TA,No,GLQ,490.0,Unf,0,280.0,770,GasA,Ex,Y,SBrkr,770.0,812,0,1582.0,0,0,2,1,3,1,Gd,6,Typ,0,None,Attchd,2004.0,RFn,2,520.0,TA,TA,Y,0,45,0,0,0,0,0,9,2008,WD,Normal,185900.0
592,60,RL,97.0,13478.0,Pave,IR1,Lvl,AllPub,Corner,Gtl,NridgHt,Norm,Norm,1Fam,2Story,10,5,2008,2008,Gable,CompShg,CemntBd,CmentBd,410.625,Ex,TA,PConc,Ex,TA,Gd,GLQ,1338.0,Unf,0,384.0,1722,GasA,Ex,Y,SBrkr,1728.0,568,0,2296.0,1,0,2,1,3,1,Ex,10,Typ,1,Gd,BuiltIn,2008.0,RFn,3,842.0,TA,TA,Y,382,170,0,0,0,0,0,6,2009,ConLI,Normal,340037.5
593,20,RL,60.0,6600.0,Pave,Reg,Lvl,AllPub,Inside,Gtl,Mitchel,Norm,Norm,1Fam,1Story,5,8,1982,2003,Gable,CompShg,HdBoard,HdBoard,0.0,TA,Gd,PConc,TA,Gd,No,GLQ,816.0,Unf,0,0.0,816,GasA,Ex,Y,SBrkr,816.0,0,0,816.0,1,0,1,0,2,1,TA,4,Typ,0,None,Detchd,1985.0,Fin,2,816.0,TA,TA,Y,0,0,0,0,0,0,0,6,2008,WD,Normal,138000.0
594,120,RM,70.0,4435.0,Pave,Reg,Lvl,AllPub,Inside,Gtl,CollgCr,Norm,Norm,TwnhsE,1Story,6,5,2003,2003,Gable,CompShg,VinylSd,VinylSd,170.0,Gd,TA,PConc,Gd,TA,Av,GLQ,685.0,Unf,0,163.0,848,GasA,Ex,Y,SBrkr,848.0,0,0,848.0,1,0,1,0,1,1,Gd,4,Typ,0,None,Attchd,2003.0,Fin,2,420.0,TA,TA,Y,140,0,0,0,0,0,0,5,2009,WD,Normal,140000.0
595,20,RL,88.0,7990.0,Pave,IR1,Lvl,AllPub,Inside,Gtl,CollgCr,Norm,Norm,1Fam,1Story,5,6,1975,1975,Hip,CompShg,HdBoard,HdBoard,0.0,TA,TA,CBlock,Gd,TA,No,Unf,0.0,Unf,0,924.0,924,GasA,TA,Y,SBrkr,924.0,0,0,924.0,0,0,1,0,3,1,TA,5,Typ,0,None,Detchd,1981.0,Unf,1,280.0,TA,TA,Y,0,0,0,0,0,0,0,4,2008,WD,Normal,110000.0
596,20,RL,69.0,11302.0,Pave,IR1,Lvl,AllPub,Inside,Gtl,StoneBr,Norm,Norm,1Fam,1Story,8,5,2005,2006,Gable,CompShg,VinylSd,Other,238.0,Gd,TA,PConc,Gd,TA,Gd,GLQ,1422.0,Unf,0,392.0,1814,GasA,Ex,Y,SBrkr,1826.0,0,0,1826.0,1,0,2,0,3,1,Gd,7,Typ,1,TA,Attchd,2005.0,Fin,3,758.0,TA,TA,Y,180,75,0,0,0,0,0,8,2006,New,Partial,319000.0
597,70,RM,60.0,3600.0,Pave,Reg,Lvl,AllPub,Inside,Gtl,OldTown,Norm,Norm,1Fam,2Story,6,7,1910,1993,Gable,CompShg,VinylSd,VinylSd,0.0,TA,TA,CBlock,TA,TA,No,Unf,0.0,Unf,0,684.0,684,GasA,Ex,N,FuseA,684.0,684,0,1368.0,0,0,1,0,3,1,TA,7,Typ,0,None,Detchd,1930.0,Unf,1,216.0,TA,Fa,N,0,158,0,0,0,0,0,10,2006,WD,Normal,114504.0
598,120,RL,53.0,3922.0,Pave,Reg,Lvl,AllPub,Inside,Gtl,Blmngtn,Norm,Norm,TwnhsE,1Story,7,5,2006,2007,Gable,CompShg,VinylSd,VinylSd,72.0,Gd,TA,PConc,Ex,TA,Av,Unf,0.0,Unf,0,1258.0,1258,GasA,Ex,Y,SBrkr,1402.0,0,0,1402.0,0,2,0,2,2,1,Gd,7,Typ,1,Gd,Attchd,2006.0,Fin,3,648.0,TA,TA,Y,120,16,0,0,0,0,0,2,2007,New,Partial,194201.0
599,20,RL,80.0,12984.0,Pave,Reg,Bnk,AllPub,Inside,Gtl,Crawfor,Norm,Norm,1Fam,1Story,5,6,1977,1977,Gable,CompShg,Plywood,Plywood,410.625,TA,TA,CBlock,Gd,TA,Mn,ALQ,1283.0,LwQ,0,0.0,1430,GasA,Ex,Y,SBrkr,1647.0,0,0,1647.0,1,0,2,0,3,1,Gd,7,Typ,1,TA,Attchd,1977.0,Fin,2,621.0,TA,TA,Y,0,0,0,0,0,0,0,3,2006,WD,Normal,217500.0
600,160,RM,30.0,1950.0,Pave,Reg,Lvl,AllPub,Inside,Gtl,Blueste,Norm,Norm,Twnhs,2Story,6,6,1980,1980,Gable,CompShg,MetalSd,MetalSd,0.0,TA,Gd,CBlock,Gd,TA,No,LwQ,81.0,GLQ,0,23.0,716,GasA,TA,Y,SBrkr,716.0,840,0,1556.0,1,0,2,1,3,1,TA,6,Typ,1,TA,Attchd,1980.0,Fin,2,452.0,TA,TA,Y,161,0,0,0,0,0,0,7,2008,COD,Normal,151000.0
601,60,RL,74.0,10927.0,Pave,Reg,Lvl,AllPub,Inside,Gtl,NridgHt,Norm,Norm,1Fam,2Story,8,5,2005,2005,Gable,CompShg,VinylSd,VinylSd,280.0,Gd,TA,PConc,Gd,TA,Av,GLQ,546.0,Unf,0,512.0,1058,GasA,Ex,Y,SBrkr,1058.0,846,0,1904.0,1,0,2,1,3,1,Ex,8,Typ,1,Gd,BuiltIn,2003.0,Fin,2,736.0,TA,TA,Y,179,60,0,0,0,0,0,6,2006,WD,Normal,275000.0
602,50,RM,50.0,9000.0,Pave,Reg,Bnk,AllPub,Inside,Gtl,IDOTRR,Norm,Norm,1Fam,1.5Fin,6,6,1937,1950,Gable,CompShg,Wd Sdng,Wd Sdng,0.0,TA,Gd,PConc,TA,TA,No,Unf,0.0,Unf,0,780.0,780,GasA,TA,Y,SBrkr,780.0,595,0,1375.0,0,0,1,1,3,1,Gd,6,Typ,1,Gd,Detchd,1979.0,Unf,1,544.0,TA,TA,P,0,162,0,0,0,0,0,12,2007,WD,Normal,141000.0
603,60,RL,80.0,10041.0,Pave,IR1,Lvl,AllPub,Inside,Gtl,SawyerW,Norm,Norm,1Fam,2Story,8,5,1992,1992,Gable,CompShg,HdBoard,HdBoard,0.0,Gd,TA,PConc,Gd,TA,Mn,GLQ,789.0,Unf,0,119.0,908,GasA,Ex,Y,SBrkr,927.0,988,0,1915.0,1,0,2,1,3,1,Gd,8,Typ,1,TA,Attchd,1992.0,Fin,2,506.0,TA,TA,Y,120,150,0,0,0,0,0,2,2006,WD,Abnorml,220000.0
604,160,FV,30.0,3182.0,Pave,Reg,Lvl,AllPub,Inside,Gtl,Somerst,Norm,Norm,TwnhsE,2Story,7,5,2004,2005,Gable,CompShg,MetalSd,MetalSd,0.0,Gd,TA,PConc,Gd,TA,No,Unf,0.0,Unf,0,600.0,600,GasA,Ex,Y,SBrkr,600.0,600,0,1200.0,0,0,2,1,2,1,Gd,4,Typ,0,None,Detchd,2004.0,RFn,2,480.0,TA,TA,Y,0,170,0,0,0,0,0,6,2010,WD,Normal,151000.0
605,20,RL,88.0,12803.0,Pave,IR1,Lvl,AllPub,Inside,Gtl,CollgCr,Norm,Norm,1Fam,1Story,7,5,2002,2002,Gable,CompShg,VinylSd,VinylSd,99.0,Gd,TA,PConc,Gd,TA,Mn,GLQ,922.0,Unf,0,572.0,1494,GasA,Ex,Y,SBrkr,1494.0,0,0,1494.0,1,0,2,0,3,1,Gd,6,Typ,1,TA,Attchd,2002.0,RFn,2,530.0,TA,TA,Y,192,36,0,0,0,0,0,9,2008,WD,Normal,221000.0
606,60,RL,85.0,13600.0,Pave,Reg,Lvl,AllPub,Inside,Gtl,NAmes,Norm,Norm,1Fam,2Story,7,6,1965,1990,Gable,CompShg,HdBoard,HdBoard,176.0,TA,TA,CBlock,TA,TA,No,BLQ,454.0,Unf,0,314.0,768,GasA,TA,Y,SBrkr,1186.0,800,0,1986.0,0,0,2,1,3,1,TA,7,Typ,3,Fa,Attchd,1965.0,Unf,2,486.0,TA,TA,Y,0,42,0,0,0,0,0,10,2009,WD,Normal,205000.0
607,20,RL,82.0,12464.0,Pave,IR2,Low,AllPub,Corner,Mod,CollgCr,Norm,Norm,1Fam,1Story,5,5,1996,1996,Gable,CompShg,VinylSd,VinylSd,0.0,TA,Gd,PConc,Gd,TA,No,GLQ,732.0,Unf,0,308.0,1040,GasA,Gd,Y,SBrkr,1040.0,0,0,1040.0,1,0,1,0,3,1,Gd,6,Typ,0,None,Detchd,2000.0,Unf,2,576.0,TA,TA,Y,168,0,0,0,0,0,0,11,2009,WD,Normal,152000.0
608,20,RL,78.0,7800.0,Pave,Reg,Bnk,AllPub,Inside,Mod,Edwards,Norm,Norm,1Fam,2Story,5,8,1948,2002,Gable,CompShg,MetalSd,MetalSd,0.0,TA,Gd,CBlock,TA,Gd,No,GLQ,603.0,Unf,0,293.0,896,GasA,Ex,Y,SBrkr,1112.0,896,0,2008.0,1,0,3,0,3,1,Ex,8,Typ,0,None,Attchd,1948.0,Unf,1,230.0,TA,TA,Y,103,0,0,0,0,0,0,8,2006,WD,Normal,225000.0
609,70,RL,78.0,12168.0,Pave,Reg,HLS,AllPub,Inside,Mod,Crawfor,Norm,Norm,1Fam,2Story,8,6,1934,1998,Gable,CompShg,BrkFace,Wd Sdng,0.0,TA,TA,PConc,Gd,TA,Mn,BLQ,428.0,Unf,0,537.0,965,GasA,TA,Y,SBrkr,1940.0,1254,0,2747.625,0,0,2,1,4,1,TA,10,Typ,2,Gd,Basment,1934.0,Unf,2,380.0,TA,TA,Y,0,0,0,0,0,0,0,9,2007,WD,Alloca,340037.5
610,20,RL,61.0,7943.0,Pave,Reg,Lvl,AllPub,Inside,Gtl,Sawyer,Feedr,Norm,1Fam,1Story,4,5,1961,1961,Gable,CompShg,VinylSd,VinylSd,192.0,TA,Fa,CBlock,TA,TA,Mn,Rec,903.0,Unf,0,126.0,1029,GasA,Gd,Y,SBrkr,1029.0,0,0,1029.0,1,0,1,0,3,1,TA,5,Typ,0,None,Attchd,1961.0,Unf,1,261.0,TA,TA,Y,64,0,0,0,0,0,0,4,2007,WD,Normal,118500.0
611,60,RL,70.0,11050.0,Pave,Reg,Lvl,AllPub,Inside,Gtl,CollgCr,PosN,Norm,1Fam,2Story,9,5,2000,2000,Hip,CompShg,VinylSd,VinylSd,204.0,Gd,TA,PConc,Ex,TA,Mn,GLQ,904.0,Unf,0,536.0,1440,GasA,Ex,Y,SBrkr,1476.0,677,0,2153.0,1,0,2,1,3,1,Ex,8,Typ,2,Ex,Attchd,2000.0,Fin,3,736.0,TA,TA,Y,253,142,0,0,0,0,0,5,2009,WD,Normal,313000.0
612,80,RL,80.0,10395.0,Pave,IR1,Lvl,AllPub,FR2,Gtl,NWAmes,Norm,Norm,1Fam,SLvl,6,6,1978,1978,Gable,CompShg,HdBoard,HdBoard,233.0,TA,TA,CBlock,Gd,TA,Av,ALQ,605.0,Unf,0,427.0,1032,GasA,TA,Y,SBrkr,1032.0,0,0,1032.0,0,1,2,0,3,1,TA,6,Typ,1,TA,Attchd,1978.0,Unf,2,564.0,TA,TA,Y,0,0,0,0,0,0,500,7,2007,WD,Normal,148000.0
613,60,RL,70.0,11885.0,Pave,Reg,Lvl,AllPub,Inside,Gtl,CollgCr,Norm,Norm,1Fam,2Story,8,5,2001,2001,Gable,CompShg,VinylSd,VinylSd,108.0,Gd,TA,PConc,Gd,TA,Av,GLQ,990.0,Unf,0,309.0,1299,GasA,Ex,Y,SBrkr,1299.0,573,0,1872.0,1,0,2,1,3,1,Ex,7,Typ,1,TA,BuiltIn,2001.0,RFn,2,531.0,TA,TA,Y,160,122,0,0,0,0,0,11,2009,WD,Normal,261500.0
614,20,RL,70.0,8402.0,Pave,Reg,Lvl,AllPub,Inside,Gtl,Mitchel,Feedr,Norm,1Fam,1Story,5,5,2007,2007,Gable,CompShg,VinylSd,VinylSd,0.0,TA,TA,PConc,Gd,TA,No,ALQ,206.0,Unf,0,914.0,1120,GasA,Ex,Y,SBrkr,1120.0,0,0,1120.0,0,0,1,0,3,1,TA,6,Typ,0,None,None,1893.5,None,0,0.0,None,None,Y,0,30,0,0,0,0,0,12,2007,New,Partial,147000.0
615,180,RM,30.0,1491.0,Pave,Reg,Lvl,AllPub,Inside,Gtl,MeadowV,Norm,Norm,TwnhsE,SFoyer,4,6,1972,1972,Gable,CompShg,CemntBd,CmentBd,0.0,TA,TA,CBlock,Gd,TA,Av,LwQ,150.0,GLQ,0,0.0,630,GasA,Ex,Y,SBrkr,630.0,0,0,630.0,1,0,1,0,1,1,TA,3,Typ,0,None,None,1893.5,None,0,0.0,None,None,Y,96,24,0,0,0,0,0,5,2010,WD,Normal,75500.0
616,85,RL,80.0,8800.0,Pave,Reg,Lvl,AllPub,Inside,Gtl,NAmes,Feedr,Norm,1Fam,SFoyer,6,7,1963,1963,Gable,CompShg,MetalSd,MetalSd,156.0,TA,Gd,PConc,TA,TA,Gd,GLQ,763.0,Unf,0,173.0,936,GasA,Ex,Y,SBrkr,1054.0,0,0,1054.0,1,0,1,0,3,1,Gd,6,Typ,0,None,Attchd,1963.0,RFn,2,480.0,TA,TA,Y,120,0,0,0,0,0,0,5,2010,WD,Abnorml,137500.0
617,60,RL,65.0,7861.0,Pave,IR1,Lvl,AllPub,Inside,Gtl,Gilbert,Norm,Norm,1Fam,2Story,6,5,2002,2003,Gable,CompShg,VinylSd,VinylSd,0.0,Gd,TA,PConc,Gd,TA,No,GLQ,457.0,Unf,0,326.0,783,GasA,Ex,Y,SBrkr,807.0,702,0,1509.0,1,0,2,1,3,1,Gd,7,Typ,1,Gd,Attchd,2002.0,Fin,2,393.0,TA,TA,Y,100,75,0,0,0,0,0,6,2006,WD,Normal,183200.0
618,45,RL,59.0,7227.0,Pave,Reg,HLS,AllPub,Corner,Mod,NAmes,Artery,Norm,1Fam,1.5Unf,6,6,1954,1954,Gable,CompShg,MetalSd,MetalSd,0.0,TA,TA,CBlock,TA,TA,No,Unf,0.0,Unf,0,832.0,832,GasA,Gd,Y,SBrkr,832.0,0,0,832.0,0,0,1,0,2,1,Gd,4,Typ,0,None,Detchd,1962.0,Unf,2,528.0,TA,TA,Y,0,0,0,0,0,0,0,6,2008,WD,Normal,105500.0
619,20,RL,90.0,11694.0,Pave,Reg,Lvl,AllPub,Inside,Gtl,NridgHt,Norm,Norm,1Fam,1Story,9,5,2007,2007,Hip,CompShg,CemntBd,CmentBd,410.625,Ex,TA,PConc,Ex,TA,Av,GLQ,48.0,Unf,0,1685.5,1822,GasA,Ex,Y,SBrkr,1828.0,0,0,1828.0,0,0,2,0,3,1,Gd,9,Typ,1,Gd,Attchd,2007.0,Unf,3,774.0,TA,TA,Y,0,108,0,0,0,0,0,7,2007,New,Partial,314813.0
620,60,RL,85.0,12244.0,Pave,Reg,Lvl,AllPub,Inside,Gtl,Timber,Norm,Norm,1Fam,2Story,8,5,2003,2003,Hip,CompShg,VinylSd,VinylSd,226.0,Gd,TA,PConc,Gd,TA,Gd,GLQ,871.0,Unf,0,611.0,1482,GasA,Ex,Y,SBrkr,1482.0,780,0,2262.0,1,0,2,1,4,1,Gd,10,Typ,2,Gd,Attchd,2003.0,Fin,3,749.0,TA,TA,Y,168,0,0,0,0,0,0,8,2008,WD,Normal,305000.0
621,30,RL,45.0,8248.0,Pave,Reg,Lvl,AllPub,Inside,Gtl,Edwards,Norm,Norm,1Fam,1Story,3,3,1914,1950,Gable,CompShg,Stucco,Stucco,0.0,TA,TA,BrkTil,TA,TA,No,BLQ,41.0,Unf,0,823.0,864,GasA,TA,N,FuseF,864.0,0,0,864.0,1,0,1,0,2,1,TA,5,Typ,0,None,None,1893.5,None,0,0.0,None,None,N,0,0,0,0,0,0,0,9,2008,WD,Normal,67000.0
622,60,RL,90.0,10800.0,Pave,Reg,Lvl,AllPub,Inside,Gtl,NWAmes,Norm,Norm,1Fam,2Story,6,7,1974,1997,Gable,CompShg,HdBoard,HdBoard,0.0,TA,TA,CBlock,TA,TA,No,ALQ,956.0,Rec,0,384.0,1522,GasA,TA,Y,SBrkr,1548.0,1066,0,2614.0,0,0,2,1,4,1,TA,9,Typ,1,TA,Attchd,1974.0,RFn,2,624.0,TA,TA,Y,38,170,0,0,0,0,0,6,2008,WD,Normal,240000.0
623,20,RL,71.0,7064.0,Pave,Reg,Lvl,AllPub,Inside,Gtl,Sawyer,Norm,Norm,1Fam,1Story,5,6,1977,1977,Gable,CompShg,Plywood,Plywood,153.0,TA,TA,CBlock,TA,TA,No,BLQ,560.0,Unf,0,420.0,980,GasA,TA,Y,SBrkr,980.0,0,0,980.0,0,0,1,0,3,1,TA,6,Typ,0,None,Detchd,1986.0,Unf,2,484.0,TA,TA,Y,192,0,0,0,0,0,0,7,2009,WD,Normal,135000.0
624,160,FV,73.5,2117.0,Pave,Reg,Lvl,AllPub,Inside,Gtl,Somerst,Norm,Norm,TwnhsE,2Story,6,5,2000,2000,Gable,CompShg,MetalSd,MetalSd,410.625,Gd,TA,PConc,Gd,TA,No,GLQ,420.0,Unf,0,336.0,756,GasA,Ex,Y,SBrkr,756.0,756,0,1512.0,0,0,2,1,2,1,Gd,4,Typ,1,TA,Detchd,2000.0,Unf,2,440.0,TA,TA,Y,0,32,0,0,0,0,0,6,2007,WD,Normal,168500.0
625,60,RL,80.0,10400.0,Pave,Reg,Lvl,AllPub,Inside,Gtl,NWAmes,Norm,Norm,1Fam,2Story,6,5,1972,1972,Gable,CompShg,VinylSd,VinylSd,288.0,TA,TA,CBlock,TA,TA,No,Rec,247.0,Unf,0,485.0,732,GasA,Gd,Y,SBrkr,1012.0,778,0,1790.0,1,0,1,2,4,1,TA,8,Min2,1,TA,Attchd,1972.0,RFn,2,484.0,TA,TA,Y,148,0,0,0,0,0,0,11,2006,WD,Normal,165150.0
626,20,RL,87.0,10000.0,Pave,IR1,Lvl,AllPub,Corner,Gtl,NAmes,Norm,Norm,1Fam,1Story,6,6,1962,1962,Hip,CompShg,Wd Sdng,Wd Sdng,261.0,TA,TA,CBlock,TA,TA,No,Unf,0.0,Unf,0,1116.0,1116,GasA,TA,Y,SBrkr,1116.0,0,0,1116.0,0,0,1,1,3,1,TA,5,Typ,0,None,Attchd,1962.0,Unf,2,440.0,TA,TA,Y,0,0,0,0,0,0,0,2,2010,WD,Normal,160000.0
627,20,RL,73.0,12342.0,Pave,IR1,Lvl,AllPub,Inside,Gtl,NAmes,Norm,Norm,1Fam,1Story,5,5,1960,1978,Hip,CompShg,Wd Sdng,Wd Sdng,0.0,TA,TA,CBlock,TA,TA,No,Unf,0.0,Unf,0,978.0,978,GasA,TA,Y,SBrkr,1422.0,0,0,1422.0,0,0,1,0,3,1,TA,6,Min1,1,TA,Attchd,1960.0,RFn,1,286.0,TA,TA,Y,0,0,0,0,0,0,600,8,2007,WD,Normal,139900.0
628,80,RL,80.0,9600.0,Pave,Reg,Lvl,AllPub,Inside,Gtl,NAmes,Norm,Norm,1Fam,SLvl,6,6,1955,1972,Gable,CompShg,AsbShng,AsbShng,164.0,TA,TA,CBlock,TA,TA,Av,BLQ,674.0,LwQ,0,350.0,1156,GasA,Ex,Y,SBrkr,1520.0,0,0,1520.0,1,0,1,0,3,1,TA,7,Typ,2,Gd,Basment,1955.0,RFn,1,364.0,TA,TA,Y,0,0,0,0,0,0,0,3,2010,WD,Normal,153000.0
629,60,RL,70.0,11606.0,Pave,IR1,HLS,AllPub,Inside,Sev,NAmes,Norm,Norm,1Fam,2Story,5,5,1969,1969,Gable,CompShg,Plywood,Plywood,192.0,TA,TA,PConc,Gd,TA,Av,Rec,650.0,Unf,0,390.0,1040,GasA,TA,Y,SBrkr,1040.0,1040,0,2080.0,0,1,1,2,5,1,Fa,9,Typ,2,TA,Attchd,1969.0,Unf,2,504.0,TA,TA,Y,335,0,0,0,0,0,0,9,2007,WD,Family,135000.0
630,80,RL,82.0,9020.0,Pave,Reg,Lvl,AllPub,Corner,Gtl,NAmes,Feedr,Norm,1Fam,SLvl,6,5,1964,1964,Gable,WdShngl,Plywood,Wd Sdng,259.0,TA,TA,CBlock,TA,TA,Gd,GLQ,624.0,Rec,0,288.0,1248,GasA,TA,Y,SBrkr,1350.0,0,0,1350.0,1,0,1,1,3,1,TA,6,Typ,0,None,Attchd,1964.0,RFn,2,520.0,TA,TA,Y,176,0,0,0,0,0,0,6,2008,WD,Normal,168500.0
631,70,RM,50.0,9000.0,Pave,Reg,Lvl,AllPub,Corner,Gtl,OldTown,Artery,Norm,1Fam,2Story,5,6,1885,1991,Gable,CompShg,VinylSd,VinylSd,0.0,TA,TA,BrkTil,Fa,Fa,No,Unf,0.0,Unf,0,636.0,636,GasA,TA,Y,FuseA,1089.0,661,0,1750.0,0,0,1,0,3,1,Ex,8,Typ,0,None,Detchd,1937.0,Unf,1,240.0,Fa,Po,N,0,0,0,0,0,0,0,6,2006,WD,Abnorml,124000.0
632,120,RL,34.0,4590.0,Pave,Reg,Lvl,AllPub,Inside,Gtl,NridgHt,Norm,Norm,Twnhs,1Story,8,5,2006,2006,Gable,CompShg,VinylSd,VinylSd,108.0,Gd,TA,PConc,Gd,Gd,Mn,GLQ,24.0,Unf,0,1530.0,1554,GasA,Ex,Y,SBrkr,1554.0,0,0,1554.0,0,0,2,0,2,1,Gd,6,Typ,1,Gd,Attchd,2006.0,RFn,2,627.0,TA,TA,Y,156,73,0,0,0,0,0,8,2007,WD,Normal,209500.0
633,20,RL,85.0,11900.0,Pave,Reg,Lvl,AllPub,Inside,Gtl,NWAmes,Norm,Norm,1Fam,1Story,7,5,1977,1977,Hip,CompShg,Plywood,Plywood,209.0,TA,Gd,CBlock,TA,TA,No,ALQ,822.0,Unf,0,564.0,1386,GasA,TA,Y,SBrkr,1411.0,0,0,1411.0,0,0,2,0,3,1,TA,6,Typ,1,TA,Attchd,1977.0,Fin,2,544.0,TA,TA,Y,192,0,0,0,0,0,0,4,2009,WD,Family,82500.0
634,20,RL,80.0,9250.0,Pave,Reg,Lvl,AllPub,Corner,Gtl,NAmes,Norm,Norm,1Fam,1Story,5,7,1954,2005,Gable,CompShg,Wd Sdng,Wd Sdng,0.0,TA,TA,CBlock,TA,TA,No,BLQ,480.0,LwQ,0,108.0,1056,GasA,TA,Y,SBrkr,1056.0,0,0,1056.0,0,1,1,0,3,1,TA,6,Typ,0,None,Attchd,1954.0,Unf,1,260.0,TA,TA,Y,390,0,0,0,0,0,0,7,2007,WD,Normal,139400.0
635,90,RL,64.0,6979.0,Pave,Reg,Lvl,AllPub,Inside,Gtl,OldTown,Norm,Norm,Duplex,SFoyer,6,5,1980,1980,Gable,CompShg,Plywood,Plywood,0.0,TA,TA,CBlock,TA,TA,No,GLQ,1056.0,Unf,0,0.0,1056,GasA,Gd,Y,SBrkr,1056.0,0,0,1056.0,2,0,0,0,0,2,TA,4,Typ,0,None,Detchd,1980.0,Unf,2,576.0,TA,TA,Y,264,56,0,0,0,0,600,6,2010,WD,Normal,144000.0
636,190,RH,60.0,10896.0,Pave,Reg,Bnk,AllPub,Inside,Gtl,SWISU,Feedr,Norm,2fmCon,2.5Fin,6,7,1914,1995,Hip,CompShg,VinylSd,VinylSd,0.0,Fa,TA,CBlock,TA,Fa,No,LwQ,256.0,Unf,0,1184.0,1440,GasA,Ex,Y,FuseA,1440.0,1440,515,2747.625,0,0,2,0,8,2,Fa,14,Typ,0,None,None,1893.5,None,0,0.0,None,None,N,0,110,0,0,0,0,0,3,2007,WD,Abnorml,200000.0
637,30,RM,51.0,6120.0,Pave,Reg,Lvl,AllPub,Inside,Gtl,BrkSide,Norm,Norm,1Fam,1Story,2,3,1936,1950,Gable,CompShg,AsbShng,AsbShng,0.0,Fa,Fa,BrkTil,TA,Fa,No,Unf,0.0,Unf,0,264.0,264,Grav,Fa,N,FuseA,800.0,0,0,800.0,0,0,1,0,1,1,Fa,4,Maj1,1,Po,None,1893.5,None,0,0.0,None,None,N,0,0,0,0,0,0,0,1,2009,ConLw,Normal,60000.0
638,190,RM,50.0,6000.0,Pave,Reg,Lvl,AllPub,Inside,Gtl,OldTown,Norm,Norm,2fmCon,1.5Fin,5,4,1954,1954,Gable,CompShg,Wd Sdng,Wd Sdng,0.0,TA,TA,CBlock,TA,TA,No,Unf,0.0,Unf,0,811.0,811,GasA,TA,Y,FuseA,811.0,576,0,1387.0,0,0,2,0,3,2,Gd,7,Typ,0,None,BuiltIn,1954.0,Unf,1,256.0,TA,TA,Y,0,0,0,0,0,0,0,11,2009,WD,Normal,93000.0
639,30,RL,67.0,8777.0,Pave,Reg,Lvl,AllPub,Inside,Gtl,Edwards,Feedr,Norm,1Fam,1Story,5,7,1910,1950,Gable,CompShg,MetalSd,Wd Sdng,0.0,TA,TA,CBlock,Fa,TA,No,Unf,0.0,Unf,0,796.0,796,GasA,Gd,Y,FuseA,796.0,0,0,796.0,0,0,1,0,2,1,TA,4,Typ,0,None,None,1893.5,None,0,0.0,None,None,P,328,0,0,0,0,0,0,5,2008,WD,Normal,85000.0
640,120,RL,53.0,3982.0,Pave,Reg,Lvl,AllPub,Inside,Gtl,Blmngtn,Norm,Norm,TwnhsE,1Story,8,5,2006,2006,Hip,CompShg,VinylSd,VinylSd,0.0,Gd,TA,PConc,Gd,Gd,Av,GLQ,1154.0,Unf,0,366.0,1520,GasA,Ex,Y,SBrkr,1567.0,0,0,1567.0,1,0,2,0,1,1,Ex,7,Typ,1,Gd,Attchd,2006.0,Fin,3,648.0,TA,TA,Y,312,0,0,0,0,0,0,10,2006,New,Partial,264561.0
641,120,RL,62.0,12677.0,Pave,IR1,Lvl,AllPub,Inside,Gtl,NridgHt,Norm,Norm,TwnhsE,1Story,8,5,2003,2004,Hip,CompShg,MetalSd,MetalSd,410.625,Ex,TA,PConc,Ex,TA,Gd,GLQ,1218.0,Unf,0,300.0,1518,GasA,Ex,Y,SBrkr,1518.0,0,0,1518.0,0,0,1,1,1,1,Ex,6,Typ,1,Gd,Attchd,2003.0,RFn,2,588.0,TA,TA,Y,185,140,0,0,0,0,0,4,2008,WD,Normal,274000.0
642,60,FV,73.5,7050.0,Pave,Reg,Lvl,AllPub,Inside,Gtl,Somerst,Norm,Norm,1Fam,2Story,7,5,2001,2001,Gable,CompShg,VinylSd,VinylSd,0.0,Gd,TA,PConc,Gd,TA,No,GLQ,738.0,Unf,0,319.0,1057,GasA,Ex,Y,SBrkr,1057.0,872,0,1929.0,1,0,2,1,3,1,Gd,7,Typ,1,TA,Attchd,2001.0,Fin,2,650.0,TA,TA,Y,0,170,0,0,0,0,0,5,2007,WD,Normal,226000.0
643,80,RL,75.0,13860.0,Pave,Reg,Lvl,AllPub,Inside,Gtl,NAmes,Norm,Norm,1Fam,SLvl,8,7,1972,1995,Gable,CompShg,Plywood,Wd Sdng,0.0,Gd,TA,CBlock,Gd,TA,Gd,GLQ,1410.0,Unf,0,542.0,1952,GasA,Gd,Y,SBrkr,2000.0,704,0,2704.0,1,0,2,1,4,1,Ex,9,Typ,3,TA,Attchd,1972.0,Fin,2,538.0,TA,TA,Y,269,111,0,0,0,0,0,7,2009,WD,Normal,340037.5
644,60,RL,80.0,10793.0,Pave,Reg,Lvl,AllPub,Inside,Gtl,NWAmes,RRAn,Norm,1Fam,2Story,5,5,1969,1969,Mansard,CompShg,WdShing,HdBoard,263.0,TA,TA,CBlock,TA,TA,No,Rec,493.0,BLQ,0,0.0,780,GasA,Ex,Y,SBrkr,780.0,840,0,1620.0,0,0,2,1,4,1,TA,7,Min1,0,None,Attchd,1969.0,Fin,2,462.0,TA,TA,Y,208,0,0,0,0,0,0,4,2007,WD,Normal,152000.0
645,20,FV,85.0,9187.0,Pave,Reg,Lvl,AllPub,Inside,Gtl,Somerst,Norm,Norm,1Fam,1Story,9,5,2009,2009,Gable,CompShg,CemntBd,CmentBd,162.0,Ex,TA,PConc,Ex,TA,Mn,GLQ,1121.0,Unf,0,645.0,1766,GasA,Ex,Y,SBrkr,1766.0,0,0,1766.0,1,0,2,1,2,1,Ex,7,Typ,1,Gd,Attchd,2009.0,Fin,3,478.0,TA,TA,Y,195,130,0,0,0,0,0,10,2009,New,Partial,340037.5
646,20,RL,73.0,10530.0,Pave,IR1,Lvl,AllPub,Corner,Gtl,NAmes,Norm,Norm,1Fam,1Story,6,5,1971,1971,Hip,CompShg,Plywood,Plywood,0.0,TA,TA,CBlock,TA,TA,No,ALQ,282.0,LwQ,0,664.0,981,GasA,TA,Y,SBrkr,981.0,0,0,981.0,1,0,1,1,3,1,TA,5,Typ,0,None,Detchd,1979.0,Unf,2,576.0,TA,TA,Y,0,170,0,0,0,0,0,3,2007,WD,Normal,143250.0
647,20,RL,60.0,7200.0,Pave,Reg,Lvl,AllPub,Inside,Gtl,NAmes,Norm,Norm,1Fam,1Story,5,5,1950,1950,Hip,CompShg,MetalSd,MetalSd,0.0,TA,TA,CBlock,None,None,None,None,0.0,None,0,0.0,42,GasA,Gd,Y,SBrkr,1048.0,0,0,1048.0,0,0,1,0,3,1,TA,7,Min1,0,None,Detchd,1950.0,Unf,2,420.0,TA,TA,Y,0,27,0,0,0,0,0,7,2008,WD,Normal,98300.0
648,20,RL,85.0,10452.0,Pave,IR1,Lvl,AllPub,Inside,Gtl,Edwards,Norm,Norm,1Fam,1Story,6,5,1953,1953,Hip,CompShg,Wd Sdng,Wd Sdng,216.0,TA,TA,CBlock,TA,TA,Mn,Rec,500.0,Unf,0,594.0,1094,GasA,Ex,Y,SBrkr,1094.0,0,0,1094.0,0,0,1,0,3,1,TA,5,Typ,2,Gd,Attchd,1953.0,RFn,2,495.0,TA,TA,Y,0,0,0,0,0,0,0,6,2008,WD,Normal,155000.0
649,60,RL,70.0,7700.0,Pave,Reg,Lvl,AllPub,Inside,Gtl,NAmes,PosN,Norm,1Fam,2Story,6,5,1966,1966,Gable,CompShg,MetalSd,MetalSd,351.0,TA,TA,CBlock,TA,TA,No,Unf,0.0,Unf,0,756.0,756,GasA,TA,Y,SBrkr,1051.0,788,0,1839.0,0,0,1,1,4,1,TA,7,Typ,1,TA,Attchd,1966.0,Unf,2,442.0,TA,TA,Y,0,124,0,0,0,0,0,6,2010,WD,Normal,155000.0
650,180,RM,30.0,1936.0,Pave,Reg,Lvl,AllPub,Inside,Gtl,MeadowV,Norm,Norm,Twnhs,SFoyer,4,6,1970,1970,Gable,CompShg,CemntBd,CmentBd,0.0,TA,TA,CBlock,Gd,TA,Av,BLQ,131.0,GLQ,0,0.0,630,GasA,Gd,Y,SBrkr,630.0,0,0,630.0,1,0,1,0,1,1,TA,3,Typ,0,None,None,1893.5,None,0,0.0,None,None,Y,0,0,0,0,0,0,0,12,2007,WD,Normal,84500.0
651,60,FV,65.0,8125.0,Pave,Reg,Lvl,AllPub,Inside,Gtl,Somerst,Norm,Norm,1Fam,2Story,7,6,2007,2007,Gable,CompShg,CemntBd,CmentBd,0.0,Gd,TA,PConc,Gd,TA,No,Unf,0.0,Unf,0,813.0,813,GasA,Ex,Y,SBrkr,822.0,843,0,1665.0,0,0,2,1,3,1,Gd,7,Typ,0,None,Attchd,2007.0,RFn,2,562.0,TA,TA,Y,0,0,0,0,0,0,0,5,2008,WD,Normal,205950.0
652,70,RL,60.0,9084.0,Pave,Reg,Lvl,AllPub,Inside,Gtl,Edwards,Artery,Norm,1Fam,2Story,4,5,1940,1950,Gable,CompShg,MetalSd,MetalSd,0.0,TA,TA,CBlock,TA,TA,Mn,Unf,0.0,Unf,0,755.0,755,GasA,TA,Y,SBrkr,755.0,755,0,1510.0,1,0,1,0,4,1,TA,7,Typ,1,Gd,Detchd,1940.0,Unf,1,296.0,Fa,Po,P,120,0,0,0,0,0,0,10,2009,WD,Normal,108000.0
653,60,RL,70.0,8750.0,Pave,Reg,Lvl,AllPub,Inside,Gtl,CollgCr,Norm,Norm,1Fam,2Story,7,5,1996,1996,Gable,CompShg,VinylSd,VinylSd,0.0,Gd,TA,PConc,Gd,TA,No,Unf,0.0,Unf,0,880.0,880,GasA,Ex,Y,SBrkr,909.0,807,0,1716.0,0,0,2,1,2,1,Gd,7,Typ,1,TA,Attchd,1996.0,RFn,2,512.0,TA,TA,Y,0,120,0,0,0,0,0,7,2009,WD,Normal,191000.0
654,50,RM,60.0,10320.0,Pave,Reg,Lvl,AllPub,Inside,Gtl,IDOTRR,Norm,Norm,1Fam,1.5Fin,6,7,1906,1995,Gable,CompShg,MetalSd,MetalSd,0.0,TA,TA,CBlock,TA,TA,No,Unf,0.0,Unf,0,756.0,756,GasA,Ex,Y,SBrkr,756.0,713,0,1469.0,0,0,1,0,3,1,TA,7,Typ,0,None,Detchd,1906.0,Unf,1,216.0,TA,TA,Y,57,0,0,0,0,0,0,6,2008,WD,Normal,135000.0
655,20,RL,91.0,10437.0,Pave,IR1,Lvl,AllPub,Inside,Gtl,NoRidge,Norm,Norm,1Fam,1Story,8,6,1995,1995,Hip,CompShg,MetalSd,MetalSd,410.625,Gd,Gd,PConc,Gd,TA,Gd,GLQ,1696.0,Unf,0,413.0,2052,GasA,Ex,Y,SBrkr,2113.0,0,0,2113.0,1,0,2,1,2,1,Gd,7,Typ,1,TA,Attchd,1995.0,Fin,3,839.0,TA,TA,Y,236,46,0,0,0,0,0,8,2008,WD,Normal,340037.5
656,160,RM,30.0,1680.0,Pave,Reg,Lvl,AllPub,Inside,Gtl,BrDale,Norm,Norm,Twnhs,2Story,6,5,1971,1971,Gable,CompShg,HdBoard,ImStucc,381.0,TA,TA,CBlock,TA,TA,No,Unf,0.0,Unf,0,525.0,525,GasA,TA,Y,SBrkr,525.0,567,0,1092.0,0,0,1,1,3,1,TA,6,Typ,0,None,Detchd,1971.0,Unf,1,264.0,TA,TA,Y,0,0,0,0,0,0,0,3,2010,WD,Family,88000.0
657,20,RL,72.0,10007.0,Pave,IR1,Lvl,AllPub,Inside,Gtl,NAmes,Norm,Norm,1Fam,1Story,5,7,1959,2006,Gable,CompShg,HdBoard,HdBoard,54.0,Gd,TA,CBlock,TA,TA,No,ALQ,806.0,Unf,0,247.0,1053,GasA,Ex,Y,SBrkr,1053.0,0,0,1053.0,1,0,1,1,3,1,Gd,5,Typ,0,None,Attchd,1959.0,RFn,1,312.0,TA,TA,Y,0,0,0,0,0,0,0,8,2008,WD,Normal,145500.0
658,70,RL,60.0,7200.0,Pave,Reg,HLS,AllPub,Inside,Mod,Crawfor,Norm,Norm,1Fam,2Story,7,6,1931,2000,Gable,CompShg,Stucco,Wd Shng,0.0,TA,Fa,BrkTil,Gd,TA,No,Unf,0.0,Unf,0,776.0,776,GasA,TA,Y,SBrkr,851.0,651,0,1502.0,0,0,1,1,3,1,TA,6,Typ,1,Gd,Attchd,1931.0,RFn,1,270.0,TA,TA,P,0,0,0,0,0,0,0,2,2008,WD,Normal,149000.0
659,50,RL,78.0,17503.0,Pave,Reg,Lvl,AllPub,Inside,Gtl,NAmes,Artery,Norm,1Fam,1.5Fin,6,5,1948,1950,Gable,CompShg,VinylSd,VinylSd,0.0,TA,TA,CBlock,TA,TA,No,Unf,0.0,Unf,0,912.0,912,GasA,TA,Y,SBrkr,912.0,546,0,1458.0,0,1,1,0,3,1,TA,6,Typ,1,Gd,Attchd,1948.0,Unf,1,330.0,TA,TA,Y,192,0,0,0,0,0,0,1,2010,WD,Abnorml,97500.0
660,20,RL,75.0,9937.0,Pave,Reg,Lvl,AllPub,Corner,Gtl,Edwards,Norm,Norm,1Fam,1Story,5,7,1964,1999,Hip,CompShg,MetalSd,MetalSd,0.0,TA,Gd,PConc,TA,TA,No,BLQ,637.0,Unf,0,849.0,1486,GasA,Ex,Y,SBrkr,1486.0,0,0,1486.0,1,0,1,0,3,1,TA,7,Typ,0,None,Detchd,1968.0,Fin,2,480.0,TA,TA,Y,0,0,0,0,0,0,0,3,2009,WD,Normal,167000.0
661,60,RL,80.0,12384.0,Pave,Reg,Lvl,AllPub,CulDSac,Gtl,NWAmes,Norm,Norm,1Fam,2Story,7,7,1976,1976,Gable,CompShg,Plywood,Plywood,233.0,TA,TA,CBlock,Gd,TA,No,Unf,0.0,Unf,0,793.0,793,GasA,TA,Y,SBrkr,1142.0,793,0,1935.0,0,0,2,1,3,1,TA,7,Typ,1,TA,Attchd,1976.0,RFn,2,550.0,TA,TA,Y,0,113,0,0,0,0,0,11,2007,WD,Normal,197900.0
662,60,RL,52.0,17673.5,Pave,IR2,Lvl,AllPub,CulDSac,Gtl,NoRidge,Norm,Norm,1Fam,2Story,8,7,1994,2005,Hip,CompShg,VinylSd,VinylSd,410.625,Gd,TA,PConc,Gd,Gd,No,GLQ,1361.0,Rec,0,88.0,1629,GasA,Ex,Y,SBrkr,1686.0,762,0,2448.0,1,0,2,1,4,1,Gd,8,Typ,1,TA,Attchd,1994.0,RFn,3,711.0,TA,TA,Y,420,76,0,0,0,0,0,7,2009,WD,Normal,340037.5
663,20,RL,110.0,13560.0,Pave,Reg,Lvl,AllPub,Corner,Gtl,NAmes,Norm,Norm,1Fam,1Story,6,3,1968,1968,Hip,CompShg,Wd Sdng,Wd Sdng,216.0,TA,TA,CBlock,Fa,Fa,No,Unf,0.0,Unf,0,1392.0,1392,GasA,Gd,Y,SBrkr,1392.0,0,0,1392.0,1,0,1,0,2,1,TA,5,Maj2,2,TA,Attchd,1968.0,RFn,2,576.0,TA,TA,Y,0,0,0,0,0,0,0,7,2009,WD,Normal,110000.0
664,85,RL,90.0,10012.0,Pave,Reg,Lvl,AllPub,Inside,Gtl,Edwards,Norm,Norm,1Fam,SFoyer,4,5,1972,1972,Gable,CompShg,Plywood,Plywood,0.0,TA,TA,CBlock,Gd,TA,Av,BLQ,920.0,Rec,0,38.0,1138,GasA,TA,Y,SBrkr,1181.0,0,0,1181.0,1,0,2,0,3,1,TA,6,Typ,0,None,Detchd,1974.0,RFn,2,588.0,TA,TA,Y,0,0,0,0,0,0,0,4,2008,WD,Normal,137500.0
665,20,RL,49.0,17673.5,Pave,IR2,Lvl,AllPub,CulDSac,Gtl,Somerst,RRAn,Norm,1Fam,1Story,8,5,2005,2006,Gable,CompShg,VinylSd,VinylSd,0.0,Gd,TA,PConc,Ex,TA,Mn,GLQ,1721.0,Unf,0,356.0,2052,GasA,Ex,Y,SBrkr,2097.0,0,0,2097.0,1,0,1,1,1,1,Ex,8,Typ,1,Ex,Attchd,2005.0,Fin,3,938.25,TA,TA,Y,192,170,0,0,0,0,0,1,2006,New,Partial,340037.5
666,60,RL,106.0,11194.0,Pave,IR1,Lvl,AllPub,Corner,Gtl,Gilbert,Norm,Norm,1Fam,2Story,8,5,2000,2000,Gable,CompShg,VinylSd,VinylSd,40.0,Gd,TA,PConc,Gd,TA,No,Unf,0.0,Unf,0,1406.0,1406,GasA,Ex,Y,SBrkr,1454.0,482,0,1936.0,0,0,2,1,3,1,Gd,7,Typ,1,TA,Attchd,2000.0,RFn,2,504.0,TA,TA,Y,188,124,0,0,0,0,0,11,2006,WD,Normal,230500.0
667,60,RL,73.0,17673.5,Pave,IR1,Lvl,AllPub,Inside,Gtl,NAmes,Norm,Norm,1Fam,2Story,6,5,1965,1979,Flat,Tar&Grv,Plywood,Plywood,113.0,TA,Gd,CBlock,Gd,TA,No,LwQ,187.0,Rec,0,111.0,1021,GasA,TA,Y,SBrkr,1465.0,915,0,2380.0,0,0,2,1,3,1,TA,7,Sev,1,Po,CarPort,1965.0,Unf,2,596.0,TA,TA,Y,0,170,0,0,0,0,0,8,2007,WD,Abnorml,129000.0
668,20,RL,65.0,8125.0,Pave,Reg,Lvl,AllPub,Inside,Gtl,SawyerW,Norm,Norm,1Fam,1Story,6,5,1994,1998,Gable,CompShg,HdBoard,HdBoard,258.0,TA,TA,PConc,Gd,TA,No,GLQ,1138.0,Unf,0,270.0,1408,GasA,Ex,Y,SBrkr,1679.0,0,0,1679.0,1,0,2,0,3,1,Gd,7,Typ,1,Fa,Attchd,1994.0,RFn,2,575.0,TA,TA,Y,224,42,0,0,0,0,0,10,2008,WD,Normal,193500.0
669,20,RL,71.0,14175.0,Pave,Reg,Bnk,AllPub,Corner,Mod,Sawyer,Norm,Norm,1Fam,1Story,5,6,1956,1987,Gable,CompShg,CemntBd,Wd Sdng,0.0,TA,TA,CBlock,TA,TA,No,Rec,988.0,Unf,0,200.0,1188,GasA,Gd,Y,SBrkr,1437.0,0,0,1437.0,1,0,1,1,3,1,TA,6,Min2,1,TA,Detchd,1999.0,Unf,2,576.0,TA,TA,Y,304,0,0,0,0,0,0,11,2006,WD,Normal,168000.0
670,30,RL,80.0,11600.0,Pave,Reg,Lvl,AllPub,Inside,Gtl,Crawfor,Norm,Norm,1Fam,1Story,4,5,1922,1950,Gable,CompShg,MetalSd,MetalSd,0.0,TA,TA,BrkTil,Fa,TA,No,Unf,0.0,Unf,0,700.0,700,GasA,Ex,Y,SBrkr,1180.0,0,0,1180.0,0,0,1,0,2,1,Fa,5,Typ,1,Gd,Detchd,1922.0,Unf,1,252.0,TA,Fa,Y,0,0,0,0,0,0,0,7,2006,WD,Normal,137500.0
671,60,RL,64.0,8633.0,Pave,Reg,Lvl,AllPub,FR2,Gtl,CollgCr,Norm,Norm,1Fam,2Story,6,5,2005,2005,Gable,CompShg,VinylSd,VinylSd,0.0,Gd,TA,PConc,Gd,TA,No,GLQ,193.0,Unf,0,545.0,738,GasA,Ex,Y,SBrkr,738.0,738,0,1476.0,1,0,2,1,3,1,Gd,7,Typ,0,None,Attchd,2005.0,Fin,2,540.0,TA,TA,Y,100,35,0,0,0,0,0,2,2009,WD,Normal,173500.0
672,70,RH,54.0,6629.0,Pave,Reg,Lvl,AllPub,Inside,Gtl,Edwards,Artery,Norm,1Fam,2Story,6,6,1925,1950,Gambrel,CompShg,Wd Sdng,Wd Sdng,0.0,TA,Gd,BrkTil,TA,TA,No,BLQ,551.0,Unf,0,121.0,672,GasA,TA,N,SBrkr,697.0,672,0,1369.0,1,0,2,0,3,1,TA,6,Typ,0,None,Detchd,1930.0,Unf,1,300.0,TA,TA,Y,147,0,0,0,0,0,0,7,2009,WD,Normal,103600.0
673,20,RL,68.0,11250.0,Pave,IR1,Lvl,AllPub,Inside,Gtl,Veenker,Norm,Norm,1Fam,1Story,6,6,1977,1977,Gable,CompShg,Plywood,Plywood,0.0,Gd,TA,CBlock,Gd,TA,No,ALQ,767.0,Unf,0,441.0,1208,GasA,TA,Y,SBrkr,1208.0,0,0,1208.0,1,0,1,1,3,1,TA,6,Typ,1,TA,Attchd,1977.0,RFn,2,546.0,TA,TA,Y,198,42,0,0,0,0,0,6,2006,WD,Normal,165000.0
674,20,RL,110.0,14442.0,Pave,Reg,Lvl,AllPub,Inside,Gtl,Crawfor,Norm,Norm,1Fam,1Story,6,7,1957,2004,Hip,CompShg,CemntBd,CmentBd,106.0,TA,TA,PConc,TA,TA,No,GLQ,1186.0,Unf,0,291.0,1477,GasA,Ex,Y,SBrkr,1839.0,0,0,1839.0,1,0,2,0,3,1,Gd,7,Typ,2,TA,Attchd,1957.0,Fin,2,416.0,TA,TA,Y,0,87,0,0,0,0,0,6,2007,WD,Normal,257500.0
675,20,RL,80.0,9200.0,Pave,Reg,Lvl,AllPub,Inside,Gtl,NAmes,Norm,Norm,1Fam,1Story,6,6,1965,1965,Gable,CompShg,HdBoard,HdBoard,0.0,TA,TA,CBlock,TA,TA,No,Rec,892.0,Unf,0,244.0,1136,GasA,TA,Y,SBrkr,1136.0,0,0,1136.0,1,0,1,0,3,1,TA,5,Typ,1,Gd,Attchd,1965.0,RFn,1,384.0,TA,TA,Y,420,0,0,0,0,0,0,7,2008,WD,Normal,140000.0
676,160,RL,30.0,2289.0,Pave,Reg,Lvl,AllPub,Inside,Gtl,NPkVill,Norm,Norm,Twnhs,2Story,6,6,1978,1978,Gable,CompShg,Plywood,Brk Cmn,0.0,TA,TA,CBlock,TA,TA,No,ALQ,311.0,Unf,0,544.0,855,GasA,TA,Y,SBrkr,855.0,586,0,1441.0,0,0,2,1,3,1,TA,7,Typ,1,TA,Attchd,1978.0,Unf,2,440.0,TA,TA,Y,28,0,0,0,0,0,0,4,2009,WD,Normal,148500.0
677,70,RM,60.0,9600.0,Pave,Reg,Lvl,AllPub,Inside,Gtl,OldTown,Norm,Norm,1Fam,2Story,4,2,1900,1950,Gable,CompShg,AsbShng,Stucco,0.0,TA,TA,BrkTil,TA,Fa,No,Unf,0.0,Unf,0,1095.0,1095,GasW,Fa,N,SBrkr,1095.0,679,0,1774.0,1,0,2,0,4,2,TA,8,Min2,0,None,2Types,1920.0,Unf,3,779.0,Fa,Fa,N,0,0,0,0,0,0,0,5,2006,WD,Normal,87000.0
678,30,RL,52.0,9022.0,Pave,Reg,Lvl,AllPub,Inside,Gtl,OldTown,Norm,Norm,1Fam,1Story,5,8,1924,2006,Gable,CompShg,VinylSd,VinylSd,0.0,Gd,TA,BrkTil,TA,TA,No,Unf,0.0,Unf,0,768.0,768,GasA,Ex,Y,SBrkr,792.0,0,0,792.0,0,0,1,0,2,1,Gd,5,Typ,0,None,Detchd,1924.0,Unf,1,240.0,Fa,Fa,N,316,0,0,0,0,0,0,5,2009,WD,Normal,109500.0
679,20,RL,80.0,11844.0,Pave,IR1,Lvl,AllPub,Inside,Gtl,StoneBr,Norm,Norm,1Fam,1Story,8,5,2008,2008,Hip,CompShg,VinylSd,VinylSd,410.625,Gd,TA,PConc,Ex,TA,Mn,Unf,0.0,Unf,0,1685.5,2046,GasA,Ex,Y,SBrkr,2046.0,0,0,2046.0,0,0,2,1,3,1,Gd,7,Typ,1,Gd,Attchd,2008.0,Fin,3,834.0,TA,TA,Y,322,82,0,0,0,0,0,7,2009,New,Partial,340037.5
680,20,RL,71.0,9945.0,Pave,IR1,Lvl,AllPub,Inside,Gtl,Sawyer,Norm,Norm,1Fam,1Story,5,5,1961,1961,Hip,CompShg,Wd Sdng,Wd Sdng,57.0,TA,TA,CBlock,TA,TA,No,Rec,827.0,Unf,0,161.0,988,GasA,TA,Y,SBrkr,988.0,0,0,988.0,1,0,1,0,3,1,TA,5,Typ,0,None,Detchd,1963.0,Unf,2,572.0,TA,TA,Y,0,0,0,0,0,0,0,10,2007,WD,Normal,128500.0
681,120,RL,50.0,8012.0,Pave,Reg,Lvl,AllPub,Inside,Gtl,SawyerW,Norm,Norm,TwnhsE,1Story,6,5,1980,1980,Gable,CompShg,Plywood,Plywood,0.0,TA,TA,CBlock,Gd,TA,No,BLQ,543.0,BLQ,0,261.0,923,GasA,TA,Y,SBrkr,923.0,0,0,923.0,0,0,2,0,2,1,TA,5,Typ,1,TA,Attchd,1980.0,RFn,1,264.0,TA,TA,Y,80,0,0,0,0,0,0,5,2010,WD,Normal,143000.0
682,50,RH,55.0,4500.0,Pave,IR2,Bnk,AllPub,Inside,Gtl,SWISU,Norm,Norm,1Fam,1.5Fin,5,5,1932,2000,Gable,CompShg,VinylSd,Stucco,0.0,TA,TA,BrkTil,TA,TA,No,Rec,182.0,Unf,0,611.0,793,GasA,Ex,Y,SBrkr,848.0,672,0,1520.0,0,0,1,0,3,1,TA,6,Typ,0,None,Detchd,1968.0,Unf,1,281.0,TA,TA,Y,0,0,0,0,0,0,0,7,2009,WD,Abnorml,159434.0
683,120,RL,80.0,2887.0,Pave,Reg,HLS,AllPub,Inside,Gtl,ClearCr,Norm,Norm,1Fam,1Story,6,5,1996,1997,Gable,CompShg,Wd Sdng,Wd Sdng,0.0,TA,TA,PConc,Gd,TA,Mn,GLQ,1003.0,Unf,0,288.0,1291,GasA,Ex,Y,SBrkr,1291.0,0,0,1291.0,1,0,1,0,2,1,Gd,6,Typ,1,Gd,Attchd,1996.0,Unf,2,431.0,TA,TA,Y,307,0,0,0,0,0,0,11,2008,WD,Normal,173000.0
684,20,RL,90.0,11248.0,Pave,IR1,Lvl,AllPub,Corner,Gtl,CollgCr,Norm,Norm,1Fam,1Story,9,5,2002,2002,Hip,CompShg,VinylSd,VinylSd,215.0,Gd,TA,PConc,Gd,TA,Av,GLQ,1059.0,Unf,0,567.0,1626,GasA,Ex,Y,SBrkr,1668.0,0,0,1668.0,1,0,2,0,3,1,Gd,7,Typ,1,TA,Attchd,2002.0,Fin,3,702.0,TA,TA,Y,257,45,0,0,0,0,0,7,2007,WD,Normal,285000.0
685,60,RL,58.0,16770.0,Pave,IR2,Lvl,AllPub,CulDSac,Gtl,NoRidge,Norm,Norm,1Fam,2Story,7,5,1998,1998,Gable,CompShg,VinylSd,VinylSd,30.0,Gd,TA,PConc,Gd,TA,No,Unf,0.0,Unf,0,1195.0,1195,GasA,Gd,Y,SBrkr,1195.0,644,0,1839.0,0,0,2,1,4,1,TA,7,Typ,0,None,Attchd,1998.0,Fin,2,486.0,TA,TA,Y,0,81,0,0,0,0,0,6,2010,WD,Normal,221000.0
686,160,RL,61.5,5062.0,Pave,IR1,Lvl,AllPub,CulDSac,Gtl,StoneBr,Norm,Norm,TwnhsE,2Story,7,5,1984,1984,Gable,CompShg,HdBoard,HdBoard,0.0,Gd,TA,CBlock,Gd,TA,Mn,GLQ,828.0,LwQ,0,180.0,1190,GasA,Gd,Y,SBrkr,1190.0,900,0,2090.0,1,0,2,0,3,1,Gd,6,Min1,1,TA,Attchd,1984.0,Fin,2,577.0,TA,TA,Y,219,0,0,0,0,0,0,9,2007,WD,Normal,207500.0
687,60,FV,84.0,10207.0,Pave,Reg,Lvl,AllPub,Inside,Gtl,Somerst,Norm,Norm,1Fam,2Story,7,6,2007,2007,Gable,CompShg,VinylSd,VinylSd,0.0,Gd,TA,PConc,Gd,TA,No,Unf,0.0,Unf,0,874.0,874,GasA,Ex,Y,SBrkr,874.0,887,0,1761.0,0,0,3,0,3,1,Gd,7,Typ,0,None,Attchd,2007.0,Fin,2,578.0,TA,TA,Y,144,105,0,0,0,0,0,8,2007,New,Partial,227875.0
688,160,FV,73.5,5105.0,Pave,IR2,Lvl,AllPub,FR2,Gtl,Somerst,Norm,Norm,TwnhsE,2Story,7,5,2004,2004,Gable,CompShg,MetalSd,MetalSd,0.0,Gd,TA,PConc,Gd,TA,No,GLQ,239.0,Unf,0,312.0,551,GasA,Ex,Y,SBrkr,551.0,551,0,1102.0,0,0,2,1,2,1,Gd,4,Typ,0,None,Detchd,2004.0,Unf,2,480.0,TA,TA,Y,0,60,0,0,0,0,0,3,2007,WD,Normal,148800.0
689,20,RL,60.0,8089.0,Pave,Reg,HLS,AllPub,Inside,Gtl,StoneBr,Norm,Norm,1Fam,1Story,8,6,2007,2007,Gable,CompShg,MetalSd,MetalSd,0.0,Gd,TA,PConc,Gd,TA,Av,GLQ,945.0,Unf,0,474.0,1419,GasA,Ex,Y,SBrkr,1419.0,0,0,1419.0,1,0,2,0,2,1,Gd,7,Typ,1,Gd,Attchd,2007.0,RFn,2,567.0,TA,TA,Y,140,0,0,0,0,0,0,10,2007,New,Partial,340037.5
690,120,RL,61.0,7577.0,Pave,IR1,Lvl,AllPub,Corner,Gtl,NridgHt,Norm,Norm,TwnhsE,1Story,6,5,2005,2006,Gable,CompShg,VinylSd,VinylSd,256.0,Gd,TA,PConc,Gd,TA,Av,ALQ,20.0,Unf,0,1342.0,1362,GasA,Ex,Y,SBrkr,1362.0,0,0,1362.0,0,0,2,0,2,1,Gd,6,Typ,1,Gd,Attchd,2005.0,RFn,2,460.0,TA,TA,Y,192,28,0,0,0,0,0,6,2007,WD,Normal,194700.0
691,120,RM,70.0,4426.0,Pave,Reg,Lvl,AllPub,Inside,Gtl,CollgCr,Norm,Norm,TwnhsE,1Story,6,5,2004,2004,Gable,CompShg,VinylSd,VinylSd,147.0,Gd,TA,PConc,Gd,TA,Gd,GLQ,697.0,Unf,0,151.0,848,GasA,Ex,Y,SBrkr,848.0,0,0,848.0,1,0,1,0,1,1,Gd,3,Typ,1,TA,Attchd,2004.0,RFn,2,420.0,TA,TA,Y,149,0,0,0,0,0,0,5,2008,WD,Normal,141000.0
692,60,RL,104.0,17673.5,Pave,IR1,Lvl,AllPub,Corner,Gtl,NoRidge,Norm,Norm,1Fam,2Story,10,6,1994,1995,Gable,WdShngl,HdBoard,HdBoard,410.625,Ex,TA,PConc,Ex,TA,Gd,GLQ,1455.0,Unf,0,989.0,2052,GasA,Ex,Y,SBrkr,2155.125,1820,0,2747.625,0,1,3,1,4,1,Ex,10,Typ,2,Ex,Attchd,1994.0,Fin,3,832.0,TA,TA,Y,382,50,0,0,0,0,0,1,2007,WD,Normal,340037.5
693,60,RL,42.0,17673.5,Pave,IR1,Lvl,AllPub,Inside,Mod,Timber,Norm,Norm,1Fam,2Story,7,5,1989,1990,Hip,CompShg,MetalSd,MetalSd,293.0,Gd,TA,PConc,Gd,TA,Gd,GLQ,965.0,Unf,0,245.0,1210,GasA,Ex,Y,SBrkr,1238.0,1281,0,2519.0,1,0,2,1,4,1,Gd,9,Typ,2,Gd,Attchd,1989.0,RFn,2,628.0,TA,TA,Y,320,27,0,0,0,0,0,4,2006,WD,Normal,335000.0
694,30,RL,60.0,5400.0,Pave,Reg,Lvl,AllPub,Corner,Sev,OldTown,Norm,Norm,1Fam,1Story,5,6,1921,1968,Gable,CompShg,MetalSd,MetalSd,0.0,TA,TA,BrkTil,TA,TA,No,Unf,0.0,Unf,0,1073.0,1073,GasA,Ex,Y,SBrkr,1073.0,0,0,1073.0,0,0,1,0,2,1,TA,4,Typ,0,None,Detchd,1968.0,Unf,1,326.0,TA,TA,Y,0,0,0,0,0,0,0,12,2006,WD,Abnorml,108480.0
695,50,RM,51.0,6120.0,Pave,Reg,Lvl,AllPub,Corner,Gtl,BrkSide,Norm,Norm,1Fam,1.5Fin,5,6,1936,1950,Gable,CompShg,Wd Sdng,Wd Sdng,0.0,TA,Fa,BrkTil,TA,TA,No,Unf,0.0,Unf,0,927.0,927,GasA,TA,Y,SBrkr,1067.0,472,0,1539.0,0,0,1,1,3,1,TA,5,Typ,0,None,Detchd,1995.0,Unf,2,576.0,TA,TA,Y,112,0,0,0,0,0,0,4,2009,WD,Normal,141500.0
696,20,RL,54.0,13811.0,Pave,IR1,Lvl,AllPub,Inside,Gtl,Timber,Norm,Norm,1Fam,1Story,6,6,1987,1987,Gable,CompShg,HdBoard,HdBoard,72.0,TA,TA,CBlock,Gd,Gd,No,GLQ,980.0,LwQ,0,92.0,1112,GasA,Gd,Y,SBrkr,1137.0,0,0,1137.0,1,0,2,0,2,1,Gd,5,Typ,1,TA,Attchd,1987.0,Unf,2,551.0,TA,TA,Y,125,0,0,0,0,0,0,7,2006,WD,Normal,176000.0
697,30,RM,50.0,6000.0,Pave,Reg,Lvl,AllPub,Inside,Gtl,BrkSide,Norm,Norm,1Fam,1Story,5,7,1921,1950,Gable,CompShg,Wd Sdng,Wd Shng,0.0,TA,TA,CBlock,TA,TA,No,LwQ,616.0,Unf,0,0.0,616,GasA,Gd,Y,SBrkr,616.0,0,0,616.0,0,0,1,0,2,1,TA,4,Typ,0,None,Detchd,1921.0,Unf,1,205.0,TA,TA,Y,0,0,0,0,0,0,0,6,2006,WD,Normal,89000.0
698,20,RL,57.0,6420.0,Pave,IR1,Lvl,AllPub,Inside,Gtl,Edwards,Norm,Norm,1Fam,1Story,5,7,1952,1952,Gable,CompShg,Wd Sdng,Wd Sdng,0.0,TA,TA,PConc,Ex,Gd,Mn,LwQ,210.0,ALQ,0,219.0,980,GasA,Fa,Y,FuseA,1148.0,0,0,1148.0,0,1,1,0,2,1,TA,6,Typ,0,None,Detchd,1952.0,Unf,1,308.0,TA,TA,Y,0,0,0,0,0,0,0,9,2006,WD,Normal,123500.0
699,20,RL,65.0,8450.0,Pave,Reg,Lvl,AllPub,Inside,Gtl,Sawyer,RRAe,Norm,1Fam,1Story,5,8,1965,2009,Gable,CompShg,MetalSd,MetalSd,0.0,TA,Gd,CBlock,TA,TA,No,GLQ,553.0,BLQ,0,224.0,894,GasA,Ex,Y,SBrkr,894.0,0,0,894.0,1,0,1,0,3,1,TA,5,Typ,1,Gd,Detchd,1973.0,Unf,1,336.0,TA,TA,Y,416,144,0,0,0,0,0,4,2010,WD,Normal,138500.0
700,120,FV,59.0,4282.0,Pave,IR2,Lvl,AllPub,Inside,Gtl,Somerst,Norm,Norm,TwnhsE,1Story,7,5,2004,2004,Gable,CompShg,MetalSd,MetalSd,0.0,Gd,TA,PConc,Gd,TA,Mn,GLQ,16.0,Unf,0,1375.0,1391,GasA,Ex,Y,SBrkr,1391.0,0,0,1391.0,0,0,2,0,2,1,Gd,5,Typ,0,None,Attchd,2004.0,RFn,2,530.0,TA,TA,Y,156,158,0,0,0,0,0,7,2008,WD,Normal,196000.0
701,20,RL,85.0,14331.0,Pave,Reg,Lvl,AllPub,Inside,Gtl,Timber,Norm,Norm,1Fam,1Story,8,5,2002,2002,Hip,CompShg,VinylSd,VinylSd,410.625,Gd,TA,PConc,Ex,TA,Gd,GLQ,1274.0,Unf,0,526.0,1800,GasA,Ex,Y,SBrkr,1800.0,0,0,1800.0,1,0,2,0,3,1,Gd,7,Typ,1,Gd,Attchd,2002.0,Fin,3,765.0,TA,TA,Y,270,78,0,0,0,0,0,5,2006,WD,Normal,312500.0
702,20,RL,80.0,9600.0,Pave,Reg,Lvl,AllPub,Inside,Gtl,NWAmes,Norm,Norm,1Fam,1Story,7,5,1969,1969,Hip,CompShg,HdBoard,HdBoard,168.0,TA,TA,CBlock,TA,TA,No,Unf,0.0,Unf,0,1164.0,1164,GasA,TA,Y,SBrkr,1164.0,0,0,1164.0,0,0,1,1,3,1,TA,6,Typ,0,None,Attchd,1969.0,Unf,2,528.0,TA,TA,Y,0,0,0,0,0,0,0,7,2006,COD,Normal,140000.0
703,60,RL,82.0,12438.0,Pave,IR1,Lvl,AllPub,Inside,Gtl,StoneBr,Norm,Norm,1Fam,2Story,8,5,2006,2006,Hip,CompShg,VinylSd,VinylSd,410.625,Ex,TA,PConc,Ex,Gd,No,Unf,0.0,Unf,0,1234.0,1234,GasA,Ex,Y,SBrkr,1264.0,1312,0,2576.0,0,0,2,1,4,1,Ex,10,Typ,1,Gd,BuiltIn,2006.0,Fin,3,666.0,TA,TA,Y,324,100,0,0,0,0,0,7,2006,New,Partial,340037.5
704,190,RM,76.0,7630.0,Pave,Reg,Lvl,AllPub,Inside,Gtl,OldTown,Feedr,Norm,2fmCon,2Story,5,9,1900,1996,Gable,CompShg,Wd Sdng,Wd Sdng,0.0,TA,Gd,BrkTil,Gd,TA,No,Unf,0.0,Unf,0,360.0,360,GasA,Gd,Y,SBrkr,1032.0,780,0,1812.0,0,0,2,0,4,2,Gd,8,Typ,1,Po,Detchd,1999.0,Unf,2,672.0,TA,TA,N,344,0,0,0,0,0,0,5,2010,WD,Normal,140000.0
705,20,RL,70.0,8400.0,Pave,Reg,Lvl,AllPub,Inside,Gtl,CollgCr,Norm,Norm,1Fam,1Story,7,5,2004,2005,Gable,CompShg,VinylSd,VinylSd,109.0,Gd,TA,PConc,Gd,TA,Av,GLQ,712.0,Unf,0,761.0,1473,GasA,Ex,Y,SBrkr,1484.0,0,0,1484.0,1,0,2,0,3,1,Gd,7,Typ,0,None,Attchd,2004.0,RFn,2,606.0,TA,TA,Y,0,35,0,144,0,0,0,5,2010,WD,Normal,213000.0
706,190,RM,70.0,5600.0,Pave,Reg,Lvl,AllPub,Inside,Gtl,IDOTRR,Norm,Norm,2fmCon,2Story,4,5,1930,1950,Hip,CompShg,VinylSd,Wd Shng,0.0,Fa,Fa,Slab,None,None,None,None,0.0,None,0,0.0,42,GasA,Fa,N,SBrkr,372.0,720,0,1092.0,0,0,2,0,3,2,Fa,7,Mod,0,None,None,1893.5,None,0,0.0,None,None,N,0,0,0,0,0,0,3500,7,2010,WD,Normal,55000.0
707,20,RL,80.0,17673.5,Pave,IR2,Low,AllPub,CulDSac,Sev,ClearCr,Norm,Norm,1Fam,1Story,7,5,1971,2002,Gable,CompShg,Plywood,Plywood,351.0,TA,TA,CBlock,Gd,TA,Gd,GLQ,1219.0,Unf,0,424.0,1643,GasA,TA,Y,SBrkr,1824.0,0,0,1824.0,1,0,2,0,2,1,Gd,5,Typ,2,TA,Attchd,1971.0,Unf,2,739.0,TA,TA,Y,380,48,0,0,0,0,0,6,2007,WD,Normal,302000.0
708,120,RL,48.0,6240.0,Pave,Reg,Lvl,AllPub,Inside,Gtl,NridgHt,Norm,Norm,TwnhsE,1Story,8,5,2006,2006,Hip,CompShg,MetalSd,MetalSd,176.0,Gd,TA,PConc,Gd,TA,No,GLQ,863.0,Unf,0,461.0,1324,GasA,Ex,Y,SBrkr,1324.0,0,0,1324.0,1,0,2,0,2,1,Gd,6,Typ,1,Gd,Attchd,2006.0,Fin,2,550.0,TA,TA,Y,192,38,0,0,0,0,0,12,2009,WD,Normal,254000.0
709,60,RL,65.0,9018.0,Pave,IR1,Lvl,AllPub,Inside,Gtl,Gilbert,Norm,Norm,1Fam,2Story,7,5,2007,2007,Hip,CompShg,VinylSd,VinylSd,0.0,Gd,TA,PConc,Gd,TA,Av,Unf,0.0,Unf,0,728.0,728,GasA,Ex,Y,SBrkr,728.0,728,0,1456.0,0,0,2,1,3,1,Gd,8,Typ,1,Gd,Attchd,2007.0,Fin,2,400.0,TA,TA,Y,100,24,0,0,0,0,0,7,2007,New,Partial,179540.0
710,20,RL,71.0,7162.0,Pave,IR1,Lvl,AllPub,Inside,Gtl,Sawyer,Norm,Norm,1Fam,1Story,5,7,1966,1966,Gable,CompShg,HdBoard,HdBoard,41.0,TA,TA,PConc,TA,TA,No,Unf,0.0,Unf,0,876.0,876,GasA,TA,Y,SBrkr,904.0,0,0,904.0,0,0,1,0,3,1,TA,6,Typ,0,None,Attchd,1966.0,Unf,1,408.0,TA,TA,Y,0,0,0,0,0,0,0,12,2008,WD,Abnorml,109900.0
711,30,RL,56.0,4130.0,Pave,IR1,Lvl,AllPub,Inside,Gtl,BrkSide,Norm,Norm,1Fam,1Story,3,6,1935,2003,Gable,CompShg,VinylSd,VinylSd,0.0,Gd,TA,CBlock,TA,TA,No,Unf,0.0,Unf,0,270.0,270,GasA,Gd,Y,SBrkr,729.0,0,0,729.0,0,0,1,0,2,1,TA,5,Maj2,0,None,None,1893.5,None,0,0.0,None,None,N,0,0,0,0,0,0,0,7,2008,WD,Normal,52000.0
712,50,C (all),66.0,8712.0,Pave,Reg,HLS,AllPub,Inside,Mod,IDOTRR,Norm,Norm,1Fam,1.5Fin,4,7,1900,1950,Gable,CompShg,MetalSd,MetalSd,0.0,TA,TA,Stone,TA,TA,Mn,Unf,0.0,Unf,0,859.0,859,GasA,Gd,Y,SBrkr,859.0,319,0,1178.0,0,0,1,0,2,1,TA,7,Typ,0,None,Detchd,1964.0,RFn,1,384.0,TA,TA,N,68,0,0,0,0,0,0,1,2010,WD,Abnorml,102776.0
713,120,RL,40.0,4671.0,Pave,IR1,HLS,AllPub,Inside,Gtl,StoneBr,Norm,Norm,TwnhsE,1Story,8,5,1988,1989,Gable,CompShg,HdBoard,HdBoard,0.0,Gd,TA,PConc,Gd,TA,Mn,GLQ,767.0,Unf,0,461.0,1228,GasA,Gd,Y,SBrkr,1228.0,0,0,1228.0,1,0,2,0,2,1,Gd,5,Typ,1,Gd,Attchd,1988.0,Fin,2,472.0,TA,TA,Y,168,120,0,0,0,0,0,10,2008,WD,Normal,189000.0
714,190,RL,60.0,9873.0,Pave,Reg,Lvl,AllPub,Inside,Gtl,BrkSide,RRAn,Norm,2fmCon,1Story,4,5,1970,1970,Gable,CompShg,HdBoard,HdBoard,160.0,TA,TA,CBlock,TA,TA,Av,ALQ,789.0,Unf,0,171.0,960,GasW,TA,N,SBrkr,960.0,0,0,960.0,1,0,1,0,3,1,TA,6,Typ,0,None,Detchd,1970.0,Unf,2,576.0,TA,TA,Y,0,170,0,0,0,0,0,5,2006,WD,Normal,129000.0
715,60,RL,71.0,13517.0,Pave,IR1,Lvl,AllPub,CulDSac,Gtl,Sawyer,RRAe,Norm,1Fam,2Story,6,8,1976,2005,Gable,CompShg,HdBoard,Plywood,289.0,Gd,TA,CBlock,TA,TA,No,GLQ,533.0,Unf,0,192.0,725,GasA,Ex,Y,SBrkr,725.0,754,0,1479.0,0,0,2,1,3,1,Gd,6,Typ,0,None,Attchd,1976.0,RFn,2,475.0,TA,TA,Y,0,44,0,0,0,0,0,3,2010,WD,Normal,130500.0
716,20,RL,78.0,10140.0,Pave,Reg,Lvl,AllPub,Inside,Gtl,NWAmes,Norm,Norm,1Fam,1Story,6,5,1974,1974,Hip,CompShg,HdBoard,HdBoard,174.0,TA,TA,CBlock,Gd,TA,No,Unf,0.0,Unf,0,1064.0,1064,GasA,TA,Y,SBrkr,1350.0,0,0,1350.0,0,0,2,0,3,1,TA,7,Typ,1,TA,Attchd,1974.0,RFn,2,478.0,TA,TA,Y,0,0,0,0,0,0,0,8,2009,WD,Normal,165000.0
717,70,RM,60.0,10800.0,Pave,Reg,Bnk,AllPub,Inside,Gtl,OldTown,Norm,Norm,1Fam,2Story,7,8,1890,1998,Gable,CompShg,Wd Sdng,VinylSd,0.0,TA,Gd,BrkTil,TA,TA,No,Unf,0.0,Unf,0,718.0,718,GasA,Ex,Y,SBrkr,1576.0,978,0,2554.0,0,0,1,1,3,1,TA,8,Typ,0,None,Detchd,1996.0,Unf,2,704.0,TA,TA,P,0,48,0,0,0,0,0,7,2007,WD,Normal,159500.0
718,20,RL,80.0,10000.0,Pave,Reg,Lvl,AllPub,Inside,Gtl,NWAmes,Norm,Norm,1Fam,1Story,5,6,1973,2000,Gable,CompShg,HdBoard,HdBoard,0.0,TA,TA,CBlock,Gd,TA,No,BLQ,1084.0,Unf,0,92.0,1176,GasA,Gd,Y,SBrkr,1178.0,0,0,1178.0,0,1,1,1,3,1,Gd,5,Typ,1,Fa,Attchd,1973.0,Unf,2,439.0,TA,TA,Y,224,0,0,0,0,0,0,11,2008,WD,Normal,157000.0
719,60,RL,96.0,10542.0,Pave,Reg,Lvl,AllPub,Inside,Gtl,NoRidge,Norm,Norm,1Fam,2Story,7,5,1993,1994,Hip,CompShg,Wd Sdng,ImStucc,410.625,Gd,TA,PConc,Gd,TA,Gd,GLQ,1173.0,Unf,0,138.0,1311,GasA,Ex,Y,SBrkr,1325.0,1093,0,2418.0,1,0,2,1,3,1,Gd,9,Typ,1,TA,Attchd,1993.0,RFn,3,938.25,TA,TA,Y,250,154,0,0,0,0,0,8,2008,WD,Normal,340037.5
720,20,RL,69.0,9920.0,Pave,IR1,Lvl,AllPub,Inside,Gtl,CollgCr,Norm,Norm,1Fam,1Story,5,6,1969,1969,Gable,CompShg,HdBoard,Plywood,0.0,TA,TA,CBlock,Gd,TA,Gd,ALQ,523.0,Unf,0,448.0,971,GasA,TA,Y,SBrkr,971.0,0,0,971.0,0,0,1,1,3,1,TA,5,Typ,1,Po,Attchd,1969.0,Unf,1,300.0,TA,TA,Y,0,0,0,0,0,0,0,5,2006,WD,Normal,128500.0
721,120,RL,61.5,6563.0,Pave,IR1,Low,AllPub,CulDSac,Mod,StoneBr,Norm,Norm,1Fam,1Story,8,5,1985,1985,Gable,CompShg,HdBoard,HdBoard,0.0,Gd,TA,PConc,Gd,TA,Gd,GLQ,1148.0,Unf,0,594.0,1742,GasA,TA,Y,SBrkr,1742.0,0,0,1742.0,1,0,2,0,2,1,Gd,5,Typ,1,TA,Attchd,1985.0,RFn,2,564.0,TA,TA,Y,114,28,0,0,0,0,0,12,2006,WD,Normal,275000.0
722,120,RM,70.0,4426.0,Pave,Reg,Lvl,AllPub,Inside,Gtl,CollgCr,Norm,Norm,TwnhsE,1Story,6,5,2004,2004,Gable,CompShg,VinylSd,VinylSd,169.0,Gd,TA,PConc,Gd,TA,Av,GLQ,662.0,Unf,0,186.0,848,GasA,Ex,Y,SBrkr,848.0,0,0,848.0,1,0,1,0,1,1,Gd,3,Typ,0,None,Attchd,2004.0,RFn,2,420.0,TA,TA,Y,160,0,0,0,0,0,0,5,2010,WD,Normal,143000.0
723,20,RL,70.0,8120.0,Pave,Reg,Lvl,AllPub,Inside,Gtl,NAmes,Norm,Norm,1Fam,1Story,4,7,1970,1970,Gable,CompShg,MetalSd,MetalSd,0.0,TA,Gd,CBlock,TA,TA,No,ALQ,191.0,Unf,0,673.0,864,GasA,Ex,Y,SBrkr,864.0,0,0,864.0,0,0,1,0,3,1,TA,5,Typ,0,None,Detchd,1994.0,Unf,2,463.0,TA,TA,Y,0,0,0,0,0,0,0,7,2009,WD,Normal,124500.0
724,50,RL,60.0,8172.0,Pave,Reg,Lvl,AllPub,Inside,Gtl,Edwards,Norm,Norm,1Fam,1.5Fin,4,6,1954,1972,Gable,CompShg,MetalSd,MetalSd,0.0,TA,TA,PConc,TA,TA,No,Unf,0.0,Unf,0,941.0,941,GasA,Ex,Y,SBrkr,997.0,473,0,1470.0,0,0,2,0,4,1,TA,7,Typ,0,None,Detchd,1958.0,Unf,1,548.0,TA,TA,Y,0,0,0,0,0,0,0,5,2008,WD,Normal,135000.0
725,20,RL,86.0,13286.0,Pave,IR1,Lvl,AllPub,Inside,Gtl,Edwards,Norm,Norm,1Fam,1Story,9,5,2007,2008,Hip,CompShg,CemntBd,CmentBd,340.0,Ex,TA,PConc,Ex,TA,No,GLQ,1234.0,Unf,0,464.0,1698,GasA,Ex,Y,SBrkr,1698.0,0,0,1698.0,1,0,2,0,3,1,Ex,8,Typ,1,Gd,Attchd,2007.0,Fin,3,768.0,TA,TA,Y,327,64,0,0,0,0,0,2,2009,WD,Normal,320000.0
726,20,RL,60.0,6960.0,Pave,Reg,Lvl,AllPub,Inside,Gtl,NAmes,Norm,Norm,1Fam,1Story,4,6,1970,1970,Gable,CompShg,HdBoard,Plywood,0.0,TA,TA,CBlock,TA,TA,No,ALQ,375.0,BLQ,0,250.0,864,GasA,TA,Y,SBrkr,864.0,0,0,864.0,0,0,1,0,3,1,Gd,5,Typ,0,None,Detchd,1989.0,Unf,2,660.0,TA,TA,Y,96,0,0,0,0,0,500,11,2009,WD,Normal,120500.0
727,20,RL,74.0,17673.5,Pave,IR1,Lvl,AllPub,Corner,Gtl,Crawfor,Norm,Norm,1Fam,1Story,6,9,1988,2007,Hip,CompShg,Wd Sdng,Plywood,260.0,Gd,Gd,CBlock,Gd,TA,No,GLQ,808.0,Unf,0,72.0,880,GasA,Ex,Y,SBrkr,1680.0,0,0,1680.0,1,0,2,0,3,1,Gd,5,Typ,1,Gd,Attchd,1988.0,Fin,2,540.0,TA,TA,Y,292,44,0,182,0,0,0,12,2009,WD,Normal,222000.0
728,20,RL,64.0,7314.0,Pave,Reg,Lvl,AllPub,Inside,Gtl,CollgCr,Norm,Norm,1Fam,1Story,7,5,2007,2007,Gable,CompShg,VinylSd,VinylSd,82.0,Gd,TA,PConc,Gd,TA,Av,GLQ,724.0,Unf,0,508.0,1232,GasA,Ex,Y,SBrkr,1232.0,0,0,1232.0,1,0,2,0,2,1,Gd,6,Typ,0,None,Attchd,2007.0,RFn,2,632.0,TA,TA,Y,132,0,0,0,0,0,0,2,2009,WD,Normal,194500.0
729,90,RL,85.0,11475.0,Pave,Reg,Lvl,AllPub,Corner,Gtl,NAmes,Norm,Norm,Duplex,1Story,5,5,1958,1958,Gable,CompShg,VinylSd,VinylSd,95.0,TA,TA,CBlock,TA,TA,No,Unf,0.0,Unf,0,1584.0,1584,GasA,TA,Y,SBrkr,1776.0,0,0,1776.0,1,0,2,0,4,2,TA,9,Typ,0,None,Detchd,1968.0,Unf,3,888.0,TA,TA,Y,0,25,0,0,0,0,0,7,2009,COD,Abnorml,110000.0
730,30,RM,52.0,6240.0,Pave,Reg,Lvl,AllPub,Inside,Gtl,IDOTRR,Norm,Norm,1Fam,1.5Fin,4,5,1925,1950,Gable,CompShg,MetalSd,MetalSd,0.0,TA,TA,CBlock,TA,TA,No,BLQ,152.0,Unf,0,628.0,780,GasA,TA,Y,FuseA,848.0,0,360,1208.0,0,0,1,0,2,1,TA,5,Typ,0,None,Detchd,1962.0,Unf,2,539.0,TA,TA,Y,0,23,0,0,0,0,0,1,2009,WD,Normal,103000.0
731,120,RL,39.0,5389.0,Pave,IR1,Lvl,AllPub,Inside,Gtl,StoneBr,Norm,Norm,TwnhsE,1Story,8,5,1995,1996,Gable,CompShg,CemntBd,CmentBd,0.0,Gd,TA,PConc,Gd,TA,No,GLQ,1180.0,Unf,0,415.0,1595,GasA,Ex,Y,SBrkr,1616.0,0,0,1616.0,1,0,2,0,2,1,Gd,5,Typ,1,TA,Attchd,1995.0,RFn,2,608.0,TA,TA,Y,237,152,0,0,0,0,0,3,2010,WD,Normal,236500.0
732,80,RL,73.0,9590.0,Pave,IR1,Lvl,AllPub,Corner,Gtl,Timber,Norm,Norm,1Fam,SLvl,7,5,2003,2003,Gable,CompShg,VinylSd,VinylSd,410.625,Gd,TA,PConc,Ex,TA,Av,GLQ,786.0,Unf,0,82.0,868,GasA,Ex,Y,SBrkr,1146.0,0,0,1146.0,1,0,2,0,3,1,Gd,6,Typ,1,Gd,Attchd,2003.0,Fin,2,438.0,TA,TA,Y,160,22,0,0,0,0,0,5,2007,WD,Normal,187500.0
733,60,RL,75.0,11404.0,Pave,IR1,Lvl,AllPub,Inside,Gtl,CollgCr,Norm,Norm,1Fam,2Story,7,5,1998,1999,Gable,CompShg,VinylSd,VinylSd,202.0,Gd,TA,PConc,Gd,TA,Av,ALQ,252.0,Unf,0,901.0,1153,GasA,Ex,Y,SBrkr,1153.0,878,0,2031.0,0,0,2,1,3,1,Gd,8,Typ,1,TA,Attchd,1998.0,Fin,2,541.0,TA,TA,Y,192,84,0,0,0,0,0,7,2008,WD,Normal,222500.0
734,20,RL,80.0,10000.0,Pave,Reg,Lvl,AllPub,Corner,Gtl,Sawyer,Feedr,Norm,1Fam,1Story,5,6,1961,1983,Hip,CompShg,HdBoard,HdBoard,0.0,TA,TA,CBlock,TA,TA,No,BLQ,594.0,Unf,0,270.0,864,GasA,Ex,Y,SBrkr,1144.0,0,0,1144.0,1,0,1,0,3,1,TA,6,Typ,1,TA,Attchd,1961.0,RFn,1,264.0,TA,TA,Y,165,0,0,0,0,0,400,3,2009,WD,Normal,131400.0
735,20,RL,71.0,8978.0,Pave,IR1,Lvl,AllPub,Corner,Gtl,Sawyer,Norm,Norm,1Fam,1Story,5,5,1968,1968,Gable,CompShg,Plywood,Plywood,0.0,TA,TA,PConc,TA,TA,No,Unf,0.0,Unf,0,948.0,948,GasA,TA,Y,SBrkr,948.0,0,0,948.0,0,0,1,0,3,1,TA,6,Typ,0,None,Attchd,1968.0,Unf,1,300.0,TA,TA,Y,147,0,0,0,0,0,0,5,2007,WD,Family,108000.0
736,75,RM,60.0,10800.0,Pave,Reg,Lvl,AllPub,Inside,Gtl,OldTown,Norm,Norm,1Fam,2.5Unf,7,7,1914,1970,Gable,CompShg,Wd Sdng,Wd Sdng,0.0,TA,TA,BrkTil,Gd,TA,Mn,Rec,390.0,Unf,0,490.0,880,GasW,Fa,N,SBrkr,880.0,888,0,1768.0,0,0,1,1,2,1,TA,6,Typ,2,TA,Detchd,1914.0,Unf,2,320.0,TA,TA,N,0,170,0,0,0,0,0,10,2006,WD,Normal,163000.0
737,90,RL,60.0,8544.0,Pave,Reg,Lvl,AllPub,Inside,Gtl,NAmes,Norm,Norm,Duplex,1Story,3,4,1950,1950,Gable,CompShg,Stucco,Stone,0.0,TA,TA,CBlock,None,None,None,None,0.0,None,0,0.0,42,GasA,Gd,N,FuseF,1040.0,0,0,1040.0,0,0,2,0,2,2,TA,6,Typ,0,None,Detchd,1949.0,Unf,2,400.0,TA,TA,Y,0,0,0,0,0,0,0,7,2006,WD,Normal,93500.0
738,60,RL,72.0,10463.0,Pave,IR1,HLS,AllPub,CulDSac,Gtl,Gilbert,Norm,Norm,1Fam,2Story,8,5,2005,2005,Gable,CompShg,VinylSd,VinylSd,0.0,Gd,TA,PConc,Gd,TA,No,Unf,0.0,Unf,0,893.0,893,GasA,Ex,Y,SBrkr,901.0,900,0,1801.0,0,0,2,1,3,1,Gd,8,Typ,1,Gd,Attchd,2005.0,Fin,3,800.0,TA,TA,Y,0,116,0,0,0,0,0,6,2006,WD,Normal,239900.0
739,90,RL,60.0,10800.0,Pave,Reg,Lvl,AllPub,Inside,Gtl,Edwards,Norm,Norm,Duplex,1Story,5,5,1987,1988,Gable,CompShg,Plywood,Plywood,0.0,TA,TA,CBlock,Gd,Gd,Gd,GLQ,1200.0,Unf,0,0.0,1200,GasA,TA,Y,SBrkr,1200.0,0,0,1200.0,3,0,3,0,3,1,TA,5,Typ,0,None,None,1893.5,None,0,0.0,None,None,Y,120,0,0,0,0,0,0,3,2009,WD,Alloca,179000.0
740,60,RL,65.0,9313.0,Pave,IR1,Lvl,AllPub,Inside,Gtl,CollgCr,Norm,Norm,1Fam,2Story,7,5,2004,2004,Gable,CompShg,VinylSd,VinylSd,0.0,Gd,TA,PConc,Gd,TA,No,Unf,0.0,Unf,0,864.0,864,GasA,Ex,Y,SBrkr,864.0,864,0,1728.0,0,0,2,1,3,1,Gd,7,Typ,0,None,Attchd,2004.0,RFn,2,572.0,TA,TA,Y,187,56,0,0,0,0,0,4,2009,WD,Normal,190000.0
741,70,RM,60.0,9600.0,Pave,Reg,Lvl,AllPub,Inside,Gtl,OldTown,Norm,Norm,1Fam,2Story,5,7,1910,2002,Gable,CompShg,Wd Sdng,Wd Shng,0.0,TA,Gd,BrkTil,Fa,Fa,No,Unf,0.0,Unf,0,264.0,264,GasA,Ex,Y,SBrkr,768.0,664,0,1432.0,0,0,2,0,2,1,TA,7,Typ,0,None,Detchd,1910.0,Unf,2,360.0,TA,Gd,Y,270,0,0,0,0,0,0,5,2007,WD,Abnorml,132000.0
742,20,RL,65.0,6768.0,Pave,IR1,Lvl,AllPub,Inside,Gtl,Sawyer,Feedr,Norm,1Fam,1Story,6,8,1961,1996,Hip,CompShg,HdBoard,HdBoard,0.0,TA,Gd,CBlock,TA,TA,Mn,GLQ,832.0,Unf,0,80.0,912,GasA,Gd,Y,SBrkr,912.0,0,0,912.0,1,1,1,0,3,1,Gd,5,Typ,0,None,Detchd,1962.0,Unf,1,288.0,TA,TA,Y,168,0,0,0,0,0,0,5,2008,WD,Normal,142000.0
743,20,RL,65.0,8450.0,Pave,Reg,Lvl,AllPub,Inside,Gtl,SawyerW,Norm,Norm,1Fam,1Story,7,5,2000,2001,Gable,CompShg,VinylSd,VinylSd,108.0,TA,TA,PConc,Gd,TA,No,Unf,0.0,Unf,0,1349.0,1349,GasA,Ex,Y,SBrkr,1349.0,0,0,1349.0,0,0,2,0,3,1,TA,6,Typ,0,None,Attchd,2000.0,Unf,2,539.0,TA,TA,Y,120,55,0,0,0,0,0,12,2007,WD,Normal,179000.0
744,80,RL,70.0,12886.0,Pave,IR1,Lvl,AllPub,Inside,Gtl,Sawyer,Norm,Norm,1Fam,SLvl,5,6,1963,1999,Gable,CompShg,HdBoard,HdBoard,0.0,TA,TA,CBlock,Gd,TA,Av,ALQ,444.0,Unf,0,76.0,520,GasA,Ex,Y,SBrkr,1464.0,0,0,1464.0,0,1,2,0,3,1,TA,6,Min2,1,TA,Attchd,1997.0,RFn,2,480.0,TA,TA,Y,302,0,0,0,0,0,0,10,2009,WD,Normal,175000.0
745,120,RL,41.0,5395.0,Pave,IR1,HLS,AllPub,Inside,Gtl,StoneBr,Norm,Norm,TwnhsE,1Story,8,5,1993,1993,Gable,CompShg,HdBoard,HdBoard,0.0,Gd,TA,PConc,Gd,TA,No,GLQ,733.0,Unf,0,604.0,1337,GasA,Gd,Y,SBrkr,1337.0,0,0,1337.0,1,0,2,0,2,1,Gd,5,Typ,1,TA,Attchd,1993.0,RFn,2,462.0,TA,TA,Y,96,0,0,168,0,0,0,10,2008,WD,Normal,180000.0
746,60,RL,80.0,8963.0,Pave,IR1,Lvl,AllPub,Inside,Gtl,NWAmes,Norm,Norm,1Fam,2Story,8,9,1976,1996,Hip,CompShg,VinylSd,VinylSd,289.0,Ex,Gd,CBlock,TA,Gd,No,GLQ,575.0,ALQ,0,487.0,1142,GasA,Ex,Y,SBrkr,1175.0,1540,0,2715.0,0,1,3,1,4,1,Gd,11,Typ,2,TA,BuiltIn,1994.0,Fin,2,831.0,TA,TA,Y,0,170,0,0,0,0,0,7,2008,WD,Normal,299800.0
747,60,RL,65.0,8795.0,Pave,IR1,Lvl,AllPub,Inside,Gtl,Gilbert,Norm,Norm,1Fam,2Story,7,5,2000,2000,Gable,CompShg,VinylSd,VinylSd,0.0,Gd,TA,PConc,Gd,TA,No,GLQ,300.0,Unf,0,652.0,952,GasA,Ex,Y,SBrkr,980.0,1276,0,2256.0,0,0,2,1,4,1,Gd,8,Typ,1,TA,BuiltIn,2000.0,Fin,2,554.0,TA,TA,Y,224,54,0,0,0,0,0,4,2009,WD,Normal,236000.0
748,70,RM,65.0,11700.0,Pave,IR1,Lvl,AllPub,Corner,Gtl,OldTown,Norm,Norm,1Fam,2Story,7,7,1885,2003,Mansard,CompShg,Stucco,Stucco,0.0,Gd,TA,Stone,TA,Fa,No,Unf,0.0,Unf,0,1240.0,1240,GasW,TA,N,SBrkr,1320.0,1320,0,2640.0,0,0,1,1,4,1,Gd,8,Typ,1,Gd,Detchd,1950.0,Unf,4,864.0,TA,TA,N,181,0,0,0,0,0,0,5,2009,WD,Normal,265979.0
749,20,RL,59.0,10593.0,Pave,IR1,Lvl,AllPub,Inside,Gtl,NoRidge,Norm,Norm,1Fam,1Story,7,5,1996,1996,Hip,CompShg,VinylSd,VinylSd,338.0,Gd,TA,PConc,Gd,TA,No,GLQ,919.0,Unf,0,801.0,1720,GasA,Ex,Y,SBrkr,1720.0,0,0,1720.0,1,0,2,0,3,1,Gd,7,Typ,1,TA,Attchd,1996.0,Fin,2,527.0,TA,TA,Y,240,56,0,0,0,0,0,3,2010,WD,Normal,260400.0
750,50,RL,50.0,8405.0,Pave,Reg,Lvl,AllPub,Inside,Gtl,Edwards,Norm,Norm,1Fam,1.5Fin,4,3,1945,1950,Gable,CompShg,WdShing,Wd Shng,0.0,TA,TA,Slab,None,None,None,None,0.0,None,0,0.0,42,Wall,TA,N,FuseF,1088.0,441,0,1529.0,0,0,2,0,4,1,TA,9,Mod,0,None,Detchd,1945.0,Unf,1,240.0,TA,TA,N,92,0,0,0,0,0,0,4,2009,WD,Normal,98000.0
751,50,RM,55.0,8800.0,Pave,Reg,Lvl,AllPub,Corner,Gtl,OldTown,Norm,Norm,1Fam,1.5Fin,4,7,1910,2004,Gable,CompShg,Wd Sdng,Wd Sdng,0.0,TA,TA,BrkTil,TA,Fa,No,Unf,0.0,Unf,0,576.0,576,GasA,Gd,Y,SBrkr,792.0,348,0,1140.0,0,0,1,0,3,1,TA,7,Min2,0,None,None,1893.5,None,0,0.0,None,None,N,0,160,0,0,0,0,0,6,2010,WD,Normal,96500.0
752,60,RL,65.0,7750.0,Pave,Reg,Lvl,AllPub,Inside,Gtl,Gilbert,RRAn,Norm,1Fam,2Story,7,5,2003,2003,Gable,CompShg,VinylSd,VinylSd,0.0,Gd,TA,PConc,Gd,TA,No,Unf,0.0,Unf,0,660.0,660,GasA,Ex,Y,SBrkr,660.0,660,0,1320.0,0,0,2,1,3,1,Gd,6,Typ,0,None,Attchd,2003.0,Fin,2,400.0,TA,TA,Y,0,48,0,0,0,0,0,8,2007,WD,Normal,162000.0
753,20,RL,79.0,9236.0,Pave,IR1,Lvl,AllPub,Inside,Gtl,CollgCr,Norm,Norm,1Fam,1Story,6,5,1997,1997,Gable,CompShg,VinylSd,VinylSd,0.0,TA,Gd,PConc,Gd,TA,Gd,GLQ,1200.0,Unf,0,279.0,1479,GasA,Ex,Y,SBrkr,1494.0,0,0,1494.0,1,0,2,0,3,1,Gd,6,Typ,0,None,Attchd,1997.0,RFn,2,576.0,TA,TA,Y,168,27,0,0,0,0,0,7,2006,WD,Normal,217000.0
754,60,RL,80.0,10240.0,Pave,Reg,Lvl,AllPub,Inside,Gtl,NridgHt,Norm,Norm,1Fam,2Story,8,5,2005,2005,Gable,CompShg,VinylSd,VinylSd,178.0,Gd,TA,PConc,Gd,TA,Mn,Unf,0.0,Unf,0,1030.0,1030,GasA,Gd,Y,SBrkr,1038.0,1060,0,2098.0,0,0,2,1,3,1,Ex,8,Typ,1,Gd,Attchd,2005.0,RFn,3,878.0,TA,TA,Y,192,52,0,0,0,0,0,3,2006,WD,Normal,275500.0
755,20,RL,61.0,7930.0,Pave,Reg,Lvl,AllPub,Inside,Gtl,NAmes,Norm,Norm,1Fam,1Story,6,8,1969,2005,Gable,CompShg,Plywood,Plywood,0.0,TA,TA,CBlock,TA,TA,No,GLQ,439.0,LwQ,0,115.0,1026,GasA,Gd,Y,SBrkr,1026.0,0,0,1026.0,1,0,1,0,3,1,Gd,5,Typ,0,None,Detchd,1969.0,RFn,2,440.0,TA,TA,Y,171,48,0,0,0,0,0,7,2009,WD,Normal,156000.0
756,160,FV,34.0,3230.0,Pave,Reg,Lvl,AllPub,Inside,Gtl,Somerst,Norm,Norm,TwnhsE,2Story,6,5,1999,1999,Gable,CompShg,MetalSd,MetalSd,410.625,TA,TA,PConc,Gd,TA,No,GLQ,381.0,Unf,0,348.0,729,GasA,Gd,Y,SBrkr,742.0,729,0,1471.0,0,0,2,1,3,1,TA,6,Typ,0,None,Detchd,1999.0,Unf,2,440.0,TA,TA,Y,0,24,0,0,0,0,0,3,2009,WD,Normal,172500.0
757,60,RL,68.0,10769.0,Pave,IR1,Lvl,AllPub,Inside,Gtl,CollgCr,Norm,Norm,1Fam,2Story,8,5,2007,2007,Gable,CompShg,VinylSd,VinylSd,0.0,Gd,TA,PConc,Gd,TA,Av,GLQ,20.0,Unf,0,846.0,866,GasA,Ex,Y,SBrkr,866.0,902,0,1768.0,0,0,2,1,3,1,Gd,7,Typ,0,None,Attchd,2007.0,RFn,2,578.0,TA,TA,Y,144,105,0,0,0,0,0,4,2009,WD,Normal,212000.0
758,60,RL,71.0,11616.0,Pave,IR1,Lvl,AllPub,CulDSac,Gtl,Sawyer,Norm,Norm,1Fam,2Story,6,5,1978,1978,Hip,CompShg,HdBoard,HdBoard,328.0,TA,TA,CBlock,TA,TA,Mn,Rec,438.0,Unf,0,234.0,672,GasA,TA,Y,SBrkr,672.0,714,0,1386.0,0,0,2,1,3,1,TA,6,Typ,1,TA,Attchd,1978.0,Fin,2,440.0,TA,TA,Y,335,0,0,0,0,0,0,4,2010,WD,Abnorml,158900.0
759,160,FV,30.0,2280.0,Pave,Reg,Lvl,AllPub,Inside,Gtl,Somerst,Norm,Norm,Twnhs,2Story,7,5,1999,1999,Gable,CompShg,MetalSd,MetalSd,360.0,TA,TA,PConc,Gd,TA,No,ALQ,549.0,Unf,0,195.0,744,GasA,Gd,Y,SBrkr,757.0,744,0,1501.0,0,0,2,1,3,1,TA,6,Typ,0,None,Detchd,1999.0,Unf,2,440.0,TA,TA,Y,0,0,0,0,0,0,0,8,2008,WD,Normal,179400.0
760,60,RL,65.0,12257.0,Pave,IR1,Lvl,AllPub,Inside,Gtl,NoRidge,Norm,Norm,1Fam,2Story,8,5,1995,1995,Gable,CompShg,VinylSd,VinylSd,410.625,Gd,TA,PConc,Gd,TA,Av,LwQ,56.0,ALQ,0,1198.0,1318,GasA,Ex,Y,SBrkr,1328.0,1203,0,2531.0,0,0,2,1,4,1,Gd,9,Typ,1,TA,Attchd,1995.0,RFn,3,752.0,TA,TA,Y,222,98,0,0,0,0,0,11,2007,WD,Normal,290000.0
761,20,RL,70.0,9100.0,Pave,Reg,Lvl,AllPub,Inside,Gtl,NAmes,Norm,Norm,1Fam,1Story,6,6,1959,1959,Hip,CompShg,Wd Sdng,Wd Sdng,0.0,TA,TA,CBlock,TA,TA,No,Rec,612.0,Unf,0,252.0,864,GasA,Ex,Y,SBrkr,864.0,0,0,864.0,0,0,1,0,2,1,TA,5,Typ,0,None,Detchd,2008.0,Unf,1,300.0,Ex,Ex,Y,0,0,0,0,0,0,450,10,2009,WD,Normal,127500.0
762,30,RM,60.0,6911.0,Pave,Reg,Lvl,AllPub,FR2,Gtl,BrkSide,Feedr,Norm,1Fam,1Story,5,5,1924,1950,Gable,CompShg,Wd Sdng,Wd Sdng,0.0,TA,TA,PConc,TA,TA,Mn,LwQ,405.0,Unf,0,740.0,1145,GasA,TA,Y,SBrkr,1301.0,0,0,1301.0,0,0,1,0,2,1,Fa,5,Min1,0,None,Detchd,1965.0,Unf,2,440.0,TA,TA,Y,0,0,0,0,0,0,0,10,2009,WD,Normal,100000.0
763,60,FV,72.0,8640.0,Pave,Reg,Lvl,AllPub,Inside,Gtl,Somerst,Norm,Norm,1Fam,2Story,7,5,2009,2009,Gable,CompShg,VinylSd,VinylSd,0.0,TA,TA,PConc,Gd,TA,Mn,GLQ,24.0,Unf,0,732.0,756,GasA,Ex,Y,SBrkr,764.0,783,0,1547.0,0,0,2,1,3,1,Gd,7,Typ,0,None,Attchd,2009.0,Unf,2,614.0,TA,TA,Y,169,45,0,0,0,0,0,6,2010,Con,Normal,215200.0
764,60,RL,82.0,9430.0,Pave,Reg,Lvl,AllPub,Inside,Gtl,NoRidge,Norm,Norm,1Fam,2Story,8,5,1999,1999,Gable,CompShg,VinylSd,VinylSd,410.625,Gd,TA,PConc,Gd,TA,Mn,GLQ,1163.0,Unf,0,89.0,1252,GasA,Ex,Y,SBrkr,1268.0,1097,0,2365.0,1,0,2,1,3,1,Gd,8,Typ,1,Gd,Attchd,1999.0,RFn,3,856.0,TA,TA,Y,0,128,0,0,0,0,0,7,2009,WD,Normal,337000.0
765,120,RL,30.0,9549.0,Pave,IR1,Lvl,AllPub,CulDSac,Gtl,Veenker,Norm,Norm,TwnhsE,1Story,8,5,1995,1996,Hip,CompShg,BrkFace,BrkFace,0.0,Gd,Gd,PConc,Gd,Gd,Av,LwQ,437.0,GLQ,0,0.0,1494,GasA,Ex,Y,SBrkr,1494.0,0,0,1494.0,1,0,1,1,2,1,Ex,6,Typ,1,Gd,Attchd,1995.0,Fin,2,481.0,TA,TA,Y,0,30,0,0,0,0,0,4,2006,WD,Normal,270000.0
766,20,RL,75.0,14587.0,Pave,IR1,Lvl,AllPub,Inside,Gtl,Somerst,Norm,Norm,1Fam,1Story,9,5,2008,2008,Gable,CompShg,VinylSd,VinylSd,284.0,Gd,TA,PConc,Gd,TA,No,Unf,0.0,Unf,0,1498.0,1498,GasA,Ex,Y,SBrkr,1506.0,0,0,1506.0,0,0,2,0,2,1,Ex,6,Typ,1,Gd,Attchd,2008.0,Fin,2,592.0,TA,TA,Y,0,170,0,0,0,0,0,8,2008,New,Partial,264132.0
767,60,RL,80.0,10421.0,Pave,Reg,Lvl,AllPub,Inside,Gtl,NWAmes,Norm,Norm,1Fam,2Story,7,5,1988,1988,Gable,CompShg,HdBoard,HdBoard,42.0,TA,TA,CBlock,Gd,TA,No,GLQ,394.0,Unf,0,586.0,980,GasA,TA,Y,SBrkr,980.0,734,0,1714.0,0,0,2,1,3,1,TA,7,Typ,1,TA,Attchd,1988.0,Unf,2,496.0,TA,TA,Y,228,66,0,0,0,0,500,3,2010,WD,Normal,196500.0
768,50,RL,75.0,12508.0,Pave,IR1,Lvl,AllPub,Inside,Gtl,Mitchel,Norm,Norm,1Fam,1.5Fin,6,7,1940,1985,Gable,CompShg,VinylSd,VinylSd,0.0,TA,TA,CBlock,Gd,TA,Mn,ALQ,660.0,Unf,0,323.0,983,GasA,Ex,Y,SBrkr,983.0,767,0,1750.0,1,0,2,0,4,1,TA,7,Mod,0,None,Attchd,1989.0,Unf,1,423.0,TA,TA,Y,245,0,0,0,0,0,1300,7,2008,WD,Normal,160000.0
769,20,RL,70.0,9100.0,Pave,Reg,Lvl,AllPub,Inside,Gtl,CollgCr,Norm,Norm,1Fam,1Story,7,5,2004,2005,Hip,CompShg,VinylSd,VinylSd,0.0,Gd,TA,PConc,Gd,TA,No,GLQ,24.0,Unf,0,1685.5,1860,GasA,Ex,Y,SBrkr,1836.0,0,0,1836.0,0,0,2,0,3,1,Gd,8,Typ,1,Gd,Attchd,2004.0,Fin,2,484.0,TA,TA,Y,120,33,0,0,0,0,0,10,2006,WD,Normal,216837.0
770,60,RL,47.0,17673.5,Pave,IR2,HLS,AllPub,CulDSac,Mod,StoneBr,Norm,Norm,1Fam,2Story,8,5,2003,2003,Hip,CompShg,CemntBd,Wd Shng,410.625,Ex,TA,PConc,Gd,TA,Gd,ALQ,1416.0,Unf,0,234.0,1650,GasA,Ex,Y,SBrkr,1690.0,1589,0,2747.625,1,0,3,1,4,1,Ex,12,Mod,1,Gd,BuiltIn,2003.0,Fin,3,841.0,TA,TA,Y,420,36,0,0,0,0,0,6,2010,WD,Normal,340037.5
771,85,RL,71.0,7252.0,Pave,IR1,Lvl,AllPub,CulDSac,Gtl,Sawyer,Norm,Norm,1Fam,SFoyer,5,5,1982,1982,Hip,CompShg,Wd Sdng,Wd Sdng,0.0,TA,TA,CBlock,Gd,TA,Av,GLQ,685.0,Unf,0,173.0,858,GasA,TA,Y,SBrkr,858.0,0,0,858.0,1,0,1,0,2,1,TA,5,Typ,0,None,Detchd,1983.0,Unf,2,576.0,TA,TA,Y,120,0,0,0,0,0,0,4,2009,WD,Normal,134900.0
772,20,RL,67.0,8877.0,Pave,Reg,Lvl,AllPub,Inside,Gtl,Edwards,Norm,Norm,1Fam,1Story,4,5,1951,1951,Gable,CompShg,Wd Sdng,Wd Sdng,0.0,TA,TA,CBlock,Fa,Fa,No,LwQ,836.0,Unf,0,0.0,836,GasA,TA,Y,FuseF,1220.0,0,0,1220.0,0,0,1,0,2,1,TA,6,Typ,0,None,Detchd,1951.0,Unf,2,396.0,TA,TA,Y,0,0,0,0,0,0,0,4,2006,COD,Normal,102000.0
773,80,RL,94.0,7819.0,Pave,Reg,Lvl,AllPub,Inside,Gtl,Edwards,Norm,Norm,1Fam,SLvl,6,5,1976,1976,Gable,CompShg,Plywood,Plywood,0.0,TA,TA,CBlock,TA,TA,Av,ALQ,422.0,BLQ,0,480.0,1029,GasA,TA,Y,SBrkr,1117.0,0,0,1117.0,1,0,1,0,3,1,TA,6,Typ,1,TA,Detchd,1976.0,Unf,2,672.0,TA,TA,Y,144,0,0,0,0,0,0,3,2010,WD,Abnorml,107000.0
774,20,RL,70.0,10150.0,Pave,Reg,Lvl,AllPub,Inside,Gtl,NAmes,Feedr,Norm,1Fam,1Story,5,5,1958,1958,Gable,CompShg,Wd Sdng,Wd Sdng,1.0,TA,TA,CBlock,TA,TA,No,Rec,456.0,Unf,0,456.0,912,GasA,Ex,Y,FuseA,912.0,0,0,912.0,0,0,1,0,2,1,TA,5,Typ,0,None,Attchd,1958.0,RFn,1,275.0,TA,TA,Y,0,0,0,0,0,0,0,7,2007,COD,Normal,114500.0
775,20,RL,110.0,14226.0,Pave,Reg,Lvl,AllPub,Corner,Gtl,NridgHt,Norm,Norm,1Fam,1Story,8,5,2006,2006,Hip,CompShg,VinylSd,VinylSd,375.0,Gd,TA,PConc,Gd,TA,Av,Unf,0.0,Unf,0,1685.5,1935,GasA,Gd,Y,SBrkr,1973.0,0,0,1973.0,0,0,2,0,3,1,Gd,9,Typ,1,Gd,Attchd,2006.0,Fin,3,895.0,TA,TA,Y,315,45,0,0,0,0,0,7,2007,New,Partial,340037.5
776,120,RM,32.0,4500.0,Pave,Reg,Lvl,AllPub,FR2,Gtl,Mitchel,Norm,Norm,TwnhsE,1Story,6,5,1998,1998,Hip,CompShg,VinylSd,VinylSd,320.0,TA,TA,PConc,Ex,TA,No,GLQ,866.0,Unf,0,338.0,1204,GasA,Ex,Y,SBrkr,1204.0,0,0,1204.0,1,0,2,0,2,1,TA,5,Typ,0,None,Attchd,1998.0,Fin,2,412.0,TA,TA,Y,0,170,0,0,0,0,0,6,2009,WD,Normal,162000.0
777,20,RL,86.0,11210.0,Pave,IR1,Lvl,AllPub,Inside,Gtl,CollgCr,Norm,Norm,1Fam,1Story,7,5,2005,2006,Gable,CompShg,VinylSd,VinylSd,240.0,Gd,TA,PConc,Gd,TA,Av,GLQ,20.0,Unf,0,1594.0,1614,GasA,Ex,Y,SBrkr,1614.0,0,0,1614.0,0,0,2,0,3,1,Gd,7,Typ,0,None,Attchd,2005.0,RFn,3,865.0,TA,TA,Y,144,59,0,0,0,0,0,7,2006,New,Partial,221500.0
778,20,RL,100.0,13350.0,Pave,IR1,Lvl,AllPub,Inside,Gtl,Sawyer,Norm,Norm,1Fam,1Story,5,5,1974,1974,Hip,CompShg,HdBoard,Plywood,0.0,TA,TA,CBlock,TA,TA,No,ALQ,762.0,Unf,0,102.0,864,GasA,TA,Y,SBrkr,894.0,0,0,894.0,1,0,1,0,3,1,TA,5,Typ,1,Fa,Attchd,1974.0,Unf,2,440.0,TA,TA,Y,241,0,0,0,0,0,0,6,2006,WD,Normal,142500.0
779,90,RH,60.0,8400.0,Pave,Reg,Lvl,AllPub,Inside,Gtl,SawyerW,Feedr,Norm,Duplex,1Story,5,5,1977,1977,Gable,CompShg,Plywood,Plywood,320.0,TA,TA,Slab,None,None,None,None,0.0,None,0,0.0,42,GasA,TA,Y,SBrkr,2020.0,0,0,2020.0,0,0,2,0,4,2,TA,10,Typ,2,TA,Detchd,1977.0,Unf,2,630.0,TA,TA,Y,0,0,0,0,0,0,0,10,2007,WD,Normal,144000.0
780,90,RL,78.0,10530.0,Pave,Reg,Lvl,AllPub,Inside,Gtl,Mitchel,Norm,Norm,Duplex,SFoyer,6,5,1977,1977,Gable,CompShg,Plywood,ImStucc,90.0,TA,TA,CBlock,Gd,TA,Gd,GLQ,975.0,Unf,0,0.0,975,GasA,TA,Y,SBrkr,1004.0,0,0,1004.0,1,0,1,0,2,1,TA,4,Typ,0,None,Attchd,1977.0,Unf,2,504.0,TA,TA,Y,0,0,0,0,0,0,0,5,2006,WD,Normal,135000.0
781,20,RL,63.0,7875.0,Pave,Reg,Lvl,AllPub,Inside,Gtl,Gilbert,Norm,Norm,1Fam,1Story,7,5,1995,1996,Gable,CompShg,HdBoard,HdBoard,38.0,TA,TA,PConc,Gd,Gd,No,Unf,0.0,Unf,0,1237.0,1237,GasA,Gd,Y,SBrkr,1253.0,0,0,1253.0,0,0,2,0,3,1,TA,6,Typ,1,TA,Attchd,1995.0,Fin,2,402.0,TA,TA,Y,220,21,0,0,0,0,0,6,2007,WD,Normal,176000.0
782,60,RL,65.0,7153.0,Pave,Reg,Lvl,AllPub,Inside,Gtl,SawyerW,Norm,Norm,1Fam,2Story,6,5,1992,1992,Gable,CompShg,VinylSd,VinylSd,0.0,Gd,Gd,PConc,Gd,TA,No,ALQ,387.0,Unf,0,374.0,761,GasA,Ex,Y,SBrkr,810.0,793,0,1603.0,0,0,2,1,3,1,Gd,7,Typ,0,None,Attchd,1992.0,RFn,2,484.0,TA,TA,Y,0,124,0,0,0,0,0,7,2006,WD,Normal,175900.0
783,20,RL,67.0,16285.0,Pave,IR2,Lvl,AllPub,Inside,Gtl,CollgCr,Norm,Norm,1Fam,1Story,7,5,2001,2002,Gable,CompShg,VinylSd,VinylSd,0.0,Gd,TA,PConc,Gd,TA,No,Unf,0.0,Unf,0,1413.0,1413,GasA,Ex,Y,SBrkr,1430.0,0,0,1430.0,0,0,2,0,3,1,Gd,6,Typ,0,None,Attchd,2001.0,RFn,2,605.0,TA,TA,Y,0,33,0,0,0,0,0,6,2009,WD,Normal,187100.0
784,85,RL,73.0,9101.0,Pave,IR1,Lvl,AllPub,Corner,Gtl,Mitchel,Norm,Norm,1Fam,SFoyer,5,6,1978,1978,Gable,CompShg,Plywood,Plywood,104.0,TA,Gd,PConc,Gd,TA,Av,GLQ,1097.0,Unf,0,0.0,1097,GasA,Ex,Y,SBrkr,1110.0,0,0,1110.0,1,0,1,0,1,1,Gd,4,Typ,1,TA,Attchd,1978.0,Fin,2,602.0,TA,TA,Y,303,30,0,0,0,0,0,7,2009,WD,Normal,165500.0
785,75,RM,35.0,6300.0,Pave,Reg,Lvl,AllPub,Inside,Gtl,OldTown,Norm,Norm,1Fam,2.5Unf,6,6,1914,2001,Gable,CompShg,Wd Sdng,Wd Shng,0.0,TA,TA,CBlock,TA,TA,No,Unf,0.0,Unf,0,742.0,742,GasA,Ex,Y,SBrkr,742.0,742,0,1484.0,0,0,2,0,3,1,TA,9,Typ,1,Gd,None,1893.5,None,0,0.0,None,None,Y,0,170,0,0,0,0,0,6,2008,WD,Normal,128000.0
786,20,RL,80.0,9790.0,Pave,Reg,Lvl,AllPub,Inside,Gtl,NWAmes,Feedr,Norm,1Fam,1Story,6,5,1967,1967,Gable,CompShg,BrkFace,Wd Sdng,0.0,TA,TA,CBlock,TA,TA,No,Rec,251.0,LwQ,0,491.0,1372,GasA,TA,Y,SBrkr,1342.0,0,0,1342.0,0,0,2,0,3,1,TA,7,Typ,1,Gd,Attchd,1967.0,Unf,2,457.0,TA,TA,Y,0,0,0,0,0,0,0,9,2009,WD,Normal,161500.0
787,50,RM,60.0,10800.0,Pave,Reg,Lvl,AllPub,Inside,Gtl,OldTown,Artery,Norm,1Fam,1.5Fin,5,6,1915,1950,Gable,CompShg,MetalSd,MetalSd,0.0,TA,Gd,PConc,Fa,TA,No,LwQ,686.0,Unf,0,0.0,686,GasA,TA,Y,SBrkr,966.0,686,0,1652.0,1,0,2,0,4,1,TA,7,Typ,0,None,Detchd,1961.0,Unf,1,416.0,TA,TA,Y,0,0,0,0,0,0,1200,6,2010,WD,Normal,139000.0
788,60,RL,76.0,10142.0,Pave,IR1,Lvl,AllPub,Inside,Gtl,SawyerW,Norm,Norm,1Fam,2Story,7,5,2004,2004,Gable,CompShg,VinylSd,VinylSd,0.0,Gd,TA,PConc,Gd,TA,No,GLQ,656.0,Unf,0,300.0,956,GasA,Ex,Y,SBrkr,956.0,1128,0,2084.0,1,0,2,1,4,1,Gd,8,Typ,0,None,BuiltIn,2004.0,RFn,2,618.0,TA,TA,Y,0,45,0,0,0,0,0,1,2010,WD,Normal,233000.0
789,20,RM,50.0,6000.0,Pave,Reg,Lvl,AllPub,Corner,Gtl,OldTown,Norm,Norm,1Fam,1Story,4,7,1954,2000,Gable,CompShg,MetalSd,MetalSd,0.0,TA,TA,CBlock,TA,TA,No,Unf,0.0,Unf,0,901.0,901,GasA,Ex,Y,SBrkr,901.0,0,0,901.0,0,0,1,0,2,1,TA,4,Typ,0,None,Detchd,1954.0,Unf,1,281.0,Fa,TA,Y,0,0,0,0,0,0,0,8,2008,WD,Normal,107900.0
790,60,RL,80.0,12205.0,Pave,IR1,Low,AllPub,Inside,Gtl,ClearCr,Norm,Norm,1Fam,2Story,6,8,1966,2007,Gable,CompShg,HdBoard,HdBoard,157.0,TA,TA,CBlock,TA,Fa,Gd,LwQ,568.0,Unf,0,264.0,832,GasA,Gd,Y,SBrkr,976.0,1111,0,2087.0,0,0,2,1,5,1,Gd,9,Typ,0,None,Attchd,1966.0,Fin,2,444.0,TA,TA,Y,133,168,0,0,0,0,0,7,2007,WD,Normal,187500.0
791,120,RL,43.0,3182.0,Pave,Reg,Lvl,AllPub,Inside,Gtl,Blmngtn,Norm,Norm,TwnhsE,1Story,7,5,2005,2006,Gable,CompShg,VinylSd,VinylSd,11.0,Gd,TA,PConc,Gd,TA,No,GLQ,16.0,Unf,0,1129.0,1145,GasA,Ex,Y,SBrkr,1145.0,0,0,1145.0,0,0,2,0,2,1,Gd,5,Typ,1,Gd,Attchd,2005.0,Fin,2,397.0,TA,TA,Y,100,16,0,0,0,0,0,9,2009,WD,Normal,160200.0
792,80,RL,73.0,11333.0,Pave,IR1,Lvl,AllPub,Corner,Gtl,Mitchel,Norm,Norm,1Fam,SLvl,6,5,1976,1976,Gable,CompShg,HdBoard,HdBoard,0.0,TA,TA,PConc,Gd,TA,Av,ALQ,539.0,Unf,0,490.0,1029,GasA,TA,Y,SBrkr,1062.0,0,0,1062.0,1,0,1,0,3,1,TA,5,Typ,2,TA,Attchd,1976.0,RFn,2,539.0,TA,TA,Y,120,0,0,0,0,0,0,5,2007,WD,Normal,146800.0
793,60,RL,92.0,9920.0,Pave,IR1,Lvl,AllPub,CulDSac,Gtl,NoRidge,Norm,Norm,1Fam,2Story,7,5,1996,1997,Gable,CompShg,MetalSd,MetalSd,0.0,Gd,TA,PConc,Gd,TA,Av,GLQ,862.0,Unf,0,255.0,1117,GasA,Ex,Y,SBrkr,1127.0,886,0,2013.0,1,0,2,1,3,1,TA,8,Typ,1,TA,Attchd,1997.0,Unf,2,455.0,TA,TA,Y,180,130,0,0,0,0,0,6,2007,WD,Normal,269790.0
794,20,RL,76.0,9158.0,Pave,Reg,Lvl,AllPub,Inside,Gtl,Somerst,Norm,Norm,1Fam,1Story,8,5,2007,2007,Gable,CompShg,CemntBd,CmentBd,140.0,Gd,TA,PConc,Gd,TA,Av,Unf,0.0,Unf,0,1496.0,1496,GasA,Ex,Y,SBrkr,1496.0,0,0,1496.0,0,0,2,0,3,1,Gd,7,Typ,0,None,Attchd,2007.0,Fin,2,474.0,TA,TA,Y,168,130,0,0,0,0,0,6,2007,New,Partial,225000.0
795,60,RL,65.0,10832.0,Pave,IR1,Lvl,AllPub,Corner,Gtl,Gilbert,Norm,Norm,1Fam,2Story,7,5,1994,1996,Gable,CompShg,MetalSd,MetalSd,0.0,Gd,TA,PConc,Gd,TA,No,Unf,0.0,Unf,0,712.0,712,GasA,Ex,Y,SBrkr,1086.0,809,0,1895.0,0,0,2,1,3,1,Gd,7,Typ,1,TA,Attchd,1994.0,Fin,2,409.0,TA,TA,Y,143,46,0,0,0,0,500,10,2008,WD,Normal,194500.0
796,60,RL,70.0,8400.0,Pave,Reg,Lvl,AllPub,Inside,Gtl,SawyerW,Norm,Norm,1Fam,2Story,6,6,1980,1981,Gable,CompShg,HdBoard,HdBoard,130.0,TA,TA,CBlock,Gd,TA,No,Unf,0.0,Unf,0,650.0,650,GasA,TA,Y,SBrkr,888.0,676,0,1564.0,0,0,2,1,3,1,TA,7,Typ,1,TA,Attchd,1980.0,Unf,2,476.0,TA,TA,Y,0,50,0,0,0,0,0,4,2010,WD,Normal,171000.0
797,20,RL,71.0,8197.0,Pave,Reg,Lvl,AllPub,Inside,Gtl,Sawyer,Norm,Norm,1Fam,1Story,6,5,1977,1977,Gable,CompShg,Plywood,Plywood,148.0,TA,TA,CBlock,TA,TA,No,Unf,0.0,Unf,0,660.0,660,GasA,Ex,Y,SBrkr,1285.0,0,0,1285.0,0,0,1,1,3,1,TA,7,Typ,1,TA,Attchd,1977.0,RFn,2,528.0,TA,TA,Y,138,0,0,0,0,0,0,4,2007,WD,Normal,143500.0
798,20,RL,57.0,7677.0,Pave,Reg,Lvl,AllPub,Inside,Gtl,NAmes,Norm,Norm,1Fam,1Story,5,5,1953,1953,Gable,CompShg,VinylSd,VinylSd,0.0,TA,TA,CBlock,TA,TA,No,BLQ,570.0,Unf,0,203.0,773,GasA,Gd,Y,SBrkr,773.0,0,0,773.0,0,0,1,0,2,1,TA,4,Typ,0,None,Attchd,1953.0,Unf,1,240.0,TA,TA,Y,0,0,0,0,0,0,0,4,2008,WD,Abnorml,110000.0
799,60,RL,104.0,13518.0,Pave,Reg,Lvl,AllPub,Inside,Gtl,NridgHt,Norm,Norm,1Fam,2Story,9,5,2008,2009,Hip,CompShg,VinylSd,VinylSd,410.625,Ex,TA,PConc,Ex,TA,No,Unf,0.0,Unf,0,1685.5,1926,GasA,Ex,Y,SBrkr,1966.0,1174,0,2747.625,0,0,3,1,4,1,Ex,11,Typ,2,Gd,BuiltIn,2009.0,Fin,3,820.0,TA,TA,Y,144,78,0,0,0,0,0,7,2009,New,Partial,340037.5
800,50,RL,60.0,7200.0,Pave,Reg,Lvl,AllPub,Corner,Gtl,SWISU,Feedr,Norm,1Fam,1.5Fin,5,7,1937,1950,Gable,CompShg,Wd Sdng,Wd Sdng,252.0,TA,TA,BrkTil,Gd,TA,No,ALQ,569.0,Unf,0,162.0,731,GasA,Ex,Y,SBrkr,981.0,787,0,1768.0,1,0,1,1,3,1,Gd,7,Typ,2,TA,Detchd,1939.0,Unf,1,240.0,TA,TA,Y,0,0,0,0,0,0,0,6,2007,WD,Normal,175000.0
801,60,RL,79.0,12798.0,Pave,IR1,HLS,AllPub,Inside,Mod,ClearCr,Feedr,Norm,1Fam,2Story,6,5,1997,1997,Gable,CompShg,VinylSd,VinylSd,0.0,TA,TA,PConc,Gd,TA,Gd,GLQ,462.0,Unf,0,154.0,616,GasA,Gd,Y,SBrkr,616.0,1072,0,1688.0,1,0,2,1,4,1,Gd,8,Typ,0,None,Attchd,1997.0,RFn,2,603.0,TA,TA,Y,403,114,0,0,0,0,400,5,2008,WD,Normal,200000.0
802,30,RM,40.0,4800.0,Pave,Reg,Lvl,AllPub,Inside,Gtl,IDOTRR,Norm,Norm,1Fam,1Story,4,7,1916,1990,Gable,CompShg,MetalSd,MetalSd,0.0,TA,TA,CBlock,TA,TA,No,LwQ,197.0,Unf,0,999.0,1196,GasA,Ex,Y,FuseA,1196.0,0,0,1196.0,1,0,1,0,2,1,TA,5,Typ,0,None,Detchd,1957.0,Unf,2,440.0,TA,TA,Y,0,0,0,0,0,0,0,7,2007,WD,Normal,109900.0
803,60,RL,63.0,8199.0,Pave,Reg,Lvl,AllPub,Inside,Gtl,CollgCr,Norm,Norm,1Fam,2Story,7,5,2005,2005,Gable,CompShg,WdShing,Wd Shng,0.0,Gd,TA,PConc,Gd,TA,Av,GLQ,648.0,Unf,0,80.0,728,GasA,Ex,Y,SBrkr,728.0,728,0,1456.0,1,0,2,1,3,1,Gd,7,Typ,1,Gd,Attchd,2005.0,Fin,2,410.0,TA,TA,Y,36,18,0,0,0,0,0,10,2008,WD,Normal,189000.0
804,60,RL,107.0,13891.0,Pave,Reg,Lvl,AllPub,Inside,Gtl,NridgHt,Norm,Norm,1Fam,2Story,9,5,2008,2009,Hip,CompShg,VinylSd,VinylSd,410.625,Ex,TA,PConc,Ex,TA,Gd,Unf,0.0,Unf,0,1685.5,1734,GasA,Ex,Y,SBrkr,1734.0,1088,0,2747.625,0,0,3,1,4,1,Ex,12,Typ,1,Gd,BuiltIn,2009.0,RFn,3,938.25,TA,TA,Y,52,170,0,0,0,0,0,1,2009,New,Partial,340037.5
805,20,RL,75.0,9000.0,Pave,Reg,Lvl,AllPub,Inside,Gtl,NAmes,Norm,Norm,1Fam,1Story,5,5,1954,1954,Gable,CompShg,Wd Sdng,Wd Sdng,0.0,TA,TA,CBlock,TA,TA,No,LwQ,812.0,Unf,0,124.0,936,GasA,TA,Y,SBrkr,1128.0,0,0,1128.0,0,0,1,0,2,1,TA,5,Min1,0,None,Attchd,1954.0,Unf,1,286.0,TA,TA,Y,0,0,0,0,0,0,0,6,2006,WD,Family,118000.0
806,20,RL,91.0,12274.0,Pave,IR1,Lvl,AllPub,FR2,Gtl,Somerst,Norm,Norm,1Fam,1Story,7,5,2008,2008,Gable,CompShg,VinylSd,VinylSd,256.0,Gd,TA,PConc,Gd,TA,No,Unf,0.0,Unf,0,1417.0,1417,GasA,Ex,Y,SBrkr,1428.0,0,0,1428.0,0,0,2,0,3,1,Ex,6,Typ,0,None,Attchd,2008.0,RFn,2,554.0,TA,TA,Y,0,60,0,0,0,0,0,7,2008,New,Partial,227680.0
807,80,RL,75.0,9750.0,Pave,Reg,Lvl,AllPub,Inside,Gtl,NAmes,Norm,Norm,1Fam,SLvl,5,5,1967,1967,Gable,CompShg,VinylSd,VinylSd,0.0,TA,TA,PConc,TA,TA,Av,ALQ,400.0,Rec,0,100.0,980,GasA,Gd,Y,SBrkr,980.0,0,0,980.0,0,0,2,0,3,1,TA,6,Typ,0,None,Attchd,1967.0,Fin,1,384.0,TA,TA,Y,68,0,0,0,0,0,0,10,2006,WD,Normal,135500.0
808,70,RL,110.0,17673.5,Pave,Reg,Lvl,AllPub,Inside,Gtl,BrkSide,Norm,Norm,1Fam,2Story,5,6,1923,2004,Gable,CompShg,Wd Sdng,Wd Sdng,0.0,TA,TA,CBlock,TA,TA,Gd,GLQ,1309.0,Unf,0,15.0,1324,GasA,Ex,Y,SBrkr,1072.0,504,0,1576.0,2,0,1,1,3,1,Gd,6,Typ,1,TA,Attchd,1923.0,RFn,2,528.0,TA,TA,Y,0,170,0,0,0,0,0,5,2009,WD,Normal,223500.0
809,80,RL,85.0,13400.0,Pave,Reg,Lvl,AllPub,Inside,Gtl,NAmes,Norm,Norm,1Fam,SLvl,5,5,1966,1966,Gable,CompShg,VinylSd,VinylSd,410.625,TA,TA,CBlock,TA,TA,Av,ALQ,516.0,BLQ,0,380.0,1024,GasA,TA,Y,SBrkr,1086.0,0,0,1086.0,1,0,1,0,3,1,TA,6,Typ,1,Gd,Attchd,1966.0,RFn,2,484.0,TA,TA,Y,0,0,0,0,0,0,0,6,2006,WD,Normal,159950.0
810,75,RM,90.0,8100.0,Pave,Reg,Lvl,AllPub,Corner,Gtl,OldTown,Norm,Norm,1Fam,2.5Unf,5,5,1898,1965,Hip,CompShg,AsbShng,AsbShng,0.0,TA,TA,PConc,TA,TA,No,Unf,0.0,Unf,0,849.0,849,GasA,TA,N,FuseA,1075.0,1063,0,2138.0,0,0,2,0,2,3,TA,11,Typ,0,None,Detchd,1910.0,Unf,2,360.0,Fa,Po,N,40,156,0,0,0,0,0,11,2009,WD,Normal,106000.0
811,20,RL,78.0,10140.0,Pave,Reg,Lvl,AllPub,Inside,Gtl,NWAmes,Norm,Norm,1Fam,1Story,6,6,1974,1999,Hip,CompShg,HdBoard,HdBoard,99.0,TA,TA,CBlock,TA,TA,No,ALQ,663.0,LwQ,0,0.0,1040,GasA,Fa,Y,SBrkr,1309.0,0,0,1309.0,1,0,1,1,3,1,Gd,5,Typ,1,Fa,Attchd,1974.0,RFn,2,484.0,TA,TA,Y,265,0,0,0,0,648,0,1,2006,WD,Normal,181000.0
812,120,RM,70.0,4438.0,Pave,Reg,Lvl,AllPub,Inside,Gtl,CollgCr,Norm,Norm,TwnhsE,1Story,6,5,2004,2004,Gable,CompShg,VinylSd,VinylSd,169.0,Gd,TA,PConc,Gd,TA,Gd,GLQ,662.0,Unf,0,186.0,848,GasA,Ex,Y,SBrkr,848.0,0,0,848.0,1,0,1,0,1,1,Gd,4,Typ,1,Gd,Attchd,2004.0,Fin,2,420.0,TA,TA,Y,140,0,0,0,0,0,0,6,2008,ConLD,Normal,144500.0
813,20,C (all),66.0,8712.0,Grvl,Reg,Bnk,AllPub,Inside,Mod,IDOTRR,Norm,Norm,1Fam,1Story,5,5,1952,1952,Hip,CompShg,Wd Sdng,Wd Sdng,0.0,Fa,TA,CBlock,TA,TA,Av,Unf,0.0,Unf,0,540.0,540,GasA,TA,N,FuseA,1044.0,0,0,1044.0,0,0,1,0,2,1,Fa,4,Typ,0,None,Basment,1952.0,Unf,2,504.0,TA,TA,N,0,0,0,0,0,0,54,6,2010,WD,Alloca,55993.0
814,20,RL,75.0,9750.0,Pave,Reg,Lvl,AllPub,Inside,Gtl,NAmes,Norm,Norm,1Fam,1Story,6,6,1958,1958,Gable,CompShg,MetalSd,MetalSd,243.0,TA,TA,CBlock,TA,TA,No,Rec,608.0,Unf,0,834.0,1442,GasA,Gd,Y,SBrkr,1442.0,0,0,1442.0,0,0,1,1,4,1,TA,7,Typ,0,None,Attchd,1958.0,RFn,1,301.0,TA,TA,Y,0,0,0,0,0,0,500,4,2007,COD,Normal,157900.0
815,50,RL,45.0,8248.0,Pave,Reg,Lvl,AllPub,Inside,Gtl,Edwards,Norm,Norm,1Fam,1.5Fin,5,7,1918,1950,Gable,CompShg,Stucco,Stucco,0.0,TA,TA,BrkTil,TA,TA,No,Unf,0.0,Unf,0,686.0,686,GasW,Gd,Y,SBrkr,686.0,564,0,1250.0,0,1,1,1,3,1,Fa,7,Typ,0,None,Detchd,1955.0,Unf,1,280.0,TA,TA,P,207,0,0,0,0,0,0,7,2006,WD,Normal,116000.0
816,20,RL,48.0,12137.0,Pave,IR2,Lvl,AllPub,CulDSac,Gtl,CollgCr,Norm,Norm,1Fam,1Story,7,5,1998,1998,Gable,CompShg,VinylSd,VinylSd,410.625,TA,TA,PConc,Gd,TA,No,Unf,0.0,Unf,0,1649.0,1649,GasA,Ex,Y,SBrkr,1661.0,0,0,1661.0,0,0,2,0,3,1,Gd,6,Typ,0,None,Attchd,1998.0,RFn,2,598.0,TA,TA,Y,0,34,0,0,0,0,0,5,2010,WD,Normal,224900.0
817,20,RL,73.0,11425.0,Pave,IR1,Lvl,AllPub,Corner,Gtl,NAmes,Norm,Norm,1Fam,1Story,5,6,1954,1954,Gable,CompShg,BrkFace,BrkFace,0.0,TA,TA,CBlock,TA,TA,No,BLQ,486.0,Unf,0,522.0,1008,GasA,Gd,Y,SBrkr,1008.0,0,0,1008.0,0,0,1,0,2,1,TA,4,Typ,1,Gd,Attchd,1954.0,RFn,1,275.0,TA,TA,Y,0,0,0,0,0,0,0,7,2006,WD,Normal,137000.0
818,20,RL,73.0,13265.0,Pave,IR1,Lvl,AllPub,CulDSac,Gtl,Mitchel,Norm,Norm,1Fam,1Story,8,5,2002,2002,Hip,CompShg,CemntBd,CmentBd,148.0,Gd,TA,PConc,Gd,TA,No,GLQ,1218.0,Unf,0,350.0,1568,GasA,Ex,Y,SBrkr,1689.0,0,0,1689.0,1,0,2,0,3,1,Gd,7,Typ,2,Gd,Attchd,2002.0,RFn,3,857.0,TA,TA,Y,150,59,0,0,0,0,0,7,2008,WD,Normal,271000.0
819,80,RL,80.0,8816.0,Pave,Reg,Lvl,AllPub,Inside,Gtl,ClearCr,Norm,Norm,1Fam,SLvl,6,7,1971,1971,Gable,CompShg,HdBoard,HdBoard,80.0,TA,TA,CBlock,TA,TA,Av,GLQ,504.0,Unf,0,506.0,1010,GasA,Gd,Y,SBrkr,1052.0,0,0,1052.0,1,0,1,0,3,1,TA,6,Typ,0,None,Attchd,1971.0,Unf,2,440.0,TA,TA,Y,0,0,0,0,0,0,0,6,2010,WD,Normal,155000.0
820,120,RL,44.0,6371.0,Pave,IR1,Lvl,AllPub,Inside,Gtl,NridgHt,Norm,Norm,TwnhsE,1Story,7,5,2009,2010,Gable,CompShg,VinylSd,VinylSd,128.0,Gd,TA,PConc,Gd,TA,Mn,GLQ,733.0,Unf,0,625.0,1358,GasA,Ex,Y,SBrkr,1358.0,0,0,1358.0,1,0,2,0,2,1,Gd,6,Typ,1,Gd,Attchd,2010.0,RFn,2,484.0,TA,TA,Y,192,35,0,0,0,0,0,6,2010,New,Partial,224000.0
821,60,RL,72.0,7226.0,Pave,IR1,Lvl,AllPub,CulDSac,Gtl,CollgCr,Norm,Norm,1Fam,2Story,7,5,2003,2003,Gable,CompShg,VinylSd,VinylSd,0.0,Gd,TA,PConc,Gd,TA,No,Unf,0.0,Unf,0,798.0,798,GasA,Ex,Y,SBrkr,798.0,842,0,1640.0,0,0,2,1,3,1,Gd,6,Typ,0,None,Attchd,2003.0,RFn,2,595.0,TA,TA,Y,0,45,0,0,0,0,0,6,2008,WD,Normal,183000.0
822,20,RM,60.0,6000.0,Pave,Reg,Bnk,AllPub,Inside,Mod,OldTown,Norm,Norm,2fmCon,1Story,4,4,1953,1953,Gable,CompShg,MetalSd,MetalSd,0.0,Fa,TA,CBlock,Fa,TA,No,Unf,0.0,Unf,0,936.0,936,GasA,TA,N,SBrkr,936.0,0,0,936.0,0,0,1,0,2,1,TA,4,Min2,0,None,Detchd,1974.0,Unf,2,576.0,TA,TA,Y,0,32,0,0,0,0,0,2,2009,WD,Normal,93000.0
823,60,RL,65.0,12394.0,Pave,IR1,Lvl,AllPub,Corner,Gtl,Gilbert,Norm,Norm,1Fam,2Story,7,5,2003,2003,Gable,CompShg,VinylSd,VinylSd,0.0,Gd,TA,PConc,Gd,TA,Gd,Unf,0.0,Unf,0,847.0,847,GasA,Ex,Y,SBrkr,847.0,886,0,1733.0,0,0,2,1,3,1,Gd,7,Typ,1,Gd,BuiltIn,2003.0,Fin,2,433.0,TA,TA,Y,100,48,0,0,0,0,0,10,2007,WD,Family,225000.0
824,50,RL,60.0,9900.0,Pave,Reg,Lvl,AllPub,Inside,Gtl,SWISU,Norm,Norm,1Fam,1.5Fin,6,7,1940,1950,Gable,CompShg,VinylSd,VinylSd,0.0,TA,TA,BrkTil,TA,TA,No,Unf,0.0,Unf,0,778.0,778,GasA,TA,Y,SBrkr,944.0,545,0,1489.0,0,0,2,0,3,1,TA,7,Typ,1,Gd,Detchd,1940.0,Unf,1,240.0,TA,TA,Y,335,0,0,0,0,0,0,7,2009,WD,Normal,139500.0
825,20,FV,81.0,11216.0,Pave,Reg,Lvl,AllPub,Inside,Gtl,Somerst,Norm,Norm,1Fam,1Story,8,5,2006,2006,Gable,CompShg,VinylSd,VinylSd,0.0,Gd,TA,PConc,Gd,Gd,No,Unf,0.0,Unf,0,1489.0,1489,GasA,Ex,Y,SBrkr,1489.0,0,0,1489.0,0,0,2,0,3,1,Gd,7,Typ,1,Gd,Attchd,2006.0,RFn,2,776.0,TA,TA,Y,0,140,0,0,0,0,0,6,2006,New,Partial,232600.0
826,20,RL,110.0,14803.0,Pave,Reg,Lvl,AllPub,Inside,Gtl,NridgHt,PosN,PosN,1Fam,1Story,10,5,2007,2008,Hip,CompShg,CemntBd,CmentBd,410.625,Ex,TA,PConc,Ex,TA,Av,GLQ,1636.0,Unf,0,442.0,2052,GasA,Ex,Y,SBrkr,2084.0,0,0,2084.0,1,0,2,0,2,1,Ex,7,Typ,1,Gd,Attchd,2007.0,Fin,3,938.25,TA,TA,Y,188,45,0,0,0,0,0,6,2008,New,Partial,340037.5
827,45,RM,50.0,6130.0,Pave,Reg,Lvl,AllPub,Inside,Gtl,BrkSide,Norm,Norm,1Fam,1.5Unf,5,6,1924,1950,Gable,CompShg,MetalSd,MetalSd,0.0,TA,TA,BrkTil,TA,TA,No,ALQ,784.0,Unf,0,0.0,784,GasA,Gd,Y,SBrkr,784.0,0,0,784.0,1,0,1,0,2,1,Gd,5,Typ,0,None,None,1893.5,None,0,0.0,None,None,Y,0,0,0,0,0,0,0,5,2008,WD,Normal,109500.0
828,20,RL,65.0,8529.0,Pave,IR1,Lvl,AllPub,Inside,Gtl,SawyerW,Norm,Norm,1Fam,1Story,7,5,2001,2001,Gable,CompShg,VinylSd,VinylSd,0.0,Gd,TA,PConc,Gd,TA,No,GLQ,20.0,Unf,0,1434.0,1454,GasA,Ex,Y,SBrkr,1434.0,0,0,1434.0,0,0,2,0,3,1,Gd,6,Typ,1,TA,Attchd,2001.0,RFn,2,527.0,TA,TA,Y,290,39,0,0,0,0,0,4,2009,WD,Normal,189000.0
829,60,RL,80.0,17673.5,Pave,IR2,Low,AllPub,CulDSac,Sev,ClearCr,Norm,Norm,1Fam,2Story,5,5,1967,1967,Flat,Tar&Grv,Plywood,Plywood,0.0,TA,TA,PConc,TA,Gd,Gd,LwQ,249.0,ALQ,0,0.0,1013,GasA,TA,Y,SBrkr,1160.0,966,0,2126.0,0,1,2,1,3,1,TA,7,Min2,0,None,Attchd,1967.0,Fin,2,538.0,TA,TA,Y,420,0,0,0,0,0,0,6,2009,WD,Abnorml,185000.0
830,160,FV,30.0,2544.0,Pave,Reg,Lvl,AllPub,Inside,Gtl,Somerst,Norm,Norm,Twnhs,2Story,7,5,2005,2005,Gable,CompShg,MetalSd,MetalSd,0.0,Gd,TA,PConc,Gd,TA,No,Unf,0.0,Unf,0,600.0,600,GasA,Ex,Y,SBrkr,520.0,623,80,1223.0,0,0,2,1,2,1,Gd,4,Typ,0,None,Detchd,2005.0,RFn,2,480.0,TA,TA,Y,0,166,0,0,0,0,0,7,2006,WD,Normal,147400.0
831,20,RL,80.0,11900.0,Pave,IR1,Lvl,AllPub,Corner,Gtl,NAmes,Norm,Norm,1Fam,1Story,6,5,1957,1957,Gable,CompShg,HdBoard,HdBoard,387.0,TA,TA,CBlock,TA,TA,No,Rec,1040.0,Unf,0,352.0,1392,GasA,TA,Y,FuseA,1392.0,0,0,1392.0,1,0,1,1,3,1,TA,6,Typ,2,Gd,Attchd,1957.0,RFn,2,458.0,TA,TA,Y,0,0,0,0,0,0,0,6,2008,WD,Normal,166000.0
832,160,FV,30.0,3180.0,Pave,Reg,Lvl,AllPub,Inside,Gtl,Somerst,Norm,Norm,TwnhsE,2Story,7,5,2005,2005,Gable,CompShg,MetalSd,MetalSd,0.0,TA,TA,PConc,Gd,TA,No,Unf,0.0,Unf,0,600.0,600,GasA,Ex,Y,SBrkr,520.0,600,80,1200.0,0,0,2,1,2,1,Gd,4,Typ,0,None,Detchd,2005.0,RFn,2,480.0,TA,TA,Y,0,166,0,0,0,0,0,6,2006,WD,Normal,151000.0
833,60,RL,44.0,9548.0,Pave,IR1,Lvl,AllPub,CulDSac,Gtl,CollgCr,Norm,Norm,1Fam,2Story,7,6,2003,2003,Gable,CompShg,VinylSd,VinylSd,223.0,Gd,TA,PConc,Gd,TA,No,GLQ,483.0,Unf,0,458.0,941,GasA,Ex,Y,SBrkr,941.0,888,0,1829.0,1,0,2,1,3,1,Gd,7,Typ,1,TA,Attchd,2003.0,RFn,2,613.0,TA,TA,Y,192,39,0,0,0,0,0,1,2010,WD,Normal,237000.0
834,20,RL,100.0,10004.0,Pave,Reg,Lvl,AllPub,Inside,Gtl,NAmes,Norm,Norm,1Fam,1Story,6,6,1964,1964,Gable,CompShg,HdBoard,Plywood,180.0,TA,TA,CBlock,TA,TA,No,Rec,196.0,BLQ,0,975.0,1516,GasA,TA,Y,SBrkr,1516.0,0,0,1516.0,0,0,1,1,3,1,TA,6,Typ,0,None,Attchd,1964.0,RFn,2,472.0,TA,TA,Y,0,0,0,0,0,0,0,2,2009,WD,Normal,167000.0
835,20,RL,75.0,7875.0,Pave,Reg,Lvl,AllPub,Inside,Gtl,NAmes,Norm,Norm,1Fam,1Story,5,6,1961,1961,Gable,CompShg,VinylSd,VinylSd,136.0,TA,TA,CBlock,TA,TA,No,Rec,572.0,Unf,0,572.0,1144,GasA,Gd,Y,SBrkr,1144.0,0,0,1144.0,1,0,1,0,3,1,TA,6,Typ,0,None,Attchd,1961.0,Unf,2,456.0,TA,TA,Y,0,0,0,0,0,0,0,9,2008,WD,Normal,139950.0
836,20,RL,60.0,9600.0,Pave,Reg,Lvl,AllPub,Inside,Gtl,Sawyer,Norm,Norm,1Fam,1Story,4,7,1950,1995,Gable,CompShg,VinylSd,HdBoard,0.0,TA,TA,CBlock,Gd,TA,No,BLQ,442.0,Unf,0,625.0,1067,GasA,TA,Y,SBrkr,1067.0,0,0,1067.0,0,0,2,0,2,1,Gd,4,Min2,0,None,Attchd,1996.0,Unf,2,436.0,TA,TA,Y,290,0,0,0,0,0,0,2,2010,WD,Normal,128000.0
837,30,RM,90.0,8100.0,Pave,Reg,Lvl,AllPub,Inside,Gtl,OldTown,Norm,Norm,1Fam,1Story,5,6,1948,1973,Gable,CompShg,VinylSd,VinylSd,0.0,TA,TA,BrkTil,TA,TA,No,Rec,338.0,Unf,0,1221.0,1559,GasA,Gd,Y,SBrkr,1559.0,0,0,1559.0,1,0,1,0,2,1,TA,5,Min2,0,None,Detchd,1948.0,Unf,2,812.0,TA,TA,Y,0,116,0,0,0,0,0,6,2007,COD,Normal,153500.0
838,160,RM,30.0,1680.0,Pave,Reg,Lvl,AllPub,Inside,Gtl,BrDale,Norm,Norm,Twnhs,2Story,6,5,1973,1973,Gable,CompShg,HdBoard,HdBoard,158.0,TA,TA,CBlock,TA,TA,No,BLQ,330.0,Unf,0,153.0,483,GasA,TA,Y,SBrkr,483.0,504,0,987.0,1,0,1,1,2,1,TA,5,Typ,0,None,Detchd,1973.0,Unf,1,264.0,TA,TA,Y,0,0,0,0,0,0,0,11,2008,WD,Normal,100000.0
839,20,RL,75.0,9525.0,Pave,Reg,Lvl,AllPub,Inside,Gtl,CollgCr,Norm,Norm,1Fam,1Story,5,6,1995,2006,Gable,CompShg,VinylSd,VinylSd,0.0,TA,TA,PConc,Gd,TA,No,Unf,0.0,Unf,0,1099.0,1099,GasA,Ex,Y,SBrkr,1099.0,0,0,1099.0,0,0,1,1,3,1,Gd,6,Typ,0,None,Attchd,1999.0,Unf,1,352.0,TA,TA,Y,278,0,0,0,0,0,0,6,2008,WD,Normal,144000.0
840,50,RL,70.0,11767.0,Pave,Reg,Lvl,AllPub,Inside,Gtl,Edwards,Norm,Norm,1Fam,1.5Fin,5,6,1946,1995,Gable,CompShg,MetalSd,MetalSd,0.0,TA,TA,CBlock,TA,TA,No,BLQ,352.0,Unf,0,416.0,768,GasA,Ex,Y,SBrkr,768.0,432,0,1200.0,0,0,1,0,3,1,TA,6,Typ,0,None,Detchd,1946.0,Unf,1,240.0,TA,TA,Y,0,0,0,0,0,0,0,5,2008,WD,Normal,130500.0
841,70,RH,60.0,12155.0,Pave,IR1,Lvl,AllPub,Inside,Gtl,SWISU,Norm,Norm,1Fam,2Story,6,8,1925,1950,Gable,CompShg,Wd Sdng,Wd Sdng,0.0,TA,TA,BrkTil,TA,TA,No,BLQ,156.0,Unf,0,516.0,672,GasA,TA,N,SBrkr,810.0,672,0,1482.0,0,0,2,0,4,1,Fa,7,Typ,0,None,Detchd,1934.0,Unf,1,400.0,TA,TA,P,0,0,0,0,0,0,0,3,2008,WD,Normal,140000.0
842,70,RM,60.0,10440.0,Pave,Reg,Lvl,AllPub,Inside,Gtl,OldTown,Norm,Norm,1Fam,2Story,5,8,1904,2002,Gable,CompShg,MetalSd,MetalSd,0.0,TA,TA,PConc,TA,TA,No,Unf,0.0,Unf,0,650.0,650,GasA,Gd,Y,SBrkr,958.0,581,0,1539.0,0,0,2,0,3,1,Gd,8,Typ,1,Po,Detchd,1983.0,Unf,2,686.0,Gd,TA,P,70,78,0,0,0,0,0,6,2008,WD,Normal,157500.0
843,80,RL,82.0,9020.0,Pave,Reg,Lvl,AllPub,Inside,Gtl,NAmes,Norm,Norm,1Fam,SLvl,6,7,1966,1966,Gable,CompShg,HdBoard,HdBoard,183.0,TA,TA,CBlock,TA,TA,Gd,Rec,312.0,ALQ,0,276.0,1127,GasA,TA,Y,SBrkr,1165.0,0,0,1165.0,1,0,1,1,3,1,TA,6,Typ,0,None,Attchd,1966.0,RFn,2,490.0,Gd,Gd,Y,0,129,0,0,0,0,0,5,2008,WD,Normal,174900.0
844,90,RL,80.0,8000.0,Pave,Reg,Lvl,AllPub,Corner,Gtl,NAmes,Artery,Norm,Duplex,1Story,5,4,1961,1961,Gable,CompShg,BrkFace,BrkFace,0.0,TA,TA,CBlock,TA,TA,No,Unf,0.0,Unf,0,1685.5,1800,GasA,Ex,N,SBrkr,1800.0,0,0,1800.0,0,0,2,0,6,2,TA,10,Typ,0,None,None,1893.5,None,0,0.0,None,None,Y,0,0,0,0,0,0,0,7,2007,WD,Normal,141000.0
845,50,RM,100.0,12665.0,Pave,IR1,Lvl,AllPub,Inside,Gtl,OldTown,Artery,Norm,1Fam,1.5Fin,5,8,1915,1950,Gable,CompShg,Wd Sdng,Wd Sdng,0.0,TA,TA,BrkTil,TA,TA,Mn,Unf,0.0,Unf,0,876.0,876,GasA,Gd,Y,SBrkr,876.0,540,0,1416.0,0,0,1,1,4,1,TA,7,Typ,1,Gd,Detchd,1949.0,Unf,3,720.0,TA,TA,Y,418,0,0,0,0,0,0,6,2008,WD,Normal,153900.0
846,85,RL,71.0,16647.0,Pave,IR1,Lvl,AllPub,CulDSac,Gtl,Sawyer,RRAe,Norm,1Fam,SFoyer,5,5,1975,1981,Gable,CompShg,HdBoard,HdBoard,0.0,TA,TA,CBlock,Gd,TA,Gd,ALQ,1390.0,Unf,0,0.0,1390,GasA,TA,Y,SBrkr,1701.0,0,0,1701.0,1,0,2,0,3,1,TA,6,Min2,2,TA,Basment,1975.0,Fin,2,611.0,TA,TA,Y,0,0,0,0,0,0,0,1,2007,WD,Normal,171000.0
847,60,RL,75.0,9317.0,Pave,Reg,Lvl,AllPub,Inside,Gtl,SawyerW,Norm,Norm,1Fam,2Story,7,5,1993,1993,Gable,CompShg,HdBoard,HdBoard,137.0,Gd,TA,PConc,Gd,TA,No,ALQ,513.0,Unf,0,227.0,740,GasA,Ex,Y,SBrkr,1006.0,769,0,1775.0,1,0,2,1,3,1,Gd,7,Typ,1,TA,Attchd,1993.0,Unf,2,425.0,TA,TA,Y,234,72,0,0,0,0,0,7,2009,WD,Normal,213000.0
848,20,RL,36.0,15523.0,Pave,IR1,Lvl,AllPub,CulDSac,Gtl,CollgCr,Norm,Norm,1Fam,1Story,5,6,1972,1972,Gable,CompShg,HdBoard,Plywood,0.0,TA,TA,CBlock,TA,TA,Av,BLQ,460.0,Unf,0,404.0,864,GasA,Ex,Y,SBrkr,864.0,0,0,864.0,1,0,1,0,3,1,TA,5,Typ,1,Fa,Attchd,1972.0,Unf,1,338.0,TA,TA,Y,0,0,0,0,0,0,0,8,2009,WD,Normal,133500.0
849,50,RL,75.0,17673.5,Pave,IR2,Bnk,AllPub,Inside,Gtl,ClearCr,Norm,Norm,1Fam,1.5Fin,6,8,1908,1997,Gable,CompShg,Wd Sdng,Wd Sdng,0.0,TA,TA,BrkTil,TA,TA,No,Unf,0.0,Unf,0,907.0,907,GasA,TA,Y,SBrkr,1307.0,1051,0,2358.0,0,0,3,0,5,1,TA,10,Typ,1,Gd,Detchd,1908.0,Unf,2,360.0,Fa,TA,Y,420,40,0,0,0,0,0,9,2008,WD,Normal,240000.0
850,80,RL,80.0,9600.0,Pave,Reg,Lvl,AllPub,FR2,Gtl,Veenker,Feedr,Norm,1Fam,SLvl,6,7,1976,1994,Hip,CompShg,Plywood,Plywood,360.0,Gd,Gd,CBlock,TA,TA,No,Unf,0.0,Unf,0,528.0,528,GasA,Ex,Y,SBrkr,1094.0,761,0,1855.0,0,0,2,1,3,1,TA,7,Typ,1,TA,Attchd,1976.0,RFn,2,512.0,TA,TA,Y,113,100,0,0,0,0,0,8,2007,WD,Normal,187000.0
851,120,RM,36.0,4435.0,Pave,Reg,Lvl,AllPub,Inside,Gtl,CollgCr,Norm,Norm,TwnhsE,1Story,6,5,2003,2003,Gable,CompShg,VinylSd,VinylSd,170.0,Gd,TA,PConc,Gd,TA,Av,GLQ,659.0,Unf,0,189.0,848,GasA,Ex,Y,SBrkr,848.0,0,0,848.0,1,0,1,0,1,1,Gd,3,Typ,0,None,Attchd,2003.0,Fin,2,420.0,TA,TA,Y,140,0,0,0,0,0,0,11,2007,WD,Normal,131500.0
852,120,RL,43.0,3196.0,Pave,Reg,Lvl,AllPub,Inside,Gtl,Blmngtn,Norm,Norm,TwnhsE,1Story,8,5,2003,2003,Gable,CompShg,VinylSd,VinylSd,40.0,Gd,TA,PConc,Gd,TA,Gd,Unf,0.0,Unf,0,1273.0,1273,GasA,Ex,Y,SBrkr,1456.0,0,0,1456.0,0,0,2,0,2,1,Gd,7,Typ,1,TA,Attchd,2003.0,Fin,2,400.0,TA,TA,Y,143,20,0,0,0,0,0,5,2006,WD,Normal,215000.0
853,75,RL,53.0,7128.0,Pave,Reg,Lvl,AllPub,Inside,Gtl,Crawfor,Norm,Norm,1Fam,2.5Unf,7,5,1941,1950,Gable,CompShg,MetalSd,MetalSd,0.0,TA,Gd,CBlock,TA,TA,No,Rec,364.0,Unf,0,554.0,918,GasA,Gd,Y,SBrkr,918.0,728,0,1646.0,0,0,2,0,4,1,TA,7,Typ,2,Gd,Detchd,1941.0,Unf,1,240.0,TA,TA,Y,0,0,0,0,0,0,0,8,2007,WD,Normal,164000.0
854,80,RL,73.0,12095.0,Pave,IR1,Lvl,AllPub,Corner,Gtl,NAmes,Norm,Norm,1Fam,SLvl,6,6,1964,1964,Gable,CompShg,MetalSd,HdBoard,115.0,TA,Gd,CBlock,TA,TA,Gd,Rec,564.0,Unf,0,563.0,1127,GasA,TA,Y,SBrkr,1445.0,0,0,1445.0,0,0,1,1,3,1,TA,7,Typ,1,Fa,Attchd,1964.0,RFn,2,645.0,TA,TA,Y,180,0,0,0,0,0,0,8,2009,WD,Normal,158000.0
855,20,RL,102.0,17673.5,Pave,Reg,Lvl,AllPub,Inside,Gtl,Sawyer,Norm,Norm,1Fam,1Story,5,4,1955,1974,Hip,CompShg,Wd Sdng,Plywood,0.0,TA,TA,CBlock,TA,TA,Mn,ALQ,306.0,Rec,0,372.0,1763,GasA,TA,Y,SBrkr,1779.0,0,0,1779.0,1,0,1,1,3,1,TA,6,Typ,1,Gd,Attchd,1955.0,Unf,2,454.0,TA,TA,Y,0,170,0,0,0,0,0,7,2006,WD,Abnorml,170000.0
856,20,RL,71.0,6897.0,Pave,IR1,Lvl,AllPub,Corner,Gtl,Sawyer,Norm,Norm,1Fam,1Story,5,8,1962,2010,Gable,CompShg,HdBoard,HdBoard,0.0,TA,Gd,CBlock,TA,TA,No,ALQ,659.0,Unf,0,381.0,1040,GasA,Ex,Y,SBrkr,1040.0,0,0,1040.0,1,0,1,1,3,1,TA,6,Typ,0,None,Detchd,1962.0,Unf,1,260.0,TA,TA,Y,0,104,0,0,0,0,0,4,2010,WD,Normal,127000.0
857,80,RL,70.0,10970.0,Pave,IR1,Low,AllPub,Inside,Mod,CollgCr,Norm,Norm,1Fam,SLvl,6,6,1978,1978,Gable,CompShg,Plywood,HdBoard,0.0,TA,TA,CBlock,Gd,Gd,Gd,GLQ,505.0,LwQ,0,0.0,940,GasA,TA,Y,SBrkr,1026.0,0,0,1026.0,1,0,1,0,3,1,TA,5,Typ,0,None,Detchd,1981.0,Unf,2,576.0,TA,Fa,Y,0,0,0,0,0,0,0,10,2008,WD,Normal,147000.0
858,60,RL,65.0,8125.0,Pave,Reg,Lvl,AllPub,Inside,Gtl,Gilbert,Norm,Norm,1Fam,2Story,6,5,1994,1995,Gable,CompShg,HdBoard,HdBoard,0.0,TA,TA,PConc,Gd,TA,No,Unf,0.0,Unf,0,702.0,702,GasA,Gd,Y,SBrkr,702.0,779,0,1481.0,0,0,2,1,3,1,TA,6,Typ,1,TA,Attchd,1994.0,Fin,2,343.0,TA,TA,Y,0,36,0,0,0,0,0,3,2009,WD,Normal,174000.0
859,20,RL,80.0,10400.0,Pave,Reg,Lvl,AllPub,Inside,Gtl,NWAmes,Norm,Norm,1Fam,1Story,7,5,1976,1976,Gable,CompShg,HdBoard,HdBoard,189.0,TA,TA,CBlock,Gd,TA,No,Unf,0.0,Unf,0,1090.0,1090,GasA,TA,Y,SBrkr,1370.0,0,0,1370.0,0,0,2,0,3,1,TA,6,Typ,1,TA,Attchd,1976.0,RFn,2,479.0,TA,TA,Y,0,0,0,0,0,0,0,6,2009,WD,Family,152000.0
860,60,RL,80.0,11029.0,Pave,IR1,Lvl,AllPub,Corner,Gtl,NWAmes,PosA,Norm,1Fam,2Story,6,7,1968,1984,Gable,CompShg,HdBoard,HdBoard,220.0,TA,TA,CBlock,TA,TA,Mn,BLQ,619.0,Unf,0,435.0,1054,GasA,TA,Y,SBrkr,1512.0,1142,0,2654.0,1,0,2,1,4,1,Gd,9,Typ,1,Gd,Attchd,1968.0,Unf,2,619.0,TA,TA,Y,0,65,0,0,0,0,0,8,2006,WD,Normal,250000.0
861,50,RL,55.0,7642.0,Pave,Reg,Lvl,AllPub,Corner,Gtl,Crawfor,Norm,Norm,1Fam,1.5Fin,7,8,1918,1998,Gable,CompShg,Wd Sdng,Wd Sdng,0.0,Gd,TA,BrkTil,TA,TA,No,Unf,0.0,Unf,0,912.0,912,GasA,Gd,Y,SBrkr,912.0,514,0,1426.0,0,0,1,1,3,1,Gd,7,Typ,1,Gd,Detchd,1925.0,Unf,1,216.0,TA,TA,Y,0,170,0,0,0,0,0,6,2007,WD,Normal,189950.0
862,190,RL,75.0,11625.0,Pave,Reg,Lvl,AllPub,Inside,Gtl,Sawyer,Norm,Norm,2fmCon,1Story,5,4,1965,1965,Hip,CompShg,Plywood,HdBoard,0.0,TA,TA,PConc,TA,TA,Mn,BLQ,841.0,Unf,0,198.0,1039,GasA,Ex,Y,SBrkr,1039.0,0,0,1039.0,1,0,1,1,3,1,TA,6,Typ,0,None,Attchd,1965.0,Unf,2,504.0,TA,TA,Y,0,0,0,0,0,0,0,4,2010,WD,Normal,131500.0
863,20,RL,81.0,9672.0,Pave,Reg,Lvl,AllPub,Corner,Gtl,SawyerW,Norm,Norm,1Fam,1Story,6,5,1984,1985,Hip,CompShg,HdBoard,Plywood,0.0,TA,TA,PConc,Gd,TA,No,GLQ,338.0,Unf,0,702.0,1040,GasA,TA,Y,SBrkr,1097.0,0,0,1097.0,0,0,2,0,3,1,TA,6,Typ,0,None,Attchd,1986.0,Unf,2,480.0,TA,TA,Y,0,0,0,0,0,0,0,5,2010,WD,Normal,152000.0
864,20,RL,70.0,7931.0,Pave,Reg,Lvl,AllPub,Inside,Gtl,NAmes,Norm,Norm,1Fam,1Story,5,5,1959,1959,Hip,CompShg,BrkFace,Plywood,0.0,TA,TA,CBlock,TA,TA,No,BLQ,1148.0,Unf,0,0.0,1148,GasA,TA,Y,SBrkr,1148.0,0,0,1148.0,1,0,1,0,3,1,TA,6,Typ,0,None,Attchd,1959.0,Unf,1,672.0,TA,TA,Y,0,0,0,0,0,0,0,7,2009,WD,Normal,132500.0
865,20,FV,72.0,8640.0,Pave,Reg,Lvl,AllPub,Inside,Gtl,Somerst,Norm,Norm,1Fam,1Story,7,5,2007,2008,Gable,CompShg,VinylSd,VinylSd,0.0,Gd,TA,PConc,Ex,TA,No,Unf,0.0,Unf,0,1372.0,1372,GasA,Ex,Y,SBrkr,1372.0,0,0,1372.0,0,0,2,0,3,1,Gd,6,Typ,0,None,Attchd,2008.0,Fin,2,529.0,TA,TA,Y,0,140,0,0,0,0,0,5,2008,New,Partial,250580.0
866,20,RL,73.0,8750.0,Pave,IR1,Lvl,AllPub,Inside,Gtl,NAmes,Norm,Norm,1Fam,1Story,5,6,1970,1970,Gable,CompShg,MetalSd,MetalSd,76.0,TA,TA,CBlock,TA,TA,No,BLQ,828.0,Unf,0,174.0,1002,GasA,TA,Y,SBrkr,1002.0,0,0,1002.0,1,0,1,0,3,1,TA,5,Typ,0,None,Detchd,1973.0,Unf,2,902.0,TA,TA,Y,0,0,0,0,0,0,0,8,2009,WD,Normal,148500.0
867,20,RL,67.0,10656.0,Pave,IR1,HLS,AllPub,Inside,Gtl,Timber,Norm,Norm,1Fam,1Story,8,5,2006,2007,Gable,CompShg,VinylSd,VinylSd,274.0,Gd,TA,PConc,Gd,TA,Av,Unf,0.0,Unf,0,1638.0,1638,GasA,Ex,Y,SBrkr,1646.0,0,0,1646.0,0,0,2,0,3,1,Gd,6,Typ,1,Gd,Attchd,2007.0,RFn,3,870.0,TA,TA,Y,192,80,0,0,0,0,0,11,2007,New,Partial,248900.0
868,20,RL,85.0,6970.0,Pave,Reg,Lvl,AllPub,Corner,Gtl,Sawyer,Feedr,Norm,1Fam,1Story,4,5,1961,1961,Gable,CompShg,VinylSd,VinylSd,0.0,TA,TA,CBlock,TA,TA,No,ALQ,932.0,Unf,0,108.0,1040,GasA,TA,Y,SBrkr,1120.0,0,0,1120.0,1,0,1,1,3,1,Fa,5,Typ,0,None,Attchd,1961.0,RFn,2,544.0,TA,TA,Y,168,0,0,0,0,0,400,5,2007,WD,Normal,129000.0
869,60,RL,65.0,14762.0,Pave,IR2,Lvl,AllPub,Corner,Gtl,Gilbert,Feedr,Norm,1Fam,2Story,5,6,1948,1950,Gable,CompShg,Plywood,Plywood,0.0,TA,TA,Slab,None,None,None,None,0.0,None,0,0.0,42,GasA,Gd,Y,SBrkr,1547.0,720,53,2320.0,0,0,2,0,2,1,TA,7,Typ,1,TA,Attchd,1979.0,Unf,2,672.0,TA,TA,P,120,144,0,0,0,0,0,5,2006,WD,Normal,169000.0
870,60,RL,80.0,9938.0,Pave,Reg,Lvl,AllPub,Inside,Gtl,SawyerW,Norm,Norm,1Fam,2Story,7,5,1993,1994,Gable,CompShg,MetalSd,MetalSd,246.0,Gd,TA,PConc,Gd,TA,No,GLQ,750.0,Unf,0,300.0,1050,GasA,Ex,Y,SBrkr,1062.0,887,0,1949.0,1,0,2,1,3,1,Gd,8,Typ,1,TA,Attchd,1993.0,Fin,2,574.0,TA,TA,Y,156,90,0,0,0,0,0,6,2010,WD,Normal,236000.0
871,20,RL,60.0,6600.0,Pave,Reg,Lvl,AllPub,Inside,Gtl,NAmes,PosN,Norm,1Fam,1Story,5,5,1962,1962,Hip,CompShg,MetalSd,MetalSd,0.0,TA,TA,CBlock,TA,TA,No,Unf,0.0,Unf,0,894.0,894,GasA,Gd,N,SBrkr,894.0,0,0,894.0,0,0,1,0,2,1,TA,5,Typ,0,None,Detchd,1962.0,Unf,1,308.0,TA,TA,Y,0,0,0,0,0,0,0,8,2009,WD,Normal,109500.0
872,60,RL,70.0,8750.0,Pave,Reg,Lvl,AllPub,Inside,Gtl,CollgCr,Norm,Norm,1Fam,2Story,6,5,1998,1998,Gable,CompShg,VinylSd,VinylSd,116.0,TA,TA,PConc,Gd,TA,No,GLQ,505.0,Unf,0,299.0,804,GasA,Ex,Y,SBrkr,804.0,878,0,1682.0,0,0,2,1,3,1,Gd,7,Typ,0,None,Attchd,1998.0,RFn,2,523.0,TA,TA,Y,0,77,0,0,0,0,0,6,2010,WD,Normal,200500.0
873,20,RL,74.0,8892.0,Pave,Reg,Lvl,AllPub,Corner,Gtl,NAmes,Norm,Norm,1Fam,1Story,5,7,1953,1996,Gable,CompShg,WdShing,Wd Shng,0.0,Gd,TA,Stone,TA,TA,Av,Unf,0.0,Unf,0,105.0,105,GasA,Gd,Y,SBrkr,910.0,0,0,910.0,0,0,1,0,3,1,Gd,5,Typ,0,None,Attchd,1953.0,Unf,2,414.0,TA,TA,Y,196,0,0,0,0,0,0,10,2008,WD,Normal,116000.0
874,40,RL,60.0,12144.0,Pave,Reg,Lvl,AllPub,Inside,Gtl,NAmes,Norm,Norm,1Fam,1Story,5,7,1949,1950,Gable,CompShg,HdBoard,HdBoard,0.0,Gd,TA,CBlock,TA,TA,No,Rec,375.0,Unf,0,457.0,832,GasA,Gd,Y,SBrkr,1036.0,0,232,1268.0,0,0,1,0,3,1,TA,6,Typ,1,Gd,Attchd,1949.0,Unf,1,288.0,TA,TA,Y,0,28,0,0,0,0,0,9,2009,WD,Normal,133000.0
875,50,RM,52.0,5720.0,Pave,Reg,Lvl,AllPub,Inside,Gtl,OldTown,Artery,Norm,1Fam,1.5Fin,5,6,1941,1950,Gable,CompShg,Wd Sdng,Wd Sdng,0.0,TA,TA,CBlock,TA,TA,No,Unf,0.0,Unf,0,676.0,676,GasA,Ex,Y,SBrkr,676.0,455,0,1131.0,0,0,1,1,3,1,TA,5,Typ,0,None,Detchd,1941.0,Unf,1,200.0,TA,TA,Y,26,0,0,0,0,0,0,8,2009,WD,Abnorml,66500.0
876,60,FV,75.0,9000.0,Pave,Reg,Lvl,AllPub,Inside,Gtl,Somerst,Norm,Norm,1Fam,2Story,8,5,2007,2007,Gable,CompShg,CemntBd,CmentBd,0.0,Gd,TA,PConc,Gd,TA,Av,GLQ,64.0,Unf,0,1120.0,1184,GasA,Ex,Y,SBrkr,1184.0,1426,0,2610.0,0,0,2,1,4,1,Ex,11,Typ,1,Gd,BuiltIn,2007.0,Fin,2,550.0,TA,TA,Y,208,170,0,0,0,0,0,8,2007,New,Partial,303477.0
877,20,RL,94.0,17673.5,Pave,Reg,HLS,AllPub,Inside,Mod,Mitchel,Norm,Norm,1Fam,1Story,4,5,1963,1963,Gable,CompShg,HdBoard,Plywood,0.0,TA,TA,PConc,TA,TA,Gd,ALQ,633.0,Unf,0,431.0,1064,GasA,Gd,Y,SBrkr,1040.0,0,0,1040.0,1,0,1,0,3,1,TA,5,Typ,0,None,Attchd,1963.0,Unf,2,648.0,TA,TA,Y,0,0,0,0,0,0,0,1,2007,WD,Normal,132250.0
878,60,RL,74.0,8834.0,Pave,Reg,Lvl,AllPub,Inside,Gtl,NridgHt,Norm,Norm,1Fam,2Story,9,5,2004,2005,Hip,CompShg,VinylSd,VinylSd,216.0,Gd,TA,PConc,Ex,TA,No,GLQ,1170.0,Unf,0,292.0,1462,GasA,Ex,Y,SBrkr,1462.0,762,0,2224.0,1,0,2,1,4,1,Ex,10,Typ,1,Gd,Attchd,2004.0,Fin,3,738.0,TA,TA,Y,184,0,0,0,0,0,0,6,2009,WD,Normal,340037.5
879,85,RL,88.0,11782.0,Pave,IR1,Lvl,AllPub,Inside,Gtl,Sawyer,Norm,Norm,1Fam,SFoyer,5,7,1961,1995,Gable,CompShg,HdBoard,HdBoard,0.0,TA,TA,CBlock,TA,TA,Av,ALQ,899.0,Unf,0,210.0,1109,GasA,TA,Y,SBrkr,1155.0,0,0,1155.0,1,0,1,0,3,1,Gd,6,Min2,0,None,Detchd,1987.0,Unf,2,576.0,TA,TA,Y,192,0,0,0,0,0,400,6,2010,WD,Normal,148000.0
880,20,RL,70.0,7000.0,Pave,IR1,Lvl,AllPub,CulDSac,Gtl,CollgCr,Norm,Norm,1Fam,1Story,5,8,1978,2005,Gable,CompShg,VinylSd,VinylSd,90.0,Gd,Gd,CBlock,TA,TA,No,ALQ,646.0,Unf,0,218.0,864,GasA,Ex,Y,SBrkr,864.0,0,0,864.0,1,0,1,0,3,1,TA,6,Typ,0,None,Attchd,1978.0,Unf,1,336.0,TA,TA,Y,0,0,0,0,0,0,0,7,2009,WD,Normal,136500.0
881,20,RL,60.0,7024.0,Pave,Reg,Lvl,AllPub,Inside,Gtl,Edwards,Norm,Norm,1Fam,1Story,5,5,2005,2006,Gable,CompShg,VinylSd,VinylSd,0.0,TA,TA,PConc,Ex,Gd,No,ALQ,980.0,Unf,0,110.0,1090,GasA,Gd,Y,SBrkr,1090.0,0,0,1090.0,1,0,1,1,2,1,TA,5,Typ,0,None,Attchd,2005.0,Fin,2,450.0,TA,TA,Y,0,49,0,0,0,0,0,6,2007,WD,Normal,157000.0
882,50,RL,44.0,13758.0,Pave,IR1,Lvl,AllPub,CulDSac,Gtl,Timber,Norm,Norm,1Fam,1.5Fin,7,5,1990,1991,Gable,CompShg,HdBoard,HdBoard,117.0,Gd,Gd,CBlock,Gd,TA,Mn,LwQ,902.0,Unf,0,254.0,1156,GasA,Ex,Y,SBrkr,1187.0,530,0,1717.0,0,0,2,1,3,1,Gd,7,Typ,1,TA,Attchd,1990.0,RFn,2,400.0,TA,TA,Y,168,36,0,0,0,0,0,4,2007,WD,Normal,187500.0
883,60,RL,65.0,9636.0,Pave,IR1,Lvl,AllPub,Corner,Gtl,Gilbert,Norm,Norm,1Fam,2Story,6,5,1992,1993,Gable,CompShg,VinylSd,VinylSd,0.0,TA,TA,PConc,Gd,TA,No,Unf,0.0,Unf,0,808.0,808,GasA,Gd,Y,SBrkr,808.0,785,0,1593.0,0,0,2,1,3,1,TA,7,Typ,1,TA,BuiltIn,1993.0,RFn,2,389.0,TA,TA,Y,342,40,0,0,0,0,0,12,2009,WD,Normal,178000.0
884,75,RL,60.0,6204.0,Pave,Reg,Bnk,AllPub,Inside,Gtl,SWISU,Norm,Norm,1Fam,2.5Fin,4,5,1912,1950,Gable,CompShg,Wd Sdng,Wd Sdng,0.0,Gd,TA,PConc,TA,Fa,No,Unf,0.0,Unf,0,795.0,795,GasA,TA,N,SBrkr,954.0,795,481,2230.0,1,0,1,0,5,1,TA,10,Typ,0,None,Detchd,1997.0,Unf,1,440.0,TA,Gd,Y,0,170,0,0,0,0,0,3,2006,WD,Normal,118500.0
885,20,RL,65.0,7150.0,Pave,Reg,Lvl,AllPub,Inside,Gtl,NAmes,Norm,Norm,1Fam,1Story,5,5,1967,1967,Gable,CompShg,HdBoard,HdBoard,60.0,TA,TA,CBlock,TA,TA,No,BLQ,432.0,Unf,0,460.0,892,GasA,TA,Y,SBrkr,892.0,0,0,892.0,0,0,1,0,3,1,TA,5,Typ,0,None,Attchd,1967.0,RFn,1,288.0,TA,TA,Y,0,0,0,0,0,0,0,7,2009,WD,Normal,100000.0
886,120,FV,50.0,5119.0,Pave,IR1,Lvl,AllPub,CulDSac,Gtl,Somerst,Norm,Norm,TwnhsE,1Story,9,5,1999,2000,Gable,CompShg,MetalSd,MetalSd,60.0,Gd,TA,PConc,Ex,TA,Av,GLQ,1238.0,Unf,0,460.0,1698,GasA,Ex,Y,SBrkr,1709.0,0,0,1709.0,1,0,2,0,2,1,Gd,5,Typ,1,TA,Attchd,1999.0,Fin,2,506.0,TA,TA,Y,97,65,0,0,0,0,0,1,2008,CWD,Abnorml,328900.0
887,90,RL,70.0,8393.0,Pave,Reg,Lvl,AllPub,Corner,Gtl,NAmes,Norm,Norm,Duplex,1Story,5,5,1959,2005,Gable,CompShg,MetalSd,MetalSd,122.0,TA,TA,CBlock,TA,TA,No,LwQ,528.0,Unf,0,1098.0,1626,GasA,Ex,Y,SBrkr,1712.0,0,0,1712.0,0,0,2,0,4,2,TA,8,Typ,0,None,Attchd,2005.0,Fin,2,588.0,TA,TA,Y,272,54,0,0,0,0,0,6,2006,WD,Family,145000.0
888,50,RL,59.0,16466.0,Pave,IR1,Lvl,AllPub,Inside,Gtl,Edwards,Norm,Norm,1Fam,1.5Fin,5,7,1955,1955,Gable,CompShg,MetalSd,MetalSd,0.0,TA,Gd,PConc,TA,TA,No,Unf,0.0,Unf,0,816.0,816,GasA,TA,Y,SBrkr,872.0,521,0,1393.0,0,0,1,1,3,1,TA,8,Typ,0,None,Attchd,1955.0,Unf,1,300.0,TA,TA,Y,121,0,0,0,0,0,0,4,2008,WD,Normal,135500.0
889,20,RL,95.0,15865.0,Pave,IR1,Lvl,AllPub,Inside,Mod,NAmes,Norm,Norm,1Fam,1Story,8,6,1970,1970,Flat,Tar&Grv,Wd Sdng,Wd Sdng,0.0,Gd,Gd,PConc,TA,Gd,Gd,ALQ,351.0,Rec,0,1043.0,2052,GasA,Ex,Y,SBrkr,2155.125,0,0,2217.0,1,0,2,0,4,1,Gd,8,Typ,1,TA,Attchd,1970.0,Unf,2,621.0,TA,TA,Y,81,170,0,0,0,0,0,10,2007,WD,Normal,268000.0
890,20,RL,110.0,12160.0,Pave,Reg,Lvl,AllPub,Inside,Gtl,NAmes,Feedr,Norm,1Fam,1Story,6,4,1953,1953,Hip,CompShg,Wd Sdng,Wd Sdng,90.0,TA,TA,CBlock,TA,TA,No,BLQ,1024.0,Unf,0,481.0,1505,GasA,Ex,Y,SBrkr,1505.0,0,0,1505.0,1,0,1,0,2,1,TA,6,Typ,1,TA,Attchd,1953.0,RFn,2,505.0,TA,TA,Y,0,0,0,162,0,0,0,2,2009,WD,Normal,149500.0
891,50,RL,60.0,8064.0,Pave,Reg,Lvl,AllPub,Corner,Gtl,NAmes,Artery,Norm,1Fam,1.5Fin,5,7,1949,2006,Gable,CompShg,MetalSd,MetalSd,0.0,TA,Gd,CBlock,TA,TA,Mn,Unf,0.0,Unf,0,672.0,672,GasA,Ex,Y,SBrkr,672.0,252,0,924.0,0,0,1,0,3,1,TA,6,Typ,1,Po,Detchd,2003.0,Unf,2,576.0,TA,TA,Y,0,0,0,0,0,0,2000,7,2007,WD,Normal,122900.0
892,60,RL,70.0,11184.0,Pave,Reg,Lvl,AllPub,Inside,Gtl,Sawyer,Norm,Norm,1Fam,2Story,6,5,1978,1978,Hip,CompShg,HdBoard,HdBoard,92.0,TA,TA,CBlock,TA,TA,No,LwQ,226.0,Rec,0,192.0,918,GasA,Gd,Y,SBrkr,918.0,765,0,1683.0,0,0,2,1,3,1,TA,7,Typ,1,TA,Attchd,1978.0,RFn,2,440.0,TA,TA,Y,243,0,0,0,0,0,0,7,2009,WD,Normal,172500.0
893,20,RL,70.0,8414.0,Pave,Reg,Lvl,AllPub,Inside,Gtl,Sawyer,Norm,Norm,1Fam,1Story,6,8,1963,2003,Hip,CompShg,HdBoard,HdBoard,0.0,TA,TA,CBlock,TA,TA,No,GLQ,663.0,Unf,0,396.0,1059,GasA,TA,Y,SBrkr,1068.0,0,0,1068.0,0,1,1,0,3,1,TA,6,Typ,0,None,Attchd,1963.0,RFn,1,264.0,TA,TA,Y,192,0,0,0,0,0,0,2,2006,WD,Normal,154500.0
894,20,RL,71.0,13284.0,Pave,Reg,Lvl,AllPub,Inside,Gtl,Sawyer,PosN,Norm,1Fam,1Story,5,5,1954,1954,Gable,CompShg,Wd Sdng,Plywood,0.0,TA,TA,PConc,Gd,TA,Mn,BLQ,1064.0,Unf,0,319.0,1383,GasA,TA,Y,SBrkr,1383.0,0,0,1383.0,1,0,1,0,3,1,TA,6,Typ,1,Gd,Attchd,1954.0,Unf,1,354.0,TA,TA,Y,420,116,0,0,0,0,0,6,2008,WD,Normal,165000.0
895,90,RL,64.0,7018.0,Pave,Reg,Bnk,AllPub,Inside,Gtl,SawyerW,Norm,Norm,Duplex,1Story,5,5,1979,1979,Gable,CompShg,Plywood,Plywood,0.0,TA,TA,Slab,None,None,None,None,0.0,None,0,0.0,42,GasA,TA,Y,SBrkr,1535.0,0,0,1535.0,0,0,2,0,4,2,TA,8,Typ,0,None,Attchd,1979.0,Unf,2,400.0,TA,TA,Y,0,0,0,0,0,0,0,6,2009,WD,Alloca,118858.0
896,60,RL,71.0,7056.0,Pave,Reg,Lvl,AllPub,Inside,Gtl,NAmes,Norm,Norm,1Fam,2Story,6,5,1963,1963,Hip,CompShg,HdBoard,HdBoard,410.625,TA,TA,CBlock,TA,TA,No,BLQ,400.0,Unf,0,380.0,780,GasA,TA,Y,SBrkr,983.0,813,0,1796.0,1,0,1,1,4,1,TA,8,Typ,1,TA,Attchd,1963.0,RFn,2,483.0,TA,TA,Y,0,50,0,0,0,0,0,10,2008,WD,Normal,140000.0
897,30,RM,50.0,8765.0,Pave,Reg,Lvl,AllPub,Inside,Gtl,IDOTRR,Norm,Norm,1Fam,1Story,4,6,1936,1950,Gable,CompShg,Wd Sdng,Wd Sdng,0.0,TA,TA,BrkTil,TA,TA,No,ALQ,285.0,Unf,0,666.0,951,GasA,Ex,N,SBrkr,951.0,0,0,951.0,0,0,1,0,2,1,TA,6,Typ,0,None,Detchd,1936.0,Unf,1,327.0,TA,TA,Y,0,28,0,0,0,0,0,4,2006,WD,Abnorml,106500.0
898,90,RL,64.0,7018.0,Pave,Reg,Lvl,AllPub,Inside,Gtl,SawyerW,Feedr,Norm,Duplex,2Story,5,5,1979,1979,Gable,CompShg,Plywood,Plywood,0.0,TA,TA,Slab,None,None,None,None,0.0,None,0,0.0,42,GasA,TA,Y,SBrkr,1120.0,1120,0,2240.0,0,0,2,0,6,2,TA,12,Typ,0,None,Detchd,1979.0,Unf,2,528.0,TA,TA,Y,154,0,0,0,0,0,0,6,2009,WD,Alloca,142953.0
899,20,RL,100.0,12919.0,Pave,IR1,Lvl,AllPub,Inside,Gtl,NridgHt,Norm,Norm,1Fam,1Story,9,5,2009,2010,Hip,CompShg,VinylSd,VinylSd,410.625,Ex,TA,PConc,Ex,TA,Gd,GLQ,1780.625,Unf,0,142.0,2052,GasA,Ex,Y,SBrkr,2155.125,0,0,2364.0,1,0,2,1,2,1,Ex,11,Typ,2,Gd,Attchd,2009.0,Fin,3,820.0,TA,TA,Y,0,67,0,0,0,0,0,3,2010,New,Partial,340037.5
900,20,RL,65.0,6993.0,Pave,Reg,Lvl,AllPub,Inside,Gtl,Sawyer,Feedr,Norm,1Fam,1Story,5,7,1961,1994,Gable,CompShg,HdBoard,Plywood,0.0,TA,TA,CBlock,TA,TA,No,BLQ,465.0,Unf,0,447.0,912,GasA,TA,Y,SBrkr,1236.0,0,0,1236.0,0,0,1,0,3,1,TA,6,Typ,1,TA,Attchd,1961.0,Unf,1,288.0,TA,TA,Y,0,0,0,0,0,0,0,6,2006,WD,Normal,135000.0
901,20,RL,73.0,7340.0,Pave,IR1,Lvl,AllPub,Inside,Gtl,NAmes,Norm,Norm,1Fam,1Story,4,6,1971,1971,Gable,CompShg,HdBoard,HdBoard,0.0,TA,TA,CBlock,TA,TA,No,ALQ,322.0,Unf,0,536.0,858,GasA,TA,Y,SBrkr,858.0,0,0,858.0,0,0,1,0,2,1,TA,4,Typ,0,None,Detchd,1979.0,Unf,1,684.0,TA,TA,Y,0,0,0,0,0,0,0,6,2007,WD,Normal,110000.0
902,20,RL,64.0,8712.0,Pave,IR1,Lvl,AllPub,Inside,Gtl,NAmes,Norm,Norm,1Fam,1Story,5,7,1957,2000,Hip,CompShg,MetalSd,MetalSd,0.0,TA,Gd,CBlock,TA,TA,Mn,BLQ,860.0,Unf,0,132.0,992,GasA,TA,Y,SBrkr,1306.0,0,0,1306.0,1,0,1,0,2,1,TA,5,Typ,0,None,Detchd,1968.0,Unf,1,756.0,TA,TA,Y,0,0,0,0,0,0,0,5,2009,WD,Normal,153000.0
903,60,RL,63.0,7875.0,Pave,Reg,Lvl,AllPub,Inside,Gtl,Gilbert,Norm,Norm,1Fam,2Story,7,5,2003,2003,Gable,CompShg,VinylSd,VinylSd,0.0,Gd,TA,PConc,Gd,TA,No,Unf,0.0,Unf,0,783.0,783,GasA,Ex,Y,SBrkr,807.0,702,0,1509.0,0,0,2,1,3,1,Gd,8,Typ,1,Gd,Attchd,2003.0,Fin,2,393.0,TA,TA,Y,0,75,0,0,0,0,0,7,2006,WD,Normal,180000.0
904,20,RL,50.0,14859.0,Pave,IR1,HLS,AllPub,CulDSac,Gtl,Gilbert,Norm,Norm,1Fam,1Story,7,5,2006,2006,Hip,CompShg,VinylSd,VinylSd,27.0,Gd,TA,PConc,Gd,TA,No,Unf,0.0,Unf,0,1670.0,1670,GasA,Ex,Y,SBrkr,1670.0,0,0,1670.0,0,0,2,0,3,1,Gd,7,Typ,1,Gd,Attchd,2006.0,RFn,3,690.0,TA,TA,Y,144,60,0,0,0,0,0,8,2006,New,Partial,240000.0
905,20,RL,71.0,6173.0,Pave,IR1,Lvl,AllPub,Inside,Gtl,Sawyer,Norm,Norm,1Fam,1Story,5,6,1967,1967,Gable,CompShg,HdBoard,Wd Sdng,75.0,TA,TA,CBlock,TA,TA,No,GLQ,599.0,Unf,0,277.0,876,GasA,TA,Y,SBrkr,902.0,0,0,902.0,0,0,1,0,3,1,TA,6,Typ,0,None,Attchd,1967.0,Unf,1,288.0,TA,TA,Y,0,0,0,0,0,0,0,8,2007,WD,Normal,125500.0
906,20,RL,80.0,9920.0,Pave,Reg,Lvl,AllPub,Inside,Gtl,NAmes,Norm,Norm,1Fam,1Story,5,5,1954,1954,Gable,CompShg,HdBoard,HdBoard,110.0,TA,TA,CBlock,TA,TA,No,Rec,354.0,LwQ,0,412.0,1056,GasA,TA,Y,SBrkr,1063.0,0,0,1063.0,1,0,1,0,3,1,TA,6,Typ,0,None,Attchd,1954.0,RFn,1,280.0,TA,TA,Y,0,0,0,0,0,0,0,2,2010,WD,Normal,128000.0
907,20,RL,110.0,13501.0,Pave,IR1,Lvl,AllPub,Corner,Gtl,Somerst,Norm,Norm,1Fam,1Story,8,5,2006,2006,Gable,CompShg,VinylSd,VinylSd,208.0,Gd,TA,PConc,Gd,TA,No,GLQ,63.0,Unf,0,1560.0,1623,GasA,Ex,Y,SBrkr,1636.0,0,0,1636.0,1,0,2,0,3,1,Gd,8,Typ,1,Gd,Attchd,2006.0,RFn,3,865.0,TA,TA,Y,0,60,0,0,0,0,0,6,2007,WD,Normal,255000.0
908,50,RL,86.0,11500.0,Pave,IR1,Lvl,AllPub,Inside,Gtl,Crawfor,Norm,Norm,1Fam,1.5Fin,7,7,1936,1987,Gable,CompShg,BrkFace,BrkFace,0.0,Gd,TA,CBlock,Gd,TA,No,Rec,223.0,Unf,0,794.0,1017,GasA,Gd,Y,SBrkr,1020.0,1037,0,2057.0,0,0,1,1,3,1,Gd,6,Typ,1,Gd,Attchd,1936.0,Fin,1,180.0,Fa,TA,Y,0,0,0,0,0,0,0,6,2006,WD,Normal,250000.0
909,20,RL,73.0,8885.0,Pave,IR1,Low,AllPub,Inside,Mod,Mitchel,Norm,Norm,1Fam,1Story,5,5,1983,1983,Gable,CompShg,HdBoard,HdBoard,0.0,TA,TA,CBlock,Gd,TA,Av,BLQ,301.0,ALQ,0,239.0,864,GasA,TA,Y,SBrkr,902.0,0,0,902.0,1,0,1,0,2,1,TA,5,Typ,0,None,Attchd,1983.0,Unf,2,484.0,TA,TA,Y,164,0,0,0,0,0,0,6,2006,WD,Normal,131000.0
910,60,RL,110.0,12589.0,Pave,IR2,Lvl,AllPub,Inside,Gtl,Gilbert,Norm,Norm,1Fam,2Story,6,5,2005,2005,Gable,CompShg,VinylSd,VinylSd,0.0,Gd,TA,PConc,Gd,TA,No,Unf,0.0,Unf,0,742.0,742,GasA,Ex,Y,SBrkr,742.0,742,0,1484.0,0,0,2,1,3,1,Gd,8,Typ,1,Gd,Attchd,2005.0,Fin,2,390.0,TA,TA,Y,36,24,0,0,0,0,0,6,2009,WD,Normal,174000.0
911,90,RL,80.0,11600.0,Pave,Reg,Lvl,AllPub,Corner,Gtl,NAmes,Feedr,Norm,Duplex,2Story,5,5,1960,1960,Gable,CompShg,MetalSd,MetalSd,361.0,TA,TA,CBlock,TA,TA,No,Rec,443.0,Unf,0,662.0,1105,GasA,TA,Y,FuseA,1105.0,1169,0,2274.0,0,0,2,0,5,2,TA,12,Typ,0,None,Detchd,1960.0,Unf,2,480.0,TA,TA,Y,0,0,0,0,0,0,0,1,2010,WD,Normal,154300.0
912,20,RL,70.0,9286.0,Pave,IR1,Lvl,AllPub,CulDSac,Mod,CollgCr,Norm,Norm,1Fam,1Story,5,7,1977,1989,Gable,CompShg,HdBoard,Plywood,0.0,TA,TA,CBlock,Gd,Gd,Av,ALQ,196.0,Unf,0,1072.0,1268,GasA,TA,Y,SBrkr,1268.0,0,0,1268.0,0,0,1,1,3,1,Gd,5,Typ,0,None,Detchd,1978.0,Unf,1,252.0,TA,TA,Y,173,0,0,0,0,0,0,10,2009,WD,Normal,143500.0
913,30,RM,51.0,6120.0,Pave,Reg,Lvl,AllPub,Inside,Gtl,BrkSide,Norm,Norm,1Fam,1Story,5,7,1925,1950,Gable,CompShg,MetalSd,MetalSd,0.0,TA,TA,BrkTil,TA,TA,No,Rec,489.0,Unf,0,279.0,768,GasA,TA,N,SBrkr,1015.0,0,0,1015.0,0,0,1,0,3,1,TA,6,Min1,0,None,Detchd,1925.0,Unf,1,450.0,TA,TA,Y,0,0,0,0,0,0,620,7,2006,WD,Abnorml,88000.0
914,90,RH,82.0,6270.0,Pave,Reg,HLS,AllPub,Inside,Gtl,Crawfor,Norm,Norm,Duplex,2Story,5,6,1949,1950,Gable,CompShg,MetalSd,MetalSd,0.0,TA,TA,CBlock,TA,TA,No,BLQ,284.0,Unf,0,717.0,1001,GasA,TA,N,FuseA,1001.0,1001,0,2002.0,0,0,2,0,4,2,TA,8,Typ,0,None,2Types,1949.0,Unf,3,871.0,TA,TA,Y,0,0,0,0,0,0,0,8,2007,WD,Normal,145000.0
915,160,FV,30.0,3000.0,Pave,Reg,Lvl,AllPub,Inside,Gtl,Somerst,Norm,Norm,TwnhsE,2Story,6,5,2009,2009,Gable,CompShg,VinylSd,VinylSd,76.0,Gd,TA,PConc,Gd,TA,Av,GLQ,294.0,Unf,0,318.0,612,GasA,Ex,Y,SBrkr,612.0,612,0,1224.0,0,0,2,1,2,1,Gd,4,Typ,0,None,Detchd,2009.0,RFn,2,528.0,TA,TA,Y,0,170,0,0,0,0,0,6,2009,New,Partial,173733.0
916,160,RM,30.0,2001.0,Pave,Reg,Lvl,AllPub,Inside,Gtl,MeadowV,Norm,Norm,Twnhs,2Story,4,5,1970,1970,Gable,CompShg,CemntBd,CmentBd,80.0,TA,TA,CBlock,TA,TA,No,Unf,0.0,Unf,0,546.0,546,GasA,Fa,Y,SBrkr,546.0,546,0,1092.0,0,0,1,1,3,1,TA,6,Typ,0,None,Attchd,1970.0,Unf,1,286.0,TA,TA,Y,0,0,0,0,0,0,0,1,2007,WD,Normal,75000.0
917,20,C (all),50.0,9000.0,Pave,Reg,Lvl,AllPub,Inside,Gtl,IDOTRR,Norm,Norm,1Fam,1Story,2,3,1949,1950,Gable,CompShg,AsbShng,AsbShng,0.0,TA,TA,CBlock,TA,TA,Av,BLQ,50.0,Unf,0,430.0,480,GasA,TA,N,FuseA,480.0,0,0,480.0,1,0,0,0,1,1,TA,4,Typ,0,None,Detchd,1958.0,Unf,1,308.0,TA,TA,Y,0,0,0,0,0,0,0,10,2006,WD,Abnorml,35311.0
918,20,RL,65.5,17140.0,Pave,Reg,Lvl,AllPub,Inside,Gtl,Edwards,Norm,Norm,1Fam,1Story,4,6,1956,1956,Gable,CompShg,VinylSd,VinylSd,0.0,TA,TA,CBlock,TA,TA,No,ALQ,1059.0,Unf,0,75.0,1134,GasA,Ex,Y,FuseA,1229.0,0,0,1229.0,0,0,1,0,3,1,TA,6,Typ,0,None,Attchd,1956.0,RFn,1,284.0,TA,TA,Y,0,0,0,0,0,0,0,4,2009,WD,Normal,135000.0
919,60,RL,103.0,13125.0,Pave,IR1,Lvl,AllPub,Corner,Gtl,SawyerW,Norm,Norm,1Fam,2Story,7,5,1991,1991,Gable,CompShg,HdBoard,HdBoard,0.0,Gd,TA,PConc,Ex,TA,Mn,BLQ,48.0,GLQ,0,422.0,1104,GasA,Ex,Y,SBrkr,912.0,1215,0,2127.0,1,0,2,1,4,1,Gd,8,Typ,1,TA,Attchd,1991.0,RFn,3,833.0,TA,TA,Y,72,170,0,0,0,0,0,11,2007,WD,Normal,238000.0
920,20,RL,87.0,11029.0,Pave,IR1,Lvl,AllPub,Corner,Gtl,NAmes,Norm,Norm,1Fam,1Story,6,8,1958,2002,Hip,CompShg,MetalSd,MetalSd,0.0,Ex,TA,CBlock,Gd,TA,No,ALQ,528.0,BLQ,0,245.0,1184,GasA,Ex,Y,SBrkr,1414.0,0,0,1414.0,1,0,1,0,3,1,TA,6,Min1,1,TA,Attchd,1990.0,Unf,2,601.0,TA,TA,Y,0,51,0,0,0,0,0,5,2008,WD,Normal,176500.0
921,60,RL,70.0,8462.0,Pave,IR1,Lvl,AllPub,Inside,Gtl,SawyerW,Norm,Norm,1Fam,2Story,6,5,1994,1994,Gable,CompShg,HdBoard,HdBoard,105.0,Gd,Gd,PConc,Gd,Gd,No,GLQ,814.0,Unf,0,114.0,928,GasA,Ex,Y,SBrkr,936.0,785,0,1721.0,0,1,2,1,3,1,Gd,7,Typ,0,None,Attchd,1994.0,RFn,2,471.0,TA,TA,Y,300,87,0,0,0,0,0,7,2007,WD,Normal,201000.0
922,90,RL,67.0,8777.0,Pave,Reg,Lvl,AllPub,Inside,Gtl,Edwards,Feedr,Norm,Duplex,1.5Fin,5,7,1900,2003,Gable,CompShg,MetalSd,MetalSd,0.0,TA,TA,CBlock,TA,TA,No,ALQ,1084.0,Unf,0,188.0,1272,GasA,Gd,Y,SBrkr,1272.0,928,0,2200.0,2,0,2,2,4,2,TA,9,Typ,0,None,None,1893.5,None,0,0.0,None,None,N,0,70,0,0,0,0,0,9,2008,WD,Normal,145900.0
923,20,RL,65.0,10237.0,Pave,Reg,Lvl,AllPub,Inside,Gtl,Gilbert,RRAn,Norm,1Fam,1Story,6,5,2005,2006,Gable,CompShg,VinylSd,VinylSd,0.0,Gd,TA,PConc,Gd,TA,No,GLQ,28.0,Unf,0,1288.0,1316,GasA,Ex,Y,SBrkr,1316.0,0,0,1316.0,0,0,2,0,3,1,Gd,6,Typ,1,Gd,Attchd,2005.0,Fin,2,397.0,TA,TA,Y,100,0,0,23,0,0,0,10,2006,New,Partial,169990.0
924,120,RL,50.0,8012.0,Pave,Reg,Lvl,AllPub,Inside,Gtl,SawyerW,Norm,Norm,TwnhsE,1Story,6,5,1993,1994,Gable,CompShg,Plywood,Plywood,0.0,Gd,TA,PConc,Gd,TA,No,LwQ,165.0,GLQ,0,598.0,1604,GasA,Ex,Y,SBrkr,1617.0,0,0,1617.0,1,0,2,0,2,1,Gd,5,Typ,1,Fa,Attchd,1993.0,RFn,2,533.0,TA,TA,Y,0,69,0,0,0,0,0,7,2008,WD,Normal,193000.0
925,20,RL,79.0,10240.0,Pave,Reg,Lvl,AllPub,Inside,Gtl,NWAmes,Norm,Norm,1Fam,1Story,6,6,1980,1980,Gable,CompShg,Plywood,Plywood,157.0,TA,Gd,CBlock,Gd,TA,No,BLQ,625.0,LwQ,0,0.0,1686,GasA,TA,Y,SBrkr,1686.0,0,0,1686.0,1,0,2,0,3,1,TA,7,Typ,1,TA,Attchd,1980.0,Unf,2,612.0,TA,TA,Y,384,131,0,0,0,0,0,5,2006,WD,Normal,207500.0
926,20,RL,80.0,15611.0,Pave,IR1,Lvl,AllPub,Corner,Gtl,NWAmes,Norm,Norm,1Fam,1Story,5,6,1977,1977,Gable,CompShg,VinylSd,VinylSd,0.0,TA,TA,PConc,Gd,TA,Av,ALQ,767.0,LwQ,0,266.0,1126,GasA,TA,Y,SBrkr,1126.0,0,0,1126.0,0,1,2,0,3,1,Ex,6,Typ,0,None,Attchd,1977.0,RFn,2,540.0,TA,TA,Y,180,0,0,0,0,0,0,3,2008,WD,Abnorml,175000.0
927,60,RL,93.0,11999.0,Pave,Reg,Lvl,AllPub,Inside,Gtl,NridgHt,Norm,Norm,1Fam,2Story,8,5,2003,2004,Hip,CompShg,VinylSd,VinylSd,340.0,Gd,TA,PConc,Gd,TA,No,Unf,0.0,Unf,0,1181.0,1181,GasA,Ex,Y,SBrkr,1234.0,1140,0,2374.0,0,0,2,1,4,1,Ex,10,Typ,1,Gd,BuiltIn,2003.0,Fin,3,656.0,TA,TA,Y,104,100,0,0,0,0,0,5,2007,WD,Normal,285000.0
928,60,RL,80.0,9900.0,Pave,Reg,Lvl,AllPub,Inside,Gtl,NWAmes,Feedr,Norm,1Fam,2Story,7,5,1968,1968,Gable,CompShg,MetalSd,MetalSd,342.0,TA,TA,CBlock,TA,TA,No,BLQ,552.0,Unf,0,280.0,832,GasA,Gd,Y,SBrkr,1098.0,880,0,1978.0,0,0,2,1,4,1,TA,9,Typ,1,Gd,Attchd,1968.0,RFn,2,486.0,TA,TA,Y,0,43,0,0,0,0,0,4,2008,WD,Normal,176000.0
929,20,RL,70.0,11838.0,Pave,Reg,Lvl,AllPub,Inside,Gtl,CollgCr,Norm,Norm,1Fam,1Story,8,5,2001,2001,Hip,CompShg,VinylSd,VinylSd,0.0,Gd,TA,PConc,Gd,TA,Av,Unf,0.0,Unf,0,1685.5,1753,GasA,Ex,Y,SBrkr,1788.0,0,0,1788.0,0,0,2,0,3,1,Ex,7,Typ,1,TA,Attchd,2001.0,RFn,2,522.0,TA,TA,Y,202,151,0,0,0,0,0,6,2009,WD,Normal,236500.0
930,60,RL,65.0,13006.0,Pave,IR1,Lvl,AllPub,Corner,Gtl,Gilbert,Norm,Norm,1Fam,2Story,7,5,1997,1997,Gable,CompShg,HdBoard,HdBoard,285.0,TA,TA,PConc,Gd,TA,No,Unf,0.0,Unf,0,964.0,964,GasA,Gd,Y,SBrkr,993.0,1243,0,2236.0,0,0,2,1,4,1,Gd,8,Typ,1,TA,BuiltIn,1997.0,Fin,2,642.0,TA,TA,Y,0,0,0,0,0,0,0,11,2006,WD,Normal,222000.0
931,20,RL,73.0,8925.0,Pave,IR1,HLS,AllPub,Inside,Gtl,Timber,Norm,Norm,1Fam,1Story,8,5,2007,2007,Gable,CompShg,VinylSd,VinylSd,0.0,Gd,TA,PConc,Gd,TA,Av,GLQ,16.0,Unf,0,1450.0,1466,GasA,Ex,Y,SBrkr,1466.0,0,0,1466.0,0,0,2,0,3,1,Gd,7,Typ,0,None,Attchd,2007.0,Fin,3,610.0,TA,TA,Y,100,18,0,0,0,0,0,7,2009,WD,Normal,201000.0
932,20,RL,70.0,9100.0,Pave,Reg,Lvl,AllPub,Inside,Gtl,NAmes,Norm,Norm,1Fam,1Story,5,6,1965,1965,Gable,CompShg,VinylSd,VinylSd,0.0,TA,TA,CBlock,TA,TA,No,BLQ,338.0,Rec,0,121.0,925,GasA,Ex,Y,SBrkr,925.0,0,0,925.0,0,1,1,0,2,1,TA,5,Typ,0,None,Detchd,1965.0,Unf,1,429.0,TA,TA,Y,0,0,0,0,0,0,0,7,2009,WD,Normal,117500.0
933,20,RL,84.0,11670.0,Pave,IR1,Lvl,AllPub,Corner,Gtl,Somerst,RRNn,Norm,1Fam,1Story,9,5,2006,2006,Hip,CompShg,VinylSd,ImStucc,302.0,Ex,TA,PConc,Ex,Gd,No,Unf,0.0,Unf,0,1685.5,1905,GasA,Ex,Y,SBrkr,1905.0,0,0,1905.0,0,0,2,0,3,1,Ex,8,Typ,1,Gd,Attchd,2006.0,Fin,3,788.0,TA,TA,Y,0,170,0,0,0,0,0,3,2007,WD,Normal,320000.0
934,20,RL,63.0,8487.0,Pave,Reg,Lvl,AllPub,FR2,Gtl,CollgCr,Norm,Norm,1Fam,1Story,7,5,2004,2004,Gable,CompShg,VinylSd,VinylSd,210.0,Gd,TA,PConc,Gd,TA,Av,GLQ,20.0,Unf,0,1480.0,1500,GasA,Ex,Y,SBrkr,1500.0,0,0,1500.0,0,0,2,0,3,1,Gd,6,Typ,0,None,Attchd,2004.0,RFn,2,570.0,TA,TA,Y,192,36,0,0,0,0,0,8,2009,WD,Normal,190000.0
935,20,RL,110.0,17673.5,Pave,IR2,HLS,AllPub,Inside,Mod,NAmes,PosA,Norm,1Fam,1Story,7,7,1960,2007,Flat,Tar&Grv,Wd Sdng,Wd Sdng,0.0,TA,TA,CBlock,Gd,TA,Gd,GLQ,425.0,Unf,0,160.0,585,GasA,Ex,Y,SBrkr,2069.0,0,0,2069.0,1,0,2,0,4,1,Gd,9,Typ,1,Gd,Attchd,1960.0,RFn,2,505.0,TA,TA,Y,0,0,0,0,0,0,0,11,2008,WD,Normal,242000.0
936,30,RL,52.0,5825.0,Pave,IR1,Lvl,AllPub,Inside,Gtl,BrkSide,Norm,Norm,1Fam,1Story,4,5,1926,1953,Gable,CompShg,MetalSd,MetalSd,108.0,TA,Gd,PConc,Fa,TA,Mn,Unf,0.0,Unf,0,600.0,600,GasA,Gd,Y,SBrkr,747.0,0,0,747.0,0,0,1,0,1,1,TA,5,Typ,0,None,Detchd,1953.0,Unf,2,528.0,TA,TA,Y,0,0,0,0,0,0,0,6,2006,WD,Normal,79900.0
937,20,RL,67.0,10083.0,Pave,Reg,Lvl,AllPub,Inside,Gtl,SawyerW,Norm,Norm,1Fam,1Story,7,5,2003,2003,Gable,CompShg,VinylSd,VinylSd,0.0,Gd,TA,PConc,Gd,TA,No,GLQ,833.0,Unf,0,343.0,1176,GasA,Ex,Y,SBrkr,1200.0,0,0,1200.0,1,0,2,0,2,1,Gd,5,Typ,0,None,Attchd,2003.0,RFn,2,555.0,TA,TA,Y,0,41,0,0,0,0,0,8,2009,WD,Normal,184900.0
938,60,RL,75.0,9675.0,Pave,Reg,Lvl,AllPub,Inside,Gtl,Somerst,Norm,Norm,1Fam,2Story,7,5,2005,2005,Gable,CompShg,VinylSd,VinylSd,0.0,Gd,TA,PConc,Gd,TA,Mn,GLQ,341.0,Unf,0,772.0,1113,GasA,Ex,Y,SBrkr,1113.0,858,0,1971.0,0,0,2,1,3,1,Gd,8,Typ,1,Gd,Attchd,2005.0,RFn,2,689.0,TA,TA,Y,0,48,0,0,0,0,0,2,2009,WD,Normal,253000.0
939,60,RL,73.0,8760.0,Pave,Reg,Lvl,AllPub,Inside,Gtl,CollgCr,Norm,Norm,1Fam,2Story,7,5,2006,2006,Gable,CompShg,VinylSd,VinylSd,0.0,Gd,TA,PConc,Gd,Gd,Mn,GLQ,464.0,Unf,0,927.0,1391,GasA,Ex,Y,SBrkr,1391.0,571,0,1962.0,0,0,2,1,3,1,Gd,7,Typ,0,None,Attchd,2006.0,RFn,3,868.0,TA,TA,Y,0,90,0,0,0,0,0,8,2006,New,Partial,239799.0
940,70,RL,80.0,17673.5,Pave,Reg,Lvl,AllPub,Inside,Gtl,ClearCr,Norm,Norm,1Fam,2Story,7,7,1940,1950,Gable,CompShg,MetalSd,MetalSd,0.0,TA,Gd,CBlock,TA,TA,Mn,Unf,0.0,Unf,0,1032.0,1032,GasA,Ex,Y,SBrkr,1207.0,1196,0,2403.0,0,0,2,0,4,1,TA,10,Typ,2,TA,Attchd,1940.0,Unf,1,349.0,TA,TA,Y,56,0,0,0,0,0,0,6,2010,COD,Normal,244400.0
941,90,RL,55.0,12640.0,Pave,IR1,Lvl,AllPub,Inside,Gtl,Mitchel,Norm,Norm,Duplex,1Story,6,5,1976,1976,Gable,CompShg,Plywood,Plywood,0.0,TA,TA,CBlock,TA,TA,Gd,Rec,936.0,LwQ,0,396.0,1728,GasA,TA,Y,SBrkr,1728.0,0,0,1728.0,0,0,2,0,4,2,TA,8,Typ,0,None,Attchd,1976.0,Unf,2,574.0,TA,TA,Y,40,0,0,0,0,0,0,7,2006,WD,Normal,150900.0
942,60,RL,65.0,8755.0,Pave,IR1,Lvl,AllPub,FR2,Gtl,Gilbert,RRNn,Norm,1Fam,2Story,7,5,1999,1999,Gable,CompShg,VinylSd,VinylSd,298.0,Gd,TA,PConc,Gd,TA,No,ALQ,772.0,Unf,0,220.0,992,GasA,Ex,Y,SBrkr,1022.0,1038,0,2060.0,1,0,2,1,3,1,Gd,8,Typ,1,TA,BuiltIn,1999.0,RFn,2,390.0,TA,TA,Y,0,0,0,168,0,0,0,6,2009,WD,Normal,214000.0
943,90,RL,42.0,7711.0,Pave,IR1,Lvl,AllPub,Inside,Gtl,Edwards,Norm,Norm,Duplex,1Story,4,3,1977,1977,Gable,CompShg,MetalSd,MetalSd,0.0,TA,TA,PConc,Gd,TA,Gd,GLQ,1440.0,Unf,0,0.0,1440,GasA,TA,Y,SBrkr,1440.0,0,0,1440.0,2,0,2,0,4,2,TA,8,Typ,0,None,None,1893.5,None,0,0.0,None,None,N,321,0,0,0,0,0,0,8,2007,Oth,Abnorml,150000.0
944,90,RL,100.0,17673.5,Pave,Reg,Low,AllPub,Inside,Gtl,Mitchel,Norm,Norm,Duplex,1Story,5,4,1967,1967,Gable,CompShg,HdBoard,Plywood,0.0,TA,TA,CBlock,TA,TA,Av,Unf,0.0,Unf,0,1632.0,1632,GasA,TA,Y,SBrkr,1632.0,0,0,1632.0,0,0,2,0,4,2,TA,8,Typ,0,None,Attchd,1967.0,Unf,2,576.0,TA,TA,P,0,0,0,0,0,0,0,6,2007,WD,Normal,143000.0
945,20,RL,85.0,14375.0,Pave,IR1,Lvl,NoSeWa,CulDSac,Gtl,Timber,Norm,Norm,1Fam,SLvl,6,6,1958,1958,Gable,CompShg,HdBoard,HdBoard,410.625,TA,TA,CBlock,TA,TA,No,GLQ,111.0,Rec,0,354.0,819,GasA,Gd,Y,FuseA,1344.0,0,0,1344.0,0,1,1,0,3,1,Gd,7,Typ,1,Gd,Basment,1958.0,RFn,2,525.0,TA,TA,Y,0,118,0,0,0,0,0,1,2009,COD,Abnorml,137500.0
946,50,RM,98.0,8820.0,Pave,Reg,Lvl,AllPub,Corner,Gtl,OldTown,Norm,Norm,1Fam,1.5Fin,5,6,1890,1996,Hip,CompShg,VinylSd,VinylSd,0.0,TA,TA,BrkTil,TA,TA,No,LwQ,1088.0,Unf,0,0.0,1088,GasA,TA,Y,SBrkr,1188.0,561,120,1869.0,0,0,1,0,2,1,TA,7,Typ,0,None,Detchd,1963.0,Unf,2,456.0,TA,TA,Y,48,0,0,0,0,0,0,9,2009,WD,Normal,124900.0
947,80,RL,70.0,8163.0,Pave,Reg,Lvl,AllPub,Inside,Gtl,NAmes,Norm,Norm,1Fam,SLvl,5,6,1959,1959,Gable,CompShg,HdBoard,HdBoard,128.0,TA,Gd,CBlock,TA,TA,Av,ALQ,748.0,BLQ,0,102.0,1144,GasA,TA,Y,SBrkr,1144.0,0,0,1144.0,1,0,1,0,3,1,TA,6,Typ,1,TA,Attchd,1959.0,RFn,1,796.0,TA,TA,Y,86,0,0,0,0,0,0,3,2006,WD,Normal,143000.0
948,20,RL,85.0,14536.0,Pave,Reg,Lvl,AllPub,Inside,Gtl,Timber,Norm,Norm,1Fam,1Story,8,5,2002,2003,Hip,CompShg,VinylSd,VinylSd,236.0,Gd,TA,PConc,Gd,TA,Av,GLQ,1300.0,Unf,0,316.0,1616,GasA,Ex,Y,SBrkr,1629.0,0,0,1629.0,1,0,2,0,3,1,Gd,9,Typ,1,Gd,Attchd,2002.0,Fin,3,808.0,TA,TA,Y,0,170,0,0,0,0,0,11,2007,WD,Normal,270000.0
949,60,RL,65.0,14006.0,Pave,IR1,Lvl,AllPub,Inside,Gtl,CollgCr,Norm,Norm,1Fam,2Story,7,5,2002,2002,Gable,CompShg,VinylSd,VinylSd,144.0,Gd,TA,PConc,Gd,TA,None,Unf,0.0,Unf,0,936.0,936,GasA,Ex,Y,SBrkr,936.0,840,0,1776.0,0,0,2,1,3,1,Gd,7,Typ,1,TA,Attchd,2002.0,RFn,2,474.0,TA,TA,Y,144,96,0,0,0,0,0,2,2006,WD,Normal,192500.0
950,20,RL,78.0,9360.0,Pave,Reg,Lvl,AllPub,Inside,Gtl,NWAmes,Norm,Norm,1Fam,1Story,6,7,1972,2006,Hip,CompShg,Plywood,Plywood,0.0,TA,TA,CBlock,TA,TA,No,ALQ,982.0,Unf,0,179.0,1161,GasA,TA,Y,SBrkr,1381.0,0,0,1381.0,1,0,1,1,3,1,Gd,5,Typ,1,TA,Attchd,1972.0,RFn,2,676.0,TA,TA,Y,0,0,0,0,0,0,0,3,2010,WD,Normal,197500.0
951,20,RL,60.0,7200.0,Pave,Reg,Lvl,AllPub,Inside,Gtl,NAmes,Norm,Norm,1Fam,1Story,5,8,1950,2002,Gable,CompShg,VinylSd,VinylSd,0.0,TA,TA,CBlock,TA,TA,No,ALQ,398.0,BLQ,0,317.0,864,GasA,Gd,Y,SBrkr,864.0,0,0,864.0,1,0,1,0,3,1,Gd,5,Typ,0,None,Detchd,1980.0,RFn,2,720.0,TA,TA,Y,194,0,0,0,0,0,0,7,2007,WD,Normal,129000.0
952,20,RH,60.0,7800.0,Pave,Reg,Lvl,AllPub,Corner,Gtl,SawyerW,Norm,Norm,1Fam,1Story,5,5,1965,1965,Gable,CompShg,VinylSd,VinylSd,0.0,TA,TA,CBlock,TA,TA,No,BLQ,641.0,Unf,0,187.0,828,GasA,Gd,Y,SBrkr,965.0,0,0,965.0,1,0,1,0,3,1,TA,6,Typ,0,None,Detchd,1979.0,Unf,1,300.0,TA,TA,Y,420,0,0,0,0,0,0,7,2006,WD,Abnorml,119900.0
953,85,RL,60.0,7200.0,Pave,Reg,Lvl,AllPub,Inside,Gtl,CollgCr,Norm,Norm,1Fam,SFoyer,5,8,1972,2003,Gable,CompShg,WdShing,HdBoard,0.0,TA,Gd,CBlock,Gd,TA,Av,GLQ,660.0,Unf,0,108.0,768,GasA,Gd,Y,SBrkr,768.0,0,0,768.0,0,1,1,0,2,1,TA,5,Typ,0,None,Detchd,1974.0,Fin,1,396.0,TA,TA,Y,192,0,0,0,0,0,0,4,2009,WD,Normal,133900.0
954,60,RL,73.0,11075.0,Pave,IR1,Lvl,AllPub,Inside,Mod,Mitchel,Norm,Norm,1Fam,2Story,5,4,1969,1969,Gable,CompShg,HdBoard,HdBoard,232.0,TA,TA,CBlock,TA,TA,Av,ALQ,562.0,LwQ,0,29.0,784,GasA,Ex,Y,SBrkr,1168.0,800,0,1968.0,0,1,2,1,4,1,TA,7,Min2,1,Po,Attchd,1969.0,RFn,2,530.0,TA,TA,Y,305,170,0,0,0,0,400,9,2008,WD,Normal,172000.0
955,90,RL,35.0,9400.0,Pave,IR1,Lvl,AllPub,CulDSac,Gtl,Edwards,Norm,Norm,Duplex,SFoyer,6,5,1975,1975,Flat,Tar&Grv,WdShing,Plywood,250.0,TA,TA,CBlock,Gd,Gd,Gd,GLQ,945.0,Unf,0,0.0,945,GasA,TA,Y,SBrkr,980.0,0,0,980.0,0,2,2,0,4,0,TA,4,Typ,0,None,None,1893.5,None,0,0.0,None,None,Y,0,0,0,0,0,0,0,10,2006,WD,AdjLand,127500.0
956,90,RH,82.0,7136.0,Pave,IR1,HLS,AllPub,Inside,Gtl,Crawfor,Norm,Norm,Duplex,2Story,6,6,1946,1950,Gable,CompShg,MetalSd,MetalSd,410.625,TA,TA,CBlock,Gd,TA,No,Rec,484.0,Unf,0,495.0,979,GasA,TA,N,FuseF,979.0,979,0,1958.0,0,0,2,0,4,2,TA,8,Typ,0,None,Attchd,1946.0,Unf,2,492.0,TA,TA,Y,0,0,0,0,0,0,0,8,2007,WD,Normal,145000.0
957,160,RM,30.0,1481.5,Pave,Reg,Lvl,AllPub,Inside,Gtl,Blueste,Norm,Norm,TwnhsE,2Story,6,6,1980,1980,Gable,CompShg,MetalSd,MetalSd,0.0,TA,TA,CBlock,Gd,TA,No,ALQ,285.0,Unf,0,276.0,561,GasA,TA,Y,SBrkr,561.0,668,0,1229.0,0,0,1,1,2,1,TA,5,Typ,1,TA,Attchd,1980.0,Fin,2,462.0,TA,TA,Y,150,0,0,0,0,0,0,5,2009,WD,Normal,124000.0
958,20,RL,70.0,7420.0,Pave,Reg,Lvl,AllPub,Inside,Gtl,Sawyer,Norm,Norm,1Fam,1Story,5,5,1962,1962,Hip,CompShg,MetalSd,MetalSd,0.0,TA,TA,CBlock,TA,TA,No,Rec,417.0,Unf,0,640.0,1057,GasA,TA,Y,SBrkr,1057.0,0,0,1057.0,0,0,1,0,3,1,TA,6,Typ,0,None,Detchd,1977.0,Fin,2,576.0,TA,TA,Y,0,0,0,0,0,0,0,4,2007,WD,Normal,132000.0
959,20,RL,65.0,8450.0,Pave,Reg,Lvl,AllPub,Inside,Gtl,CollgCr,Norm,Norm,1Fam,1Story,7,5,2003,2003,Gable,CompShg,VinylSd,VinylSd,0.0,Gd,TA,PConc,Gd,TA,Mn,GLQ,699.0,Unf,0,638.0,1337,GasA,Ex,Y,SBrkr,1337.0,0,0,1337.0,1,0,2,0,3,1,Gd,6,Typ,0,None,Attchd,2003.0,RFn,2,531.0,TA,TA,Y,0,39,0,0,0,0,0,10,2007,WD,Normal,185000.0
960,160,FV,30.0,2572.0,Pave,Reg,Lvl,AllPub,FR2,Gtl,Somerst,Norm,Norm,Twnhs,2Story,7,5,1999,1999,Hip,CompShg,MetalSd,MetalSd,0.0,Gd,TA,PConc,Gd,TA,No,ALQ,604.0,Unf,0,92.0,696,GasA,Ex,Y,SBrkr,696.0,720,0,1416.0,1,0,2,1,3,1,Gd,6,Typ,0,None,Detchd,1999.0,Unf,2,484.0,TA,TA,Y,0,44,0,0,0,0,0,5,2010,WD,Normal,155000.0
961,20,RL,50.0,7207.0,Pave,IR1,Lvl,AllPub,Inside,Gtl,BrkSide,Norm,Norm,1Fam,1Story,5,7,1958,2008,Gable,CompShg,Wd Sdng,Plywood,0.0,TA,Gd,CBlock,TA,TA,Gd,BLQ,696.0,Unf,0,162.0,858,GasA,Gd,Y,SBrkr,858.0,0,0,858.0,1,0,1,0,2,1,TA,4,Typ,0,None,None,1893.5,None,0,0.0,None,None,Y,117,0,0,0,0,0,0,2,2010,WD,Normal,116500.0
962,60,RL,80.0,12227.0,Pave,IR1,Lvl,AllPub,Corner,Gtl,NWAmes,PosN,Norm,1Fam,2Story,6,7,1977,1995,Gable,CompShg,HdBoard,HdBoard,410.625,TA,Gd,CBlock,Gd,Gd,No,ALQ,896.0,Unf,0,434.0,1330,GasA,TA,Y,SBrkr,1542.0,1330,0,2747.625,1,0,2,1,4,1,TA,11,Typ,1,TA,Attchd,1977.0,Fin,2,619.0,TA,TA,Y,420,170,0,0,0,0,0,7,2008,WD,Normal,272000.0
963,160,RL,30.0,2308.0,Pave,Reg,Lvl,AllPub,Corner,Gtl,NPkVill,Norm,Norm,TwnhsE,2Story,6,6,1976,1976,Gable,CompShg,Plywood,Brk Cmn,0.0,TA,TA,CBlock,Gd,TA,No,ALQ,556.0,Unf,0,248.0,804,GasA,TA,Y,SBrkr,804.0,744,0,1548.0,1,0,2,1,3,1,Gd,7,Typ,1,TA,Detchd,1976.0,Unf,2,440.0,TA,TA,Y,48,0,0,0,0,0,0,7,2007,WD,Normal,155000.0
964,20,RL,110.0,11923.0,Pave,IR1,Lvl,AllPub,Corner,Gtl,CollgCr,Norm,Norm,1Fam,1Story,9,5,2007,2007,Gable,CompShg,VinylSd,VinylSd,0.0,Gd,TA,PConc,Ex,TA,No,Unf,0.0,Unf,0,1685.5,1800,GasA,Ex,Y,SBrkr,1800.0,0,0,1800.0,0,0,2,0,2,1,Ex,7,Typ,0,None,Attchd,2007.0,Fin,2,702.0,TA,TA,Y,288,136,0,0,0,0,0,5,2009,WD,Normal,239000.0
965,60,RL,80.0,11316.0,Pave,Reg,Lvl,AllPub,Corner,Gtl,Timber,Norm,Norm,1Fam,2Story,7,5,2002,2003,Gable,CompShg,VinylSd,VinylSd,44.0,Gd,TA,PConc,Gd,TA,No,GLQ,624.0,Unf,0,193.0,817,GasA,Ex,Y,SBrkr,824.0,1070,0,1894.0,1,0,2,1,4,1,Gd,8,Typ,1,Gd,BuiltIn,2002.0,Fin,2,510.0,TA,TA,Y,0,40,0,0,0,0,0,2,2010,WD,Normal,214900.0
966,60,RL,65.0,10237.0,Pave,Reg,Lvl,AllPub,Inside,Gtl,Gilbert,RRAn,Norm,1Fam,2Story,6,5,2005,2007,Gable,CompShg,VinylSd,VinylSd,0.0,Gd,TA,PConc,Gd,TA,No,Unf,0.0,Unf,0,783.0,783,GasA,Ex,Y,SBrkr,783.0,701,0,1484.0,0,0,2,1,3,1,Gd,8,Typ,1,Gd,Attchd,2005.0,Fin,2,393.0,TA,TA,Y,0,72,0,0,0,0,0,7,2007,New,Partial,178900.0
967,50,RL,110.0,9600.0,Pave,IR1,HLS,AllPub,Inside,Gtl,Crawfor,Norm,Norm,1Fam,1.5Fin,5,7,1940,1950,Gable,CompShg,MetalSd,MetalSd,0.0,Gd,Gd,BrkTil,TA,Fa,No,Rec,428.0,Unf,0,300.0,728,GasA,Ex,Y,SBrkr,976.0,332,0,1308.0,1,0,1,1,2,1,TA,7,Min2,2,TA,Detchd,1940.0,Unf,1,256.0,TA,TA,Y,0,70,0,0,0,0,0,6,2009,WD,Normal,160000.0
968,20,RL,73.0,7390.0,Pave,IR1,Lvl,AllPub,Inside,Gtl,NAmes,Norm,Norm,1Fam,1Story,5,7,1955,1955,Hip,CompShg,Wd Sdng,Wd Sdng,151.0,TA,TA,CBlock,TA,TA,No,ALQ,902.0,Unf,0,196.0,1098,GasA,TA,Y,SBrkr,1098.0,0,0,1098.0,1,0,1,0,3,1,TA,6,Typ,0,None,Attchd,1955.0,Unf,1,260.0,TA,TA,Y,0,0,0,0,0,0,0,7,2008,WD,Normal,135000.0
969,50,RM,50.0,5925.0,Pave,Reg,Lvl,AllPub,Inside,Gtl,OldTown,Norm,Norm,1Fam,1.5Fin,3,6,1910,1950,Gable,CompShg,VinylSd,VinylSd,0.0,TA,TA,BrkTil,TA,TA,No,Unf,0.0,Unf,0,600.0,600,Grav,Fa,N,SBrkr,600.0,368,0,968.0,0,0,1,0,2,1,TA,6,Typ,0,None,None,1893.5,None,0,0.0,None,None,Y,0,0,0,0,0,0,0,5,2009,WD,Abnorml,37900.0
970,190,RL,75.0,10382.0,Pave,Reg,Lvl,AllPub,Inside,Gtl,NAmes,Norm,Norm,2fmCon,SLvl,6,5,1958,1958,Hip,CompShg,HdBoard,HdBoard,105.0,TA,Fa,CBlock,TA,TA,Gd,ALQ,513.0,Unf,0,75.0,588,GasA,TA,Y,SBrkr,1095.0,0,0,1095.0,1,0,1,0,2,1,TA,6,Typ,0,None,Attchd,1958.0,RFn,1,264.0,TA,TA,Y,0,0,0,0,0,0,0,3,2006,ConLD,Normal,140000.0
971,50,RL,60.0,10800.0,Pave,Reg,Lvl,AllPub,Inside,Gtl,NAmes,Norm,Norm,1Fam,1.5Fin,4,4,1949,1950,Gable,CompShg,AsbShng,AsbShng,0.0,TA,TA,CBlock,TA,TA,No,Unf,0.0,Unf,0,720.0,720,GasA,TA,N,FuseA,720.0,472,0,1192.0,0,0,1,1,4,1,TA,6,Typ,0,None,None,1893.5,None,0,0.0,None,None,Y,0,0,0,0,0,0,0,12,2006,WD,Abnorml,135000.0
972,160,RL,36.0,2268.0,Pave,Reg,Lvl,AllPub,Inside,Gtl,NridgHt,Norm,Norm,Twnhs,2Story,7,5,2003,2004,Gable,CompShg,VinylSd,Wd Shng,106.0,Gd,TA,PConc,Gd,TA,No,GLQ,567.0,Unf,0,197.0,764,GasA,Ex,Y,SBrkr,764.0,862,0,1626.0,0,0,2,0,2,1,Gd,6,Typ,0,None,BuiltIn,2003.0,RFn,2,474.0,TA,TA,Y,0,27,0,0,0,0,0,7,2009,WD,Normal,173000.0
973,120,RL,55.0,7892.0,Pave,Reg,Lvl,AllPub,Inside,Gtl,SawyerW,Norm,Norm,TwnhsE,1Story,6,5,1979,1979,Gable,CompShg,Plywood,Plywood,0.0,TA,TA,CBlock,Gd,TA,No,Unf,0.0,Unf,0,918.0,918,GasA,TA,Y,SBrkr,918.0,0,0,918.0,0,0,2,0,2,1,TA,5,Typ,1,TA,Attchd,1979.0,Unf,1,264.0,TA,TA,Y,28,0,0,0,0,0,0,4,2010,WD,Normal,99500.0
974,20,FV,95.0,11639.0,Pave,Reg,Lvl,AllPub,Corner,Gtl,Somerst,Norm,Norm,1Fam,1Story,7,5,2007,2008,Gable,CompShg,CemntBd,CmentBd,0.0,Gd,TA,PConc,Gd,TA,No,Unf,0.0,Unf,0,1428.0,1428,GasA,Ex,Y,SBrkr,1428.0,0,0,1428.0,0,0,2,0,3,1,Gd,6,Typ,0,None,Attchd,2007.0,Fin,2,480.0,TA,TA,Y,0,120,0,0,0,0,0,12,2008,New,Partial,182000.0
975,70,RL,60.0,11414.0,Pave,IR1,Lvl,AllPub,Corner,Gtl,BrkSide,RRAn,Feedr,1Fam,2Story,7,8,1910,1993,Gable,CompShg,HdBoard,HdBoard,0.0,TA,Gd,BrkTil,Gd,TA,No,Unf,0.0,Unf,0,728.0,728,GasA,TA,N,SBrkr,1136.0,883,0,2019.0,0,0,1,0,3,1,Gd,8,Typ,0,None,Detchd,1997.0,Unf,2,532.0,TA,TA,Y,420,135,0,0,0,0,0,10,2009,WD,Normal,167500.0
976,160,FV,73.5,2651.0,Pave,Reg,Lvl,AllPub,FR2,Gtl,Somerst,Norm,Norm,Twnhs,2Story,7,5,2000,2000,Gable,CompShg,MetalSd,MetalSd,0.0,Gd,TA,PConc,Gd,TA,No,GLQ,641.0,Unf,0,32.0,673,GasA,Ex,Y,SBrkr,673.0,709,0,1382.0,1,0,2,1,3,1,Gd,6,Typ,0,None,Detchd,2000.0,Unf,2,490.0,TA,TA,Y,153,50,0,0,0,0,0,4,2006,WD,Normal,165000.0
977,30,RL,51.0,5900.0,Pave,IR1,Bnk,AllPub,Inside,Gtl,BrkSide,Norm,Norm,1Fam,1Story,4,7,1923,1958,Gable,CompShg,Wd Sdng,Wd Sdng,0.0,TA,TA,PConc,Gd,TA,No,Unf,0.0,Unf,0,440.0,440,GasA,TA,Y,FuseA,869.0,0,0,869.0,0,0,1,0,2,1,Fa,4,Typ,0,None,None,1893.5,None,0,0.0,None,None,Y,0,0,0,0,0,0,0,8,2006,WD,Normal,85500.0
978,120,FV,35.0,4274.0,Pave,IR1,Lvl,AllPub,Inside,Gtl,Somerst,Norm,Norm,TwnhsE,1Story,7,5,2006,2007,Gable,CompShg,VinylSd,VinylSd,0.0,Gd,TA,PConc,Gd,TA,No,GLQ,1106.0,Unf,0,135.0,1241,GasA,Ex,Y,SBrkr,1241.0,0,0,1241.0,1,0,1,1,1,1,Gd,4,Typ,0,None,Attchd,2007.0,Fin,2,569.0,TA,TA,Y,0,116,0,0,0,0,0,11,2007,New,Partial,199900.0
979,20,RL,68.0,9450.0,Pave,Reg,Bnk,AllPub,Inside,Mod,Edwards,Norm,Norm,1Fam,1Story,4,5,1954,1954,Gable,CompShg,MetalSd,MetalSd,0.0,TA,TA,CBlock,TA,TA,No,LwQ,552.0,Unf,0,342.0,894,GasA,Ex,Y,SBrkr,894.0,0,0,894.0,0,0,1,0,3,1,TA,5,Typ,0,None,Detchd,1999.0,Unf,2,400.0,TA,TA,Y,0,0,0,0,0,0,0,5,2007,WD,Abnorml,110000.0
980,20,RL,80.0,8816.0,Pave,Reg,Lvl,AllPub,Corner,Gtl,Sawyer,Feedr,Norm,1Fam,1Story,5,6,1963,1963,Gable,CompShg,VinylSd,VinylSd,0.0,TA,TA,PConc,TA,TA,No,Rec,651.0,Unf,0,470.0,1121,GasA,TA,Y,SBrkr,1121.0,0,0,1121.0,1,0,1,0,3,1,TA,5,Typ,0,None,Detchd,1963.0,Unf,2,480.0,TA,TA,Y,0,80,0,0,0,0,0,6,2009,WD,Normal,139000.0
981,85,RL,73.0,12122.0,Pave,IR1,Lvl,AllPub,Corner,Gtl,NAmes,Norm,Norm,1Fam,SFoyer,7,9,1961,2007,Gable,CompShg,CemntBd,CmentBd,210.0,Ex,TA,CBlock,TA,TA,Av,ALQ,867.0,Unf,0,77.0,944,GasA,Gd,Y,SBrkr,999.0,0,0,999.0,1,0,1,0,3,1,Ex,6,Typ,0,None,Attchd,1961.0,RFn,2,588.0,TA,TA,Y,144,76,0,0,0,0,0,7,2008,WD,Normal,178400.0
982,60,RL,98.0,12203.0,Pave,IR1,Lvl,AllPub,Corner,Gtl,NoRidge,Norm,Norm,1Fam,2Story,8,5,1998,1999,Hip,CompShg,VinylSd,VinylSd,410.625,Gd,TA,PConc,Gd,TA,No,GLQ,854.0,Unf,0,371.0,1225,GasA,Ex,Y,SBrkr,1276.0,1336,0,2612.0,1,0,2,1,4,1,Gd,8,Typ,1,TA,Attchd,1998.0,Fin,3,676.0,TA,TA,Y,250,0,0,0,0,0,0,7,2009,WD,Normal,336000.0
983,20,RL,43.0,3182.0,Pave,Reg,Lvl,AllPub,Inside,Gtl,Blmngtn,Norm,Norm,1Fam,1Story,7,5,2007,2007,Gable,CompShg,VinylSd,VinylSd,16.0,Gd,TA,PConc,Gd,TA,Av,Unf,0.0,Unf,0,1266.0,1266,GasA,Ex,Y,SBrkr,1266.0,0,0,1266.0,0,0,2,0,2,1,Gd,6,Typ,1,Gd,Attchd,2007.0,Fin,2,388.0,TA,TA,Y,100,16,0,0,0,0,0,3,2008,WD,Normal,159895.0
984,60,RL,70.0,11250.0,Pave,Reg,Lvl,AllPub,Corner,Gtl,CollgCr,Norm,Norm,1Fam,2Story,8,5,2002,2002,Gable,CompShg,CemntBd,CmentBd,0.0,Gd,TA,PConc,Gd,TA,Mn,Unf,0.0,Unf,0,1128.0,1128,GasA,Ex,Y,SBrkr,1149.0,1141,0,2290.0,0,0,2,1,4,1,Gd,9,Typ,1,Gd,Attchd,2002.0,Unf,2,779.0,TA,TA,Y,0,0,0,0,0,0,0,5,2008,WD,Normal,255900.0
985,90,RL,75.0,10125.0,Pave,Reg,Lvl,AllPub,Inside,Gtl,Mitchel,Norm,Norm,Duplex,1.5Fin,5,5,1977,1977,Gable,CompShg,Plywood,Plywood,0.0,TA,TA,CBlock,None,None,None,None,0.0,None,0,0.0,42,GasA,TA,Y,SBrkr,1302.0,432,0,1734.0,0,0,2,0,4,2,Gd,8,Typ,0,None,Attchd,1977.0,Unf,2,539.0,TA,TA,Y,0,0,0,0,0,0,0,8,2009,COD,Normal,126000.0
986,190,RL,68.0,10880.0,Pave,Reg,Lvl,AllPub,Inside,Gtl,Edwards,Norm,Norm,2fmCon,1Story,5,5,1950,1950,Gable,CompShg,MetalSd,MetalSd,0.0,TA,TA,CBlock,TA,TA,No,ALQ,1040.0,Unf,0,124.0,1164,GasW,TA,N,SBrkr,1164.0,0,0,1164.0,1,0,1,0,3,1,TA,5,Typ,0,None,Detchd,1950.0,Unf,1,240.0,TA,TA,Y,0,48,0,0,0,0,0,8,2008,ConLD,Normal,125000.0
987,50,RM,59.0,5310.0,Pave,Reg,Lvl,AllPub,Corner,Gtl,OldTown,Feedr,Norm,1Fam,1.5Fin,6,8,1910,2003,Hip,CompShg,VinylSd,VinylSd,0.0,TA,Gd,CBlock,TA,Fa,No,Unf,0.0,Unf,0,485.0,485,GasA,Gd,Y,SBrkr,1001.0,634,0,1635.0,0,0,1,0,2,1,Gd,5,Typ,0,None,Attchd,1950.0,Unf,1,255.0,Fa,TA,Y,394,0,0,0,0,0,0,6,2006,WD,Normal,117000.0
988,20,RL,83.0,10159.0,Pave,IR1,Lvl,AllPub,Inside,Gtl,NridgHt,Norm,Norm,1Fam,1Story,9,5,2009,2010,Hip,CompShg,VinylSd,VinylSd,410.625,Ex,TA,PConc,Ex,TA,Av,GLQ,1646.0,Unf,0,284.0,1930,GasA,Ex,Y,SBrkr,1940.0,0,0,1940.0,1,0,2,1,3,1,Ex,8,Typ,1,Gd,Attchd,2010.0,Fin,3,606.0,TA,TA,Y,168,95,0,0,0,0,0,4,2010,New,Partial,340037.5
989,60,RL,80.0,12046.0,Pave,IR1,Lvl,AllPub,Inside,Gtl,NWAmes,Norm,Norm,1Fam,2Story,6,6,1976,1976,Gable,CompShg,Plywood,Plywood,298.0,TA,TA,CBlock,TA,TA,No,LwQ,156.0,Unf,0,692.0,848,GasA,TA,Y,SBrkr,1118.0,912,0,2030.0,0,0,2,1,4,1,Gd,8,Typ,1,TA,Attchd,1976.0,Fin,2,551.0,TA,TA,Y,0,170,0,0,0,0,0,6,2007,WD,Normal,195000.0
990,60,FV,65.0,8125.0,Pave,Reg,Lvl,AllPub,Inside,Gtl,Somerst,Norm,Norm,1Fam,2Story,7,5,2006,2006,Gable,CompShg,VinylSd,VinylSd,0.0,Gd,TA,PConc,Gd,Gd,No,Unf,0.0,Unf,0,770.0,770,GasA,Ex,Y,SBrkr,778.0,798,0,1576.0,0,0,2,1,3,1,Gd,6,Typ,0,None,Attchd,2006.0,RFn,2,614.0,TA,TA,Y,0,50,0,0,0,0,0,8,2006,New,Partial,197000.0
991,60,RL,82.0,9452.0,Pave,Reg,Lvl,AllPub,Inside,Gtl,NoRidge,Norm,Norm,1Fam,2Story,8,5,1997,1998,Gable,CompShg,VinylSd,VinylSd,410.625,Gd,TA,PConc,Gd,TA,No,GLQ,1074.0,Unf,0,322.0,1396,GasA,Ex,Y,SBrkr,1407.0,985,0,2392.0,1,0,2,1,3,1,Gd,7,Typ,1,TA,Attchd,1997.0,Fin,3,870.0,TA,TA,Y,0,70,0,0,0,0,0,6,2006,WD,Normal,340037.5
992,70,RM,110.0,17671.0,Pave,Reg,Lvl,AllPub,Corner,Gtl,OldTown,Artery,Norm,1Fam,2Story,8,9,1885,1986,Gable,CompShg,Wd Sdng,Wd Sdng,0.0,Gd,Gd,BrkTil,TA,TA,No,BLQ,216.0,Unf,0,700.0,916,GasA,Gd,Y,SBrkr,916.0,826,0,1742.0,0,0,1,1,4,1,Gd,8,Typ,1,Gd,Attchd,1925.0,Unf,2,424.0,TA,TA,P,0,169,0,0,0,0,0,11,2009,WD,Normal,168000.0
993,60,RL,80.0,9760.0,Pave,Reg,Lvl,AllPub,Inside,Mod,NAmes,Norm,Norm,1Fam,2Story,6,8,1964,1993,Hip,CompShg,Wd Sdng,Wd Sdng,340.0,TA,TA,CBlock,TA,TA,Gd,BLQ,536.0,Rec,0,169.0,822,GasA,Gd,Y,SBrkr,1020.0,831,0,1851.0,0,0,2,1,3,1,Gd,7,Typ,1,Fa,Attchd,1964.0,RFn,2,440.0,TA,TA,Y,239,42,0,0,0,0,0,7,2007,WD,Normal,187000.0
994,60,RL,68.0,8846.0,Pave,Reg,Lvl,AllPub,Inside,Gtl,CollgCr,Norm,Norm,1Fam,2Story,6,5,2005,2006,Gable,CompShg,VinylSd,VinylSd,0.0,TA,TA,PConc,Gd,TA,No,Unf,0.0,Unf,0,750.0,750,GasA,Ex,Y,SBrkr,750.0,750,0,1500.0,0,0,2,1,3,1,Gd,6,Typ,0,None,Attchd,2005.0,RFn,2,564.0,TA,TA,Y,0,35,0,0,0,0,0,8,2006,New,Partial,173900.0
995,20,RL,96.0,12456.0,Pave,Reg,Lvl,AllPub,FR2,Gtl,NridgHt,Norm,Norm,1Fam,1Story,10,5,2006,2007,Hip,CompShg,CemntBd,CmentBd,230.0,Ex,TA,PConc,Ex,TA,Gd,GLQ,1172.0,Unf,0,528.0,1700,GasA,Ex,Y,SBrkr,1718.0,0,0,1718.0,1,0,2,0,3,1,Ex,7,Typ,1,Gd,Attchd,2008.0,Fin,3,786.0,TA,TA,Y,216,48,0,0,0,0,0,7,2009,WD,Normal,337500.0
996,50,RL,51.0,4712.0,Pave,IR1,Lvl,AllPub,Inside,Mod,BrkSide,Feedr,Norm,1Fam,1.5Fin,4,7,1946,1950,Gable,CompShg,MetalSd,MetalSd,0.0,TA,TA,CBlock,TA,TA,No,ALQ,384.0,Unf,0,363.0,747,GasA,TA,Y,SBrkr,774.0,456,0,1230.0,1,0,1,1,3,1,TA,5,Typ,0,None,Detchd,1946.0,Unf,1,305.0,TA,TA,Y,0,57,0,0,0,0,0,8,2006,WD,Abnorml,121600.0
997,20,RL,73.0,10659.0,Pave,IR1,Lvl,AllPub,Inside,Gtl,NAmes,Norm,Norm,1Fam,1Story,5,6,1961,1961,Hip,CompShg,Wd Sdng,Wd Sdng,0.0,TA,TA,CBlock,TA,TA,No,Rec,915.0,Unf,0,135.0,1050,GasA,TA,Y,SBrkr,1050.0,0,0,1050.0,1,0,1,0,3,1,TA,6,Typ,0,None,Attchd,1961.0,Unf,1,368.0,TA,TA,Y,0,170,0,0,0,0,0,1,2006,COD,Normal,136500.0
998,20,RL,80.0,11717.0,Pave,IR1,Lvl,AllPub,Inside,Gtl,NWAmes,PosA,Norm,1Fam,1Story,6,6,1970,1970,Hip,CompShg,HdBoard,HdBoard,410.625,TA,TA,CBlock,TA,TA,No,Unf,0.0,Unf,0,1442.0,1442,GasA,TA,Y,SBrkr,1442.0,0,0,1442.0,0,0,2,0,2,1,TA,6,Typ,1,TA,Attchd,1970.0,RFn,2,615.0,TA,TA,Y,371,0,0,0,0,0,0,2,2009,WD,Normal,185000.0
999,30,RM,60.0,9786.0,Pave,Reg,Lvl,AllPub,Inside,Gtl,IDOTRR,Norm,Norm,1Fam,1Story,3,4,1922,1950,Hip,CompShg,Wd Sdng,Wd Sdng,0.0,TA,TA,BrkTil,TA,Fa,No,Unf,0.0,Unf,0,1007.0,1007,GasA,Fa,N,SBrkr,1077.0,0,0,1077.0,0,0,1,0,3,1,TA,6,Typ,1,Gd,Detchd,1922.0,Unf,1,210.0,TA,Fa,P,0,100,0,0,0,0,0,5,2006,WD,Normal,91000.0
1000,20,RL,64.0,6762.0,Pave,Reg,Lvl,AllPub,Inside,Gtl,CollgCr,Norm,Norm,1Fam,1Story,7,5,2006,2006,Gable,CompShg,VinylSd,VinylSd,24.0,Gd,TA,PConc,Gd,TA,Av,GLQ,686.0,Unf,0,501.0,1187,GasA,Ex,Y,SBrkr,1208.0,0,0,1208.0,1,0,2,0,2,1,Gd,6,Typ,0,None,Attchd,2006.0,RFn,2,632.0,TA,TA,Y,105,61,0,0,0,0,0,2,2010,WD,Normal,206000.0
1001,20,RL,74.0,10206.0,Pave,Reg,Lvl,AllPub,Corner,Gtl,Edwards,Norm,Norm,1Fam,1Story,3,3,1952,1952,Flat,Tar&Grv,BrkComm,Brk Cmn,0.0,TA,TA,Slab,None,None,None,None,0.0,None,0,0.0,42,GasW,Fa,N,FuseF,944.0,0,0,944.0,0,0,1,0,2,1,Fa,4,Min1,0,None,Detchd,1956.0,Unf,2,528.0,TA,Fa,Y,0,0,0,0,0,0,0,7,2009,WD,Normal,82000.0
1002,30,RL,60.0,5400.0,Pave,Reg,Lvl,AllPub,Corner,Gtl,OldTown,Norm,Norm,1Fam,1Story,5,6,1920,1950,Gable,CompShg,Wd Sdng,Wd Sdng,0.0,TA,TA,BrkTil,Fa,TA,No,Unf,0.0,Unf,0,691.0,691,GasA,Ex,Y,FuseA,691.0,0,0,691.0,0,0,1,0,2,1,Ex,4,Typ,0,None,Detchd,1920.0,Unf,1,216.0,Fa,TA,N,0,20,0,0,0,0,0,1,2007,WD,Abnorml,86000.0
1003,20,RL,75.0,11957.0,Pave,IR1,Lvl,AllPub,Inside,Gtl,Somerst,RRAn,Norm,1Fam,1Story,8,5,2006,2006,Gable,CompShg,VinylSd,VinylSd,53.0,Gd,TA,PConc,Gd,TA,No,GLQ,24.0,Unf,0,1550.0,1574,GasA,Ex,Y,SBrkr,1574.0,0,0,1574.0,0,0,2,0,3,1,Gd,7,Typ,1,Gd,Attchd,2006.0,RFn,3,824.0,TA,TA,Y,144,104,0,0,0,0,0,7,2008,WD,Normal,232000.0
1004,90,RL,80.0,11500.0,Pave,IR1,Lvl,AllPub,Corner,Gtl,NWAmes,Feedr,RRAn,Duplex,1Story,5,6,1976,1976,Gable,CompShg,VinylSd,VinylSd,164.0,TA,TA,CBlock,TA,TA,No,Unf,0.0,Unf,0,1680.0,1680,GasA,Fa,Y,SBrkr,1680.0,0,0,1680.0,0,0,2,0,4,2,TA,8,Typ,0,None,Detchd,1976.0,Unf,2,528.0,TA,TA,Y,0,0,0,0,0,0,0,6,2007,WD,Normal,136905.0
1005,120,RL,43.0,3182.0,Pave,Reg,Lvl,AllPub,Inside,Gtl,Blmngtn,Norm,Norm,TwnhsE,1Story,7,5,2005,2006,Gable,CompShg,VinylSd,VinylSd,16.0,Gd,TA,PConc,Gd,TA,No,GLQ,16.0,Unf,0,1330.0,1346,GasA,Ex,Y,SBrkr,1504.0,0,0,1504.0,0,0,2,0,1,1,Gd,7,Typ,1,Gd,Attchd,2005.0,Fin,2,457.0,TA,TA,Y,156,0,0,0,0,0,0,5,2009,WD,Normal,181000.0
1006,80,RL,65.0,8385.0,Pave,Reg,Lvl,AllPub,Inside,Gtl,CollgCr,Norm,Norm,1Fam,SLvl,5,8,1977,1977,Gable,CompShg,HdBoard,HdBoard,220.0,Gd,TA,CBlock,Gd,Gd,Av,GLQ,595.0,Unf,0,390.0,985,GasA,TA,Y,SBrkr,985.0,0,0,985.0,0,0,2,0,3,1,TA,6,Typ,0,None,Attchd,1977.0,Unf,1,328.0,TA,TA,Y,210,0,0,0,0,0,0,11,2008,WD,Normal,149900.0
1007,20,RL,73.0,12155.0,Pave,IR3,Lvl,AllPub,Inside,Gtl,NAmes,PosN,Norm,1Fam,1Story,6,3,1970,1970,Gable,CompShg,Plywood,Plywood,0.0,TA,TA,CBlock,Gd,TA,No,LwQ,1237.0,Unf,0,420.0,1657,GasA,Gd,Y,SBrkr,1657.0,0,0,1657.0,0,1,2,0,3,1,TA,7,Typ,1,TA,Attchd,1970.0,Unf,2,484.0,TA,TA,Y,0,0,0,0,0,0,0,3,2007,WD,Normal,163500.0
1008,160,RM,30.0,2217.0,Pave,Reg,Lvl,AllPub,Inside,Gtl,MeadowV,Norm,Norm,TwnhsE,2Story,4,4,1970,1970,Gable,CompShg,CemntBd,CmentBd,0.0,TA,TA,CBlock,TA,TA,No,BLQ,273.0,LwQ,0,0.0,546,GasA,TA,Y,SBrkr,546.0,546,0,1092.0,0,0,1,1,3,1,TA,6,Typ,0,None,Attchd,1970.0,RFn,1,286.0,TA,TA,Y,238,0,0,0,0,0,0,8,2009,WD,Normal,88000.0
1009,20,RL,43.0,12118.0,Pave,IR1,Lvl,AllPub,CulDSac,Gtl,Mitchel,Norm,Norm,1Fam,1Story,7,5,2004,2005,Hip,CompShg,VinylSd,VinylSd,108.0,Gd,TA,PConc,Ex,TA,Mn,Unf,0.0,Unf,0,1685.5,1710,GasA,Ex,Y,SBrkr,1710.0,0,0,1710.0,0,0,2,0,3,1,Gd,7,Typ,1,Gd,Attchd,2004.0,Fin,2,550.0,TA,TA,Y,100,48,0,0,0,0,0,4,2009,WD,Normal,240000.0
1010,50,RL,60.0,6000.0,Pave,Reg,Lvl,AllPub,Inside,Gtl,SWISU,Norm,Norm,1Fam,1.5Fin,5,5,1926,1950,Gable,CompShg,Wd Sdng,Wd Sdng,0.0,TA,Fa,BrkTil,TA,TA,No,Unf,0.0,Unf,0,1008.0,1008,GasA,Ex,Y,SBrkr,1008.0,0,514,1522.0,0,0,2,0,4,1,TA,7,Typ,0,None,None,1893.5,None,0,0.0,None,None,P,0,0,0,0,0,0,0,6,2006,WD,Normal,102000.0
1011,50,RL,110.0,17673.5,Pave,Reg,Lvl,AllPub,Inside,Gtl,Sawyer,Norm,Norm,1Fam,1.5Fin,5,5,1948,1950,Gable,CompShg,Wd Sdng,Wd Sdng,0.0,TA,TA,CBlock,TA,TA,No,Unf,0.0,Unf,0,720.0,720,GasA,TA,Y,SBrkr,720.0,551,0,1271.0,0,0,2,0,4,1,TA,7,Typ,1,Gd,Attchd,1948.0,Unf,1,312.0,TA,TA,Y,0,0,0,0,0,0,0,8,2008,WD,Normal,135000.0
1012,90,RL,75.0,9825.0,Pave,Reg,Lvl,AllPub,Inside,Gtl,Edwards,Norm,Norm,Duplex,1Story,5,5,1965,1965,Hip,CompShg,AsphShn,AsphShn,0.0,TA,TA,CBlock,None,None,None,None,0.0,None,0,0.0,42,GasA,TA,N,SBrkr,1664.0,0,0,1664.0,0,0,2,0,4,2,TA,8,Typ,0,None,None,1893.5,None,0,0.0,None,None,Y,0,0,0,0,0,0,0,5,2010,WD,Normal,100000.0
1013,70,RL,55.0,10592.0,Pave,Reg,Lvl,AllPub,Inside,Gtl,Crawfor,Norm,Norm,1Fam,2Story,6,7,1923,1996,Hip,CompShg,Wd Sdng,Wd Sdng,0.0,TA,Gd,PConc,TA,Fa,No,Unf,0.0,Unf,0,602.0,602,GasA,TA,Y,SBrkr,900.0,602,0,1502.0,0,0,1,1,3,1,Gd,7,Typ,2,TA,Detchd,1923.0,Unf,1,180.0,TA,TA,Y,96,0,0,0,0,0,0,8,2007,WD,Normal,165000.0
1014,30,RM,60.0,7200.0,Pave,Reg,Lvl,AllPub,Inside,Gtl,OldTown,Norm,Norm,1Fam,1Story,5,4,1910,2006,Hip,CompShg,MetalSd,Stucco,0.0,TA,TA,BrkTil,TA,TA,No,ALQ,247.0,Rec,0,310.0,1022,GasW,TA,N,SBrkr,1022.0,0,0,1022.0,1,0,1,0,2,1,TA,4,Maj2,0,None,Detchd,1956.0,Unf,1,280.0,TA,TA,Y,0,30,0,0,0,0,0,6,2009,WD,Normal,85000.0
1015,20,RL,60.0,11664.0,Pave,Reg,Lvl,AllPub,Inside,Gtl,NAmes,Artery,Norm,1Fam,1Story,6,5,1948,1950,Gable,CompShg,MetalSd,MetalSd,206.0,TA,TA,CBlock,TA,Fa,No,BLQ,336.0,Unf,0,746.0,1082,GasA,TA,Y,SBrkr,1082.0,0,0,1082.0,0,0,1,0,2,1,TA,5,Typ,1,Gd,Detchd,1948.0,Unf,1,240.0,TA,TA,Y,0,130,0,0,0,0,0,11,2007,WD,Normal,119200.0
1016,60,RL,70.0,8400.0,Pave,Reg,Lvl,AllPub,Inside,Gtl,NWAmes,Norm,Norm,1Fam,2Story,8,6,2001,2001,Gable,CompShg,VinylSd,VinylSd,0.0,Gd,TA,PConc,Gd,TA,No,GLQ,643.0,Unf,0,167.0,810,GasA,Ex,Y,SBrkr,810.0,855,0,1665.0,1,0,2,1,3,1,Gd,6,Typ,0,None,Attchd,2001.0,Fin,2,528.0,TA,TA,Y,0,45,0,0,0,0,0,11,2009,WD,Normal,227000.0
1017,20,RL,73.0,11883.0,Pave,Reg,Lvl,AllPub,Inside,Gtl,CollgCr,Norm,Norm,1Fam,1Story,7,5,1996,1996,Hip,CompShg,VinylSd,VinylSd,196.0,Gd,TA,PConc,Gd,TA,Gd,GLQ,690.0,Unf,0,814.0,1504,GasA,Ex,Y,SBrkr,1504.0,0,0,1504.0,1,0,2,0,3,1,Gd,6,Typ,1,TA,Attchd,1996.0,Fin,2,478.0,TA,TA,Y,115,66,0,0,0,0,0,6,2009,WD,Normal,203000.0
1018,120,RL,61.5,5814.0,Pave,IR1,Lvl,AllPub,CulDSac,Gtl,StoneBr,Norm,Norm,TwnhsE,1Story,8,5,1984,1984,Gable,CompShg,HdBoard,HdBoard,0.0,Gd,TA,CBlock,Gd,TA,Av,GLQ,1036.0,Unf,0,184.0,1220,GasA,Gd,Y,SBrkr,1360.0,0,0,1360.0,1,0,1,0,1,1,Gd,4,Typ,1,Ex,Attchd,1984.0,RFn,2,565.0,TA,TA,Y,63,0,0,0,0,0,0,8,2009,COD,Abnorml,187500.0
1019,80,RL,65.0,10784.0,Pave,IR1,Lvl,AllPub,FR2,Gtl,Gilbert,Norm,Norm,1Fam,SLvl,7,5,1991,1992,Gable,CompShg,HdBoard,HdBoard,76.0,Gd,TA,PConc,Gd,TA,No,Unf,0.0,Unf,0,384.0,384,GasA,Gd,Y,SBrkr,802.0,670,0,1472.0,0,0,2,1,3,1,Gd,7,Typ,1,TA,Attchd,1991.0,RFn,2,402.0,TA,TA,Y,164,0,0,0,0,0,0,5,2007,WD,Normal,160000.0
1020,120,RL,43.0,3013.0,Pave,Reg,Lvl,AllPub,Inside,Gtl,Blmngtn,Norm,Norm,TwnhsE,1Story,7,5,2005,2005,Gable,CompShg,VinylSd,VinylSd,145.0,Gd,TA,PConc,Gd,TA,Gd,GLQ,16.0,Unf,0,1346.0,1362,GasA,Ex,Y,SBrkr,1506.0,0,0,1506.0,0,0,2,0,2,1,Gd,6,Typ,1,Gd,Attchd,2005.0,Fin,2,440.0,TA,TA,Y,142,20,0,0,0,0,0,4,2006,WD,Normal,213490.0
1021,20,RL,60.0,7024.0,Pave,Reg,Lvl,AllPub,Inside,Gtl,Edwards,Norm,Norm,1Fam,1Story,4,5,2005,2005,Gable,CompShg,VinylSd,VinylSd,0.0,TA,TA,PConc,Gd,TA,No,GLQ,1024.0,Unf,0,108.0,1132,GasA,Ex,Y,SBrkr,1132.0,0,0,1132.0,1,0,1,1,2,1,Gd,5,Typ,0,None,Attchd,2005.0,Fin,2,451.0,TA,TA,Y,252,64,0,0,0,0,0,6,2008,WD,Normal,176000.0
1022,20,RL,64.0,7406.0,Pave,Reg,Lvl,AllPub,Inside,Gtl,CollgCr,Norm,Norm,1Fam,1Story,7,5,2006,2006,Gable,CompShg,VinylSd,VinylSd,84.0,Gd,TA,PConc,Gd,TA,Av,GLQ,684.0,Unf,0,515.0,1199,GasA,Ex,Y,SBrkr,1220.0,0,0,1220.0,1,0,2,0,2,1,Gd,6,Typ,0,None,Attchd,2006.0,RFn,2,632.0,TA,TA,Y,105,54,0,0,0,0,0,7,2006,New,Partial,194000.0
1023,50,RM,52.0,9439.0,Pave,Reg,Lvl,AllPub,Inside,Gtl,OldTown,Norm,Norm,1Fam,1.5Fin,5,5,1930,1950,Gable,CompShg,Wd Sdng,Wd Sdng,0.0,TA,TA,CBlock,TA,TA,No,LwQ,324.0,Unf,0,588.0,912,GasA,Gd,Y,FuseA,912.0,336,0,1248.0,0,0,1,0,2,1,TA,6,Typ,0,None,Detchd,1957.0,Unf,1,160.0,Fa,Fa,Y,0,0,0,0,0,0,0,3,2007,WD,Normal,87000.0
1024,120,RL,43.0,3182.0,Pave,Reg,Lvl,AllPub,Inside,Gtl,Blmngtn,Norm,Norm,TwnhsE,1Story,7,5,2005,2006,Gable,CompShg,VinylSd,VinylSd,14.0,Gd,TA,PConc,Gd,Gd,No,GLQ,16.0,Unf,0,1330.0,1346,GasA,Ex,Y,SBrkr,1504.0,0,0,1504.0,0,0,2,0,2,1,Gd,7,Typ,1,Gd,Attchd,2005.0,Fin,2,437.0,TA,TA,Y,156,20,0,0,0,0,0,5,2008,WD,Normal,191000.0
1025,20,RL,85.0,15498.0,Pave,IR1,Lvl,AllPub,Corner,Gtl,Timber,Norm,Norm,1Fam,1Story,8,6,1976,1976,Hip,WdShake,Stone,HdBoard,0.0,Gd,TA,CBlock,Gd,TA,Av,ALQ,1165.0,LwQ,0,0.0,1565,GasA,TA,Y,SBrkr,2155.125,0,0,2747.625,1,0,2,0,2,1,Gd,10,Typ,1,Gd,Attchd,1976.0,Fin,2,665.0,TA,TA,Y,0,72,0,0,0,0,0,5,2008,COD,Abnorml,287000.0
1026,20,RL,70.0,7700.0,Pave,Reg,Lvl,AllPub,Corner,Gtl,CollgCr,Norm,Norm,1Fam,1Story,5,5,1972,1972,Gable,CompShg,VinylSd,VinylSd,0.0,TA,TA,CBlock,TA,TA,No,LwQ,138.0,Rec,0,276.0,882,GasA,TA,Y,SBrkr,882.0,0,0,882.0,1,0,1,0,3,1,TA,5,Typ,0,None,Detchd,1980.0,Unf,2,461.0,TA,TA,Y,96,0,0,0,0,0,0,3,2007,WD,Normal,112500.0
1027,20,RL,73.0,9300.0,Pave,Reg,Lvl,AllPub,Inside,Gtl,NAmes,Feedr,Norm,1Fam,1Story,5,5,1960,1960,Gable,CompShg,MetalSd,HdBoard,324.0,TA,TA,CBlock,TA,TA,No,Rec,697.0,Unf,0,571.0,1268,GasA,TA,Y,SBrkr,1264.0,0,0,1264.0,1,0,1,0,3,1,TA,6,Typ,2,Gd,Attchd,1960.0,Unf,2,461.0,TA,TA,Y,0,0,0,0,0,0,0,4,2010,WD,Normal,167500.0
1028,20,RL,71.0,9520.0,Pave,IR1,HLS,AllPub,Inside,Gtl,Timber,Norm,Norm,1Fam,1Story,8,5,2007,2008,Gable,CompShg,VinylSd,VinylSd,338.0,Gd,TA,PConc,Gd,TA,Gd,GLQ,1513.0,Unf,0,125.0,1638,GasA,Ex,Y,SBrkr,1646.0,0,0,1646.0,1,0,2,0,3,1,Gd,7,Typ,1,Gd,Attchd,2008.0,RFn,3,800.0,TA,TA,Y,192,44,0,0,0,0,0,4,2008,New,Partial,293077.0
1029,50,RL,79.0,9492.0,Pave,Reg,Lvl,AllPub,Inside,Gtl,NAmes,Artery,Norm,1Fam,1.5Fin,5,5,1941,1950,Gable,CompShg,WdShing,Wd Shng,0.0,TA,TA,CBlock,TA,TA,No,Rec,368.0,BLQ,0,359.0,768,GasA,TA,Y,SBrkr,968.0,408,0,1376.0,1,0,1,0,3,1,TA,6,Typ,1,Gd,Attchd,1941.0,Unf,1,240.0,TA,TA,Y,0,0,0,0,0,0,0,4,2007,WD,Normal,105000.0
1030,160,RM,30.0,1680.0,Pave,Reg,Lvl,AllPub,Inside,Gtl,BrDale,Norm,Norm,Twnhs,2Story,6,7,1972,1972,Gable,CompShg,HdBoard,HdBoard,281.0,TA,TA,CBlock,TA,TA,No,BLQ,317.0,Unf,0,355.0,672,GasA,Gd,Y,SBrkr,672.0,546,0,1218.0,0,1,1,1,3,1,TA,7,Typ,0,None,Detchd,1972.0,Unf,1,264.0,TA,TA,Y,0,28,0,0,0,0,0,5,2006,WD,Normal,118000.0
1031,190,RH,60.0,7082.0,Pave,Reg,Lvl,AllPub,Inside,Gtl,SWISU,Norm,Norm,2fmCon,2Story,5,8,1916,1995,Gable,CompShg,VinylSd,VinylSd,0.0,TA,TA,PConc,TA,TA,Mn,Unf,0.0,Unf,0,686.0,686,GasA,Gd,Y,SBrkr,948.0,980,0,1928.0,0,0,2,0,5,2,TA,10,Typ,0,None,None,1893.5,None,0,0.0,None,None,N,0,0,0,0,0,0,0,7,2006,WD,Normal,160000.0
1032,75,RL,102.0,15863.0,Pave,Reg,Lvl,AllPub,Corner,Gtl,SWISU,Norm,Norm,1Fam,2.5Fin,7,3,1920,1970,Gable,CompShg,Wd Sdng,Plywood,0.0,TA,TA,BrkTil,TA,TA,No,GLQ,523.0,Unf,0,301.0,824,GasA,Ex,Y,SBrkr,1687.0,998,397,2747.625,1,0,2,1,5,1,TA,12,Typ,2,TA,Basment,1970.0,Fin,2,672.0,TA,TA,Y,136,63,0,0,0,0,0,8,2009,WD,Normal,197000.0
1033,60,RL,91.0,14541.0,Pave,IR1,Lvl,AllPub,Corner,Gtl,NoRidge,Norm,Norm,1Fam,2Story,8,7,1993,1993,Gable,CompShg,MetalSd,MetalSd,0.0,Gd,Gd,PConc,Gd,Gd,No,GLQ,1012.0,Unf,0,326.0,1338,GasA,Ex,Y,SBrkr,1352.0,1168,0,2520.0,1,0,2,1,5,1,Gd,10,Typ,1,TA,Attchd,1993.0,RFn,3,796.0,TA,TA,Y,209,55,0,0,0,0,0,11,2006,WD,Abnorml,310000.0
1034,20,RL,70.0,8125.0,Pave,Reg,Lvl,AllPub,Inside,Gtl,CollgCr,Norm,Norm,1Fam,1Story,7,5,2002,2002,Gable,CompShg,VinylSd,VinylSd,295.0,Gd,TA,PConc,Gd,TA,No,GLQ,986.0,Unf,0,668.0,1654,GasA,Ex,Y,SBrkr,1654.0,0,0,1654.0,1,0,2,0,3,1,Gd,6,Typ,0,None,Attchd,2002.0,Unf,3,900.0,TA,TA,Y,0,136,0,0,0,0,0,2,2006,WD,Normal,230000.0
1035,30,RL,50.0,6305.0,Pave,Reg,Bnk,AllPub,Inside,Gtl,Crawfor,Norm,Norm,1Fam,1Story,5,7,1938,1950,Gable,CompShg,MetalSd,MetalSd,0.0,TA,Gd,PConc,Fa,Fa,No,Unf,0.0,Unf,0,920.0,920,GasA,Ex,Y,SBrkr,954.0,0,0,954.0,0,0,1,0,2,1,Fa,5,Typ,1,Gd,Basment,1938.0,Unf,1,240.0,Fa,TA,Y,0,0,0,0,0,0,0,6,2007,WD,Normal,119750.0
1036,20,RL,65.5,11500.0,Pave,IR1,Lvl,AllPub,CulDSac,Gtl,Edwards,Norm,Norm,1Fam,1Story,4,3,1957,1957,Gable,CompShg,Wd Sdng,Wd Sdng,0.0,TA,Gd,Slab,None,None,None,None,0.0,None,0,0.0,42,GasA,Ex,N,SBrkr,845.0,0,0,845.0,0,0,1,0,3,1,TA,5,Typ,0,None,Detchd,1957.0,Unf,1,290.0,TA,TA,N,186,0,0,0,0,0,0,1,2009,WD,Normal,84000.0
1037,20,RL,89.0,12898.0,Pave,IR1,HLS,AllPub,Inside,Gtl,Timber,Norm,Norm,1Fam,1Story,9,5,2007,2008,Hip,CompShg,VinylSd,VinylSd,70.0,Gd,TA,PConc,Ex,TA,Gd,GLQ,1022.0,Unf,0,598.0,1620,GasA,Ex,Y,SBrkr,1620.0,0,0,1620.0,1,0,2,0,2,1,Ex,6,Typ,1,Ex,Attchd,2008.0,Fin,3,912.0,TA,TA,Y,228,0,0,0,0,0,0,9,2009,WD,Normal,315500.0
1038,60,RL,70.0,9240.0,Pave,Reg,Lvl,AllPub,Inside,Gtl,CollgCr,Norm,Norm,1Fam,2Story,8,5,2001,2002,Gable,CompShg,VinylSd,VinylSd,396.0,Gd,TA,PConc,Gd,TA,No,Unf,0.0,Unf,0,1055.0,1055,GasA,Ex,Y,SBrkr,1055.0,1208,0,2263.0,0,0,2,1,3,1,Gd,7,Typ,1,TA,BuiltIn,2001.0,Fin,2,905.0,TA,TA,Y,0,45,0,0,0,0,0,9,2008,WD,Normal,287000.0
1039,160,RM,30.0,1533.0,Pave,Reg,Lvl,AllPub,Inside,Gtl,MeadowV,Norm,Norm,Twnhs,2Story,4,6,1970,2008,Gable,CompShg,CemntBd,CmentBd,0.0,TA,TA,CBlock,TA,TA,No,Unf,0.0,Unf,0,546.0,546,GasA,TA,Y,SBrkr,798.0,546,0,1344.0,0,0,1,1,3,1,TA,6,Typ,1,TA,None,1893.5,None,0,0.0,None,None,Y,0,0,0,0,0,0,0,5,2009,WD,Normal,97000.0
1040,180,RM,30.0,1481.5,Pave,Reg,Lvl,AllPub,Inside,Gtl,MeadowV,Norm,Norm,TwnhsE,SFoyer,4,4,1970,1970,Gable,CompShg,CemntBd,CmentBd,0.0,TA,TA,CBlock,Gd,TA,Av,GLQ,509.0,Unf,0,121.0,630,GasA,TA,Y,SBrkr,630.0,0,0,630.0,1,0,1,0,1,1,TA,3,Typ,0,None,Attchd,1970.0,Unf,1,286.0,TA,TA,Y,0,0,0,0,0,0,0,4,2009,WD,Normal,80000.0
1041,20,RL,88.0,13125.0,Pave,Reg,Lvl,AllPub,Corner,Gtl,Sawyer,Norm,Norm,1Fam,1Story,5,4,1957,2000,Gable,CompShg,Wd Sdng,Wd Sdng,67.0,TA,TA,CBlock,TA,TA,No,Rec,168.0,BLQ,0,284.0,1134,GasA,Ex,Y,SBrkr,1803.0,0,0,1803.0,1,0,2,0,3,1,TA,8,Maj1,1,TA,Attchd,1957.0,RFn,2,484.0,TA,TA,Y,0,0,0,0,0,0,0,1,2006,WD,Normal,155000.0
1042,60,RL,80.0,9130.0,Pave,Reg,Lvl,AllPub,Inside,Gtl,NWAmes,Feedr,Norm,1Fam,2Story,6,8,1966,2000,Hip,CompShg,HdBoard,HdBoard,252.0,TA,TA,CBlock,TA,TA,No,GLQ,400.0,Rec,0,336.0,800,GasA,Gd,Y,SBrkr,800.0,832,0,1632.0,0,1,1,1,4,1,Gd,7,Typ,0,None,Attchd,1966.0,Unf,2,484.0,TA,TA,Y,0,40,0,0,0,0,0,7,2008,WD,Normal,173000.0
1043,120,RL,34.0,5381.0,Pave,IR1,Lvl,AllPub,Inside,Gtl,NridgHt,Norm,Norm,Twnhs,1Story,6,5,2005,2005,Gable,CompShg,VinylSd,VinylSd,135.0,Gd,TA,PConc,Gd,TA,Av,ALQ,900.0,Unf,0,406.0,1306,GasA,Ex,Y,SBrkr,1306.0,0,0,1306.0,1,0,2,0,1,1,Gd,5,Typ,1,Gd,Attchd,2005.0,RFn,2,624.0,TA,TA,Y,170,63,0,0,0,0,0,8,2009,WD,Normal,196000.0
1044,60,RL,86.0,11839.0,Pave,Reg,Lvl,AllPub,Inside,Gtl,SawyerW,Norm,Norm,1Fam,2Story,7,5,1990,1990,Hip,CompShg,HdBoard,HdBoard,99.0,TA,TA,PConc,Gd,TA,No,GLQ,1085.0,Unf,0,390.0,1475,GasA,Ex,Y,SBrkr,1532.0,797,0,2329.0,1,0,2,1,4,1,Gd,10,Typ,1,Ex,Attchd,1990.0,Unf,2,514.0,TA,TA,Y,192,121,0,0,0,0,0,5,2008,WD,Normal,262280.0
1045,20,RL,80.0,9600.0,Pave,Reg,Lvl,AllPub,Inside,Gtl,NWAmes,PosN,Norm,1Fam,1Story,8,5,1981,1981,Hip,WdShngl,BrkFace,BrkFace,0.0,Gd,TA,PConc,Gd,TA,No,ALQ,1104.0,Unf,0,1420.0,2052,GasA,TA,Y,SBrkr,2155.125,0,0,2524.0,1,0,2,1,4,1,Gd,9,Typ,1,Gd,Attchd,1981.0,Fin,2,542.0,TA,TA,Y,420,120,0,0,0,0,0,7,2009,WD,Normal,278000.0
1046,20,RL,65.5,13680.0,Pave,IR1,Lvl,AllPub,CulDSac,Gtl,Edwards,Norm,Norm,1Fam,1Story,3,5,1955,1955,Hip,CompShg,BrkFace,Wd Sdng,0.0,TA,TA,Slab,None,None,None,None,0.0,None,0,0.0,42,GasA,Ex,Y,FuseA,1733.0,0,0,1733.0,0,0,2,0,4,1,TA,8,Min2,1,Gd,Attchd,1955.0,Unf,2,452.0,TA,TA,Y,0,0,0,0,0,0,0,6,2009,WD,Normal,139600.0
1047,60,RL,85.0,16056.0,Pave,IR1,Lvl,AllPub,Inside,Gtl,StoneBr,Norm,Norm,1Fam,2Story,9,5,2005,2006,Hip,CompShg,CemntBd,CmentBd,208.0,Gd,TA,PConc,Ex,TA,Av,GLQ,240.0,Unf,0,1685.5,1992,GasA,Ex,Y,SBrkr,1992.0,876,0,2747.625,0,0,3,1,4,1,Ex,11,Typ,1,Gd,BuiltIn,2005.0,Fin,3,716.0,TA,TA,Y,214,108,0,0,0,0,0,7,2006,New,Partial,340037.5
1048,20,RL,57.0,9245.0,Pave,IR2,Lvl,AllPub,Inside,Gtl,CollgCr,Norm,Norm,1Fam,1Story,5,5,1994,1995,Gable,CompShg,VinylSd,VinylSd,0.0,TA,TA,PConc,Gd,TA,No,GLQ,686.0,Unf,0,304.0,990,GasA,Ex,Y,SBrkr,990.0,0,0,990.0,0,1,1,0,3,1,TA,5,Typ,0,None,Detchd,1996.0,Unf,2,672.0,TA,TA,Y,0,0,0,0,0,0,0,2,2008,WD,Normal,145000.0
1049,20,RL,100.0,17673.5,Pave,Reg,Lvl,AllPub,Inside,Gtl,Mitchel,Norm,Norm,1Fam,1Story,5,4,1960,2006,Hip,CompShg,HdBoard,HdBoard,75.0,TA,Fa,Slab,None,None,None,None,0.0,None,0,0.0,42,GasA,TA,Y,SBrkr,1771.0,0,0,1771.0,0,0,1,0,3,1,TA,9,Min1,1,TA,Attchd,1960.0,Unf,2,336.0,TA,TA,Y,0,0,0,0,0,0,0,11,2009,WD,Normal,115000.0
1050,20,RL,60.0,11100.0,Pave,Reg,Low,AllPub,Inside,Gtl,Edwards,Norm,Norm,1Fam,1Story,4,7,1946,2006,Gable,CompShg,MetalSd,MetalSd,0.0,TA,TA,CBlock,None,None,None,None,0.0,None,0,0.0,42,GasA,Ex,Y,SBrkr,930.0,0,0,930.0,0,0,1,0,2,1,Gd,6,Typ,0,None,Detchd,1946.0,Unf,1,308.0,TA,TA,Y,0,0,0,0,0,0,0,4,2010,WD,Abnorml,84900.0
1051,20,RL,73.0,8993.0,Pave,IR1,Lvl,AllPub,Inside,Gtl,Gilbert,Norm,Norm,1Fam,1Story,7,5,2007,2007,Gable,CompShg,VinylSd,VinylSd,0.0,Gd,TA,PConc,Gd,TA,Av,Unf,0.0,Unf,0,1302.0,1302,GasA,Ex,Y,SBrkr,1302.0,0,0,1302.0,0,0,2,0,3,1,Gd,6,Typ,0,None,Attchd,2007.0,Fin,2,436.0,TA,TA,Y,0,22,0,0,0,0,0,8,2007,New,Partial,176485.0
1052,20,RL,103.0,11175.0,Pave,IR1,Lvl,AllPub,Corner,Gtl,CollgCr,Norm,Norm,1Fam,1Story,7,5,2007,2007,Gable,CompShg,VinylSd,VinylSd,0.0,Gd,TA,PConc,Gd,TA,Av,Unf,0.0,Unf,0,1316.0,1316,GasA,Ex,Y,SBrkr,1316.0,0,0,1316.0,0,0,2,0,3,1,Gd,6,Typ,1,Gd,Attchd,2007.0,Fin,2,440.0,TA,TA,Y,0,20,0,0,0,0,0,10,2007,New,Partial,200141.0
1053,60,RL,100.0,9500.0,Pave,Reg,Lvl,AllPub,Corner,Gtl,NAmes,Artery,Norm,1Fam,2Story,6,6,1964,1978,Gable,CompShg,VinylSd,VinylSd,272.0,TA,TA,CBlock,TA,TA,No,Rec,442.0,Unf,0,374.0,816,GasA,TA,Y,SBrkr,1127.0,850,0,1977.0,0,1,1,1,4,1,TA,9,Typ,1,TA,Attchd,1964.0,RFn,2,540.0,TA,TA,Y,0,52,0,0,0,0,0,6,2007,WD,Normal,165000.0
1054,20,RL,68.0,8562.0,Pave,Reg,Lvl,AllPub,Inside,Mod,Edwards,Norm,Norm,1Fam,1Story,5,6,1957,2002,Hip,CompShg,HdBoard,HdBoard,145.0,TA,TA,CBlock,TA,TA,Av,Rec,383.0,Unf,0,833.0,1216,GasA,Ex,Y,FuseA,1526.0,0,0,1526.0,0,0,1,0,4,1,TA,7,Min2,1,Gd,Basment,1957.0,Unf,1,364.0,TA,TA,Y,116,78,0,0,0,0,0,5,2010,WD,Normal,144500.0
1055,60,RL,90.0,11367.0,Pave,Reg,Lvl,AllPub,Corner,Gtl,CollgCr,Norm,Norm,1Fam,2Story,8,5,2002,2002,Gable,CompShg,VinylSd,VinylSd,210.0,Gd,TA,PConc,Gd,TA,Mn,GLQ,932.0,Unf,0,133.0,1065,GasA,Ex,Y,SBrkr,1091.0,898,0,1989.0,1,0,2,1,3,1,Gd,7,Typ,1,Gd,Attchd,2002.0,Fin,2,586.0,TA,TA,Y,199,60,0,0,0,0,0,11,2006,WD,Normal,255000.0
1056,20,RL,104.0,11361.0,Pave,Reg,Lvl,AllPub,Inside,Gtl,NWAmes,Norm,Norm,1Fam,1Story,6,5,1976,1976,Gable,CompShg,Plywood,Plywood,160.0,TA,TA,CBlock,Gd,TA,No,ALQ,644.0,Unf,0,549.0,1193,GasA,TA,Y,SBrkr,1523.0,0,0,1523.0,0,1,2,0,3,1,TA,7,Typ,1,TA,Attchd,1976.0,Fin,2,478.0,TA,TA,Y,0,0,0,0,0,0,0,5,2008,COD,Abnorml,180000.0
1057,120,RL,43.0,7052.0,Pave,IR1,Lvl,AllPub,Inside,Gtl,NridgHt,Norm,Norm,TwnhsE,1Story,7,5,2005,2005,Gable,CompShg,VinylSd,VinylSd,240.0,Gd,TA,PConc,Gd,TA,Av,GLQ,659.0,Unf,0,705.0,1364,GasA,Ex,Y,SBrkr,1364.0,0,0,1364.0,1,0,2,0,2,1,Gd,6,Typ,1,Gd,Attchd,2005.0,RFn,2,484.0,TA,TA,Y,192,36,0,0,0,0,0,6,2006,WD,Normal,185850.0
1058,60,RL,91.0,17673.5,Pave,IR2,Lvl,AllPub,FR2,Gtl,NoRidge,Norm,Norm,1Fam,2Story,7,6,1994,1994,Gable,CompShg,HdBoard,HdBoard,0.0,Gd,TA,PConc,Gd,TA,No,GLQ,595.0,Unf,0,378.0,973,GasA,Ex,Y,SBrkr,979.0,871,0,1850.0,0,0,2,1,3,1,Gd,7,Typ,1,Gd,BuiltIn,1994.0,Fin,2,467.0,TA,TA,Y,168,98,0,0,0,0,0,1,2009,WD,Normal,248000.0
1059,60,RL,96.0,11308.0,Pave,IR1,Lvl,AllPub,Inside,Gtl,NridgHt,Norm,Norm,1Fam,2Story,9,5,2008,2008,Gable,CompShg,VinylSd,VinylSd,154.0,Ex,TA,PConc,Ex,TA,Av,GLQ,936.0,Unf,0,168.0,1104,GasA,Ex,Y,SBrkr,1130.0,1054,0,2184.0,1,0,2,1,3,1,Ex,10,Typ,1,Gd,Attchd,2008.0,Fin,3,836.0,TA,TA,Y,0,102,0,0,0,0,0,7,2009,WD,Normal,335000.0
1060,50,RL,74.0,11275.0,Pave,IR1,HLS,AllPub,Corner,Mod,Crawfor,Norm,Norm,1Fam,1.5Fin,6,7,1932,1950,Gable,CompShg,MetalSd,MetalSd,410.625,TA,TA,CBlock,TA,TA,Mn,Rec,297.0,LwQ,0,0.0,854,GasA,TA,Y,SBrkr,1096.0,895,0,1991.0,0,0,1,1,3,1,TA,7,Typ,1,Gd,Detchd,1977.0,Unf,2,432.0,TA,Fa,Y,0,0,0,0,0,0,0,3,2007,WD,Normal,220000.0
1061,120,RL,41.0,4920.0,Pave,Reg,Lvl,AllPub,Inside,Gtl,StoneBr,Norm,Norm,TwnhsE,1Story,8,5,2001,2001,Gable,CompShg,CemntBd,CmentBd,0.0,Gd,TA,PConc,Gd,TA,Mn,GLQ,616.0,Unf,0,722.0,1338,GasA,Ex,Y,SBrkr,1338.0,0,0,1338.0,1,0,2,0,2,1,Gd,6,Typ,0,None,Attchd,2001.0,Fin,2,582.0,TA,TA,Y,0,0,0,0,0,0,0,4,2010,WD,Normal,213500.0
1062,30,C (all),110.0,17673.5,Grvl,Reg,Low,AllPub,Inside,Gtl,IDOTRR,Norm,Norm,1Fam,1Story,3,4,1935,1950,Gable,CompShg,MetalSd,MetalSd,0.0,Fa,TA,CBlock,TA,TA,No,Unf,0.0,Unf,0,894.0,894,GasA,TA,Y,SBrkr,894.0,0,0,894.0,0,0,1,0,2,1,TA,6,Typ,0,None,Detchd,1994.0,RFn,3,938.25,TA,TA,Y,0,20,0,0,0,0,560,8,2008,ConLD,Normal,81000.0
1063,190,RM,85.0,13600.0,Pave,Reg,Lvl,AllPub,Inside,Gtl,OldTown,Norm,Norm,2fmCon,2Story,5,5,1900,1950,Gable,CompShg,Wd Sdng,Wd Sdng,0.0,TA,TA,BrkTil,TA,TA,No,Unf,0.0,Unf,0,662.0,662,GasA,TA,N,SBrkr,1422.0,915,0,2337.0,0,0,2,0,5,2,TA,10,Min2,0,None,Detchd,1945.0,Unf,2,560.0,TA,TA,Y,0,57,0,0,0,0,0,9,2007,WD,Normal,90000.0
1064,30,RM,50.0,6000.0,Pave,Reg,Lvl,AllPub,Inside,Gtl,OldTown,Artery,Norm,1Fam,1Story,6,6,1925,1980,Gable,CompShg,MetalSd,MetalSd,0.0,TA,Gd,BrkTil,TA,TA,No,BLQ,397.0,Unf,0,706.0,1103,GasA,Gd,Y,SBrkr,1103.0,0,0,1103.0,0,0,1,0,2,1,Gd,5,Typ,1,Gd,Detchd,1976.0,Unf,2,440.0,TA,TA,Y,166,120,0,0,0,0,0,7,2006,WD,Normal,110500.0
1065,20,RL,73.0,11000.0,Pave,IR1,Lvl,AllPub,CulDSac,Gtl,NAmes,Norm,Norm,1Fam,1Story,5,6,1966,1966,Gable,CompShg,Plywood,Plywood,200.0,TA,TA,CBlock,TA,TA,Mn,BLQ,740.0,Rec,0,184.0,1154,GasA,Ex,Y,SBrkr,1154.0,0,0,1154.0,0,0,1,1,3,1,TA,6,Typ,1,Po,Attchd,1966.0,RFn,2,480.0,TA,TA,Y,0,58,0,0,0,0,0,11,2009,WD,Normal,154000.0
1066,60,RL,80.0,14000.0,Pave,Reg,Lvl,AllPub,Inside,Mod,ClearCr,Norm,Norm,1Fam,2Story,7,5,1996,1997,Gable,CompShg,Wd Sdng,Wd Sdng,0.0,Gd,TA,PConc,Ex,TA,Gd,GLQ,1201.0,Unf,0,105.0,1306,GasA,Ex,Y,SBrkr,1306.0,954,0,2260.0,1,0,2,1,3,1,Gd,7,Typ,0,None,Attchd,1996.0,RFn,2,533.0,TA,TA,Y,296,44,0,0,0,0,0,4,2010,WD,Normal,328000.0
1067,60,RL,59.0,7837.0,Pave,IR1,Lvl,AllPub,Inside,Gtl,Gilbert,Norm,Norm,1Fam,2Story,6,7,1993,1994,Gable,CompShg,VinylSd,VinylSd,0.0,Gd,TA,PConc,Gd,TA,No,Unf,0.0,Unf,0,799.0,799,GasA,Gd,Y,SBrkr,799.0,772,0,1571.0,0,0,2,1,3,1,TA,7,Typ,1,TA,Attchd,1993.0,RFn,2,380.0,TA,TA,Y,0,40,0,0,0,0,0,5,2009,WD,Normal,178000.0
1068,60,RL,80.0,9760.0,Pave,Reg,Lvl,AllPub,Inside,Mod,NAmes,Norm,Norm,1Fam,2Story,6,6,1964,1964,Gable,CompShg,HdBoard,HdBoard,360.0,TA,TA,CBlock,TA,TA,Gd,GLQ,674.0,LwQ,0,0.0,780,GasA,TA,Y,SBrkr,798.0,813,0,1611.0,1,0,1,1,4,1,TA,7,Typ,0,None,Attchd,1964.0,RFn,2,442.0,TA,TA,Y,328,128,0,0,0,0,0,6,2008,WD,Normal,167900.0
1069,160,RM,42.0,3964.0,Pave,Reg,Lvl,AllPub,Inside,Gtl,MeadowV,Norm,Norm,TwnhsE,2Story,6,4,1973,1973,Gable,CompShg,CemntBd,CmentBd,0.0,TA,TA,CBlock,Gd,TA,No,ALQ,837.0,Unf,0,105.0,942,GasA,Gd,Y,SBrkr,1291.0,1230,0,2521.0,1,0,2,1,5,1,TA,10,Maj1,1,Gd,Attchd,1973.0,Fin,2,576.0,TA,TA,Y,420,20,0,0,0,0,0,6,2006,WD,Normal,151400.0
1070,45,RL,60.0,9600.0,Pave,Reg,Lvl,AllPub,Inside,Gtl,NAmes,Norm,Norm,1Fam,1.5Unf,5,7,1949,2003,Gable,CompShg,MetalSd,MetalSd,0.0,TA,TA,CBlock,TA,TA,No,ALQ,220.0,Unf,0,625.0,845,GasA,TA,Y,SBrkr,893.0,0,0,893.0,0,1,1,0,2,1,Gd,4,Typ,0,None,Detchd,1985.0,Unf,2,576.0,TA,TA,Y,0,0,0,0,0,0,0,5,2007,WD,Normal,135000.0
1071,20,RL,72.0,10152.0,Pave,Reg,Lvl,AllPub,Inside,Gtl,NAmes,Norm,Norm,1Fam,1Story,5,5,1956,1956,Hip,CompShg,MetalSd,MetalSd,120.0,TA,TA,CBlock,TA,TA,No,BLQ,586.0,Unf,0,462.0,1048,GasA,TA,Y,SBrkr,1048.0,0,0,1048.0,1,0,1,0,3,1,TA,6,Typ,0,None,Attchd,1956.0,Unf,1,286.0,TA,TA,Y,0,20,0,0,0,0,0,6,2007,WD,Normal,135000.0
1072,60,RL,78.0,11700.0,Pave,Reg,Lvl,AllPub,Inside,Gtl,NWAmes,RRAn,Norm,1Fam,2Story,6,6,1968,1968,Gable,CompShg,MetalSd,MetalSd,0.0,TA,TA,CBlock,TA,TA,No,Rec,298.0,Unf,0,429.0,727,GasA,Ex,Y,SBrkr,829.0,727,0,1556.0,0,0,1,1,4,1,TA,8,Typ,0,None,Attchd,1968.0,Unf,2,441.0,TA,TA,Y,0,0,0,0,0,0,0,5,2009,WD,Normal,154000.0
1073,50,RL,50.0,7585.0,Pave,Reg,Lvl,AllPub,Inside,Gtl,Edwards,Artery,Norm,1Fam,1.5Fin,5,3,1948,1950,Gable,CompShg,MetalSd,MetalSd,0.0,TA,TA,CBlock,Fa,Fa,Mn,Unf,0.0,Unf,0,810.0,810,GasA,Fa,Y,FuseA,1002.0,454,0,1456.0,1,1,1,0,4,1,TA,7,Typ,1,TA,Detchd,1954.0,Unf,1,280.0,TA,TA,P,0,0,0,0,0,0,0,8,2006,WD,Normal,91500.0
1074,60,RL,75.0,7950.0,Pave,IR1,Bnk,AllPub,Corner,Gtl,Edwards,Norm,Norm,1Fam,2Story,6,6,1977,1977,Hip,CompShg,HdBoard,Plywood,140.0,TA,TA,CBlock,TA,TA,No,BLQ,535.0,Unf,0,155.0,690,GasA,TA,Y,SBrkr,698.0,728,0,1426.0,0,0,1,1,3,1,TA,6,Typ,0,None,Attchd,1977.0,Fin,2,440.0,TA,TA,Y,252,0,0,0,0,0,0,7,2009,WD,Normal,159500.0
1075,20,RL,74.0,8556.0,Pave,Reg,Lvl,AllPub,Inside,Gtl,CollgCr,Norm,Norm,1Fam,1Story,7,5,2006,2006,Gable,CompShg,VinylSd,VinylSd,0.0,Gd,TA,PConc,Gd,TA,Av,Unf,0.0,Unf,0,1240.0,1240,GasA,Ex,Y,SBrkr,1240.0,0,0,1240.0,0,0,2,0,2,1,Gd,5,Typ,0,None,Attchd,2006.0,RFn,3,826.0,TA,TA,Y,140,93,0,0,0,0,0,5,2007,WD,Normal,194000.0
1076,70,RL,75.0,13125.0,Pave,Reg,Lvl,AllPub,Inside,Gtl,Crawfor,Norm,Norm,1Fam,2Story,7,6,1940,1984,Gable,CompShg,Wd Sdng,Wd Sdng,0.0,TA,TA,CBlock,TA,TA,No,BLQ,410.0,Unf,0,390.0,800,GasA,TA,Y,SBrkr,960.0,780,0,1740.0,0,0,1,1,3,1,TA,6,Typ,2,Gd,Attchd,1940.0,Unf,1,240.0,TA,TA,Y,0,0,0,0,0,0,0,7,2007,CWD,Normal,219500.0
1077,50,RL,60.0,10800.0,Pave,Reg,Lvl,AllPub,Inside,Gtl,OldTown,Norm,Norm,1Fam,1.5Fin,5,8,1936,1989,Gable,CompShg,Wd Sdng,Wd Sdng,0.0,TA,TA,CBlock,Fa,TA,No,ALQ,626.0,Unf,0,170.0,796,GasA,Gd,Y,SBrkr,1096.0,370,0,1466.0,0,1,2,0,3,1,Gd,7,Min1,1,TA,Attchd,1950.0,Unf,2,566.0,TA,TA,Y,420,21,0,0,0,0,500,4,2006,WD,Normal,170000.0
1078,20,RL,73.0,15870.0,Pave,IR1,Lvl,AllPub,Corner,Gtl,NAmes,Norm,Norm,1Fam,1Story,5,5,1969,1969,Gable,CompShg,VinylSd,Plywood,0.0,TA,TA,CBlock,TA,TA,Mn,BLQ,75.0,Rec,0,230.0,1096,GasA,Ex,Y,SBrkr,1096.0,0,0,1096.0,1,0,1,0,3,1,TA,6,Typ,0,None,Attchd,1969.0,Fin,1,299.0,TA,TA,Y,240,32,0,0,0,0,0,3,2006,WD,Abnorml,138800.0
1079,120,RM,37.0,4435.0,Pave,Reg,Lvl,AllPub,Inside,Gtl,CollgCr,Norm,Norm,TwnhsE,1Story,6,5,2004,2004,Gable,CompShg,VinylSd,VinylSd,169.0,Gd,TA,PConc,Gd,TA,Mn,GLQ,662.0,Unf,0,186.0,848,GasA,Ex,Y,SBrkr,848.0,0,0,848.0,1,0,1,0,1,1,Gd,3,Typ,1,Gd,Attchd,2004.0,RFn,2,420.0,TA,TA,Y,140,0,0,0,0,0,0,5,2006,WD,Normal,155900.0
1080,20,RL,65.0,8775.0,Pave,Reg,Lvl,AllPub,Inside,Gtl,CollgCr,Norm,Norm,1Fam,1Story,5,5,1994,1994,Gable,CompShg,VinylSd,VinylSd,0.0,TA,TA,PConc,Gd,TA,No,GLQ,495.0,Unf,0,495.0,990,GasA,Gd,Y,SBrkr,990.0,0,0,990.0,0,0,1,0,3,1,TA,5,Typ,0,None,Attchd,1996.0,Unf,1,299.0,TA,TA,Y,0,64,0,0,0,0,0,4,2007,WD,Normal,126000.0
1081,20,RL,80.0,11040.0,Pave,Reg,Lvl,AllPub,Inside,Gtl,NWAmes,Norm,Norm,1Fam,1Story,6,7,1971,2004,Gable,CompShg,VinylSd,VinylSd,144.0,Gd,Gd,CBlock,TA,TA,No,ALQ,656.0,Unf,0,602.0,1258,GasA,Ex,Y,SBrkr,1258.0,0,0,1258.0,0,1,2,0,3,1,Gd,5,Typ,0,None,Attchd,1971.0,RFn,2,528.0,TA,TA,Y,55,0,0,216,0,0,0,10,2008,COD,Abnorml,145000.0
1082,20,RL,75.0,7500.0,Pave,Reg,Lvl,AllPub,Corner,Gtl,Sawyer,Feedr,Norm,1Fam,1Story,5,5,1963,1963,Gable,CompShg,HdBoard,HdBoard,0.0,TA,TA,CBlock,TA,TA,No,ALQ,824.0,Unf,0,216.0,1040,GasA,Fa,Y,SBrkr,1040.0,0,0,1040.0,1,0,1,1,3,1,TA,5,Typ,0,None,Attchd,1963.0,Fin,1,308.0,TA,TA,Y,0,0,0,0,0,0,0,6,2010,WD,Normal,133000.0
1083,20,RL,70.0,8749.0,Pave,Reg,Lvl,AllPub,Inside,Gtl,CollgCr,Norm,Norm,1Fam,1Story,7,5,2002,2002,Gable,CompShg,VinylSd,VinylSd,100.0,Gd,TA,PConc,Gd,TA,No,Unf,0.0,Unf,0,1459.0,1459,GasA,Ex,Y,SBrkr,1459.0,0,0,1459.0,0,0,2,0,3,1,Gd,6,Typ,1,Gd,Attchd,2002.0,RFn,2,527.0,TA,TA,Y,192,39,0,0,0,0,0,9,2007,WD,Normal,192000.0
1084,20,RL,80.0,8800.0,Pave,Reg,Lvl,AllPub,Inside,Gtl,NAmes,Norm,Norm,1Fam,1Story,6,6,1964,1964,Hip,CompShg,HdBoard,HdBoard,410.625,TA,TA,CBlock,TA,TA,No,BLQ,553.0,Unf,0,698.0,1251,GasA,TA,Y,SBrkr,1251.0,0,0,1251.0,1,0,1,0,3,1,TA,6,Typ,2,Gd,Attchd,1964.0,RFn,1,461.0,TA,TA,Y,0,116,0,0,0,0,700,3,2006,WD,Normal,160000.0
1085,60,RL,65.0,13031.0,Pave,IR2,Lvl,AllPub,Corner,Gtl,Gilbert,Norm,Norm,1Fam,2Story,6,5,1995,1996,Gable,CompShg,HdBoard,HdBoard,0.0,TA,TA,PConc,Gd,TA,No,ALQ,592.0,Unf,0,99.0,691,GasA,Gd,Y,SBrkr,691.0,807,0,1498.0,0,0,2,1,3,1,TA,6,Typ,1,TA,Attchd,1995.0,Fin,2,409.0,TA,TA,Y,315,44,0,0,0,0,0,7,2006,WD,Normal,187500.0
1086,85,RL,73.0,9069.0,Pave,Reg,Lvl,AllPub,Inside,Gtl,SawyerW,Norm,Norm,1Fam,SFoyer,6,6,1992,1992,Gable,CompShg,HdBoard,HdBoard,0.0,TA,TA,PConc,Gd,TA,Av,GLQ,747.0,Unf,0,189.0,936,GasA,Ex,Y,SBrkr,996.0,0,0,996.0,1,0,1,0,2,1,Gd,5,Typ,0,None,Attchd,1992.0,Unf,2,564.0,TA,TA,Y,120,0,0,0,0,0,0,4,2010,WD,Normal,147000.0
1087,160,RM,30.0,1974.0,Pave,Reg,Lvl,AllPub,Inside,Gtl,MeadowV,Norm,Norm,TwnhsE,2Story,4,5,1973,1973,Gable,CompShg,CemntBd,CmentBd,0.0,TA,TA,CBlock,TA,TA,No,BLQ,334.0,Unf,0,212.0,546,GasA,TA,Y,SBrkr,546.0,546,0,1092.0,0,0,1,1,3,1,TA,6,Typ,0,None,Attchd,1973.0,RFn,1,286.0,TA,TA,Y,120,96,0,0,0,0,0,5,2010,WD,Normal,83500.0
1088,60,FV,85.0,10574.0,Pave,Reg,Lvl,AllPub,Inside,Gtl,Somerst,Norm,Norm,1Fam,2Story,8,5,2005,2006,Gable,CompShg,VinylSd,VinylSd,0.0,Gd,TA,PConc,Gd,TA,Mn,Unf,0.0,Unf,0,1082.0,1082,GasA,Ex,Y,SBrkr,1082.0,871,0,1953.0,0,0,2,1,3,1,Gd,9,Typ,1,Gd,Attchd,2005.0,RFn,3,938.25,TA,TA,Y,160,50,0,0,0,0,0,5,2009,WD,Normal,252000.0
1089,160,RM,30.0,2522.0,Pave,Reg,Lvl,AllPub,Inside,Gtl,Edwards,Norm,Norm,Twnhs,2Story,7,5,2004,2004,Gable,CompShg,VinylSd,VinylSd,50.0,Gd,TA,PConc,Gd,TA,No,Unf,0.0,Unf,0,970.0,970,GasA,Ex,Y,SBrkr,970.0,739,0,1709.0,0,0,2,0,3,1,Gd,7,Maj1,0,None,Detchd,2004.0,Unf,2,380.0,TA,TA,Y,0,40,0,0,0,0,0,4,2006,WD,Normal,137500.0
1090,120,FV,37.0,3316.0,Pave,IR1,Lvl,AllPub,Inside,Gtl,Somerst,Norm,Norm,TwnhsE,1Story,8,5,2005,2005,Gable,CompShg,MetalSd,MetalSd,0.0,Gd,TA,PConc,Gd,TA,No,GLQ,1039.0,Unf,0,208.0,1247,GasA,Ex,Y,SBrkr,1247.0,0,0,1247.0,1,0,1,1,1,1,Gd,4,Typ,1,Gd,Attchd,2005.0,Fin,2,550.0,TA,TA,Y,0,84,0,0,0,0,0,4,2006,WD,Normal,197000.0
1091,90,RL,60.0,8544.0,Pave,Reg,Lvl,AllPub,Corner,Gtl,NAmes,Norm,Norm,Duplex,1Story,3,4,1950,1950,Gable,CompShg,BrkFace,BrkFace,0.0,TA,TA,Slab,None,None,None,None,0.0,None,0,0.0,42,Wall,Fa,N,FuseA,1040.0,0,0,1040.0,0,0,2,0,2,2,TA,6,Typ,0,None,Detchd,1987.0,Unf,2,400.0,TA,TA,Y,0,0,0,0,0,0,0,6,2009,WD,Normal,92900.0
1092,160,FV,30.0,2160.0,Pave,Reg,Lvl,AllPub,Inside,Gtl,Somerst,Norm,Norm,Twnhs,2Story,7,5,1999,2000,Gable,CompShg,MetalSd,MetalSd,212.0,Gd,TA,PConc,Gd,TA,No,BLQ,510.0,Unf,0,90.0,600,GasA,Ex,Y,SBrkr,624.0,628,0,1252.0,1,0,2,1,2,1,Gd,4,Typ,0,None,Detchd,1999.0,Unf,2,462.0,TA,TA,Y,0,48,0,0,0,0,0,3,2008,WD,Normal,160000.0
1093,50,RL,60.0,8400.0,Pave,Reg,Bnk,AllPub,Inside,Gtl,SWISU,Norm,Norm,1Fam,1.5Fin,6,5,1925,1950,Gable,CompShg,MetalSd,MetalSd,0.0,TA,TA,PConc,TA,TA,No,Rec,423.0,Unf,0,758.0,1181,GasA,Fa,Y,SBrkr,1390.0,304,0,1694.0,0,0,2,0,4,1,TA,7,Typ,1,Gd,Detchd,1925.0,Unf,2,576.0,TA,TA,Y,342,0,0,0,0,0,0,6,2008,WD,Normal,136500.0
1094,20,RL,71.0,9230.0,Pave,Reg,Lvl,AllPub,Corner,Gtl,NAmes,Feedr,Norm,1Fam,1Story,5,8,1965,1998,Hip,CompShg,MetalSd,MetalSd,166.0,TA,TA,CBlock,TA,TA,Mn,GLQ,661.0,Unf,0,203.0,864,GasA,Gd,Y,SBrkr,1200.0,0,0,1200.0,1,0,1,1,1,1,Gd,6,Typ,0,None,Detchd,1977.0,Unf,2,884.0,TA,TA,Y,0,64,0,0,0,0,0,10,2006,WD,Normal,146000.0
1095,20,RL,74.0,5868.0,Pave,Reg,Lvl,AllPub,Inside,Gtl,NAmes,Norm,Norm,1Fam,1Story,5,7,1956,2000,Gable,CompShg,MetalSd,MetalSd,0.0,TA,TA,CBlock,TA,TA,No,BLQ,248.0,Rec,0,448.0,936,GasA,Ex,Y,SBrkr,936.0,0,0,936.0,1,0,1,0,2,1,TA,4,Typ,0,None,Attchd,1956.0,Fin,1,308.0,TA,TA,Y,0,0,0,0,0,0,0,5,2010,WD,Normal,129000.0
1096,20,RL,78.0,9317.0,Pave,IR1,Lvl,AllPub,Inside,Gtl,CollgCr,Norm,Norm,1Fam,1Story,6,5,2006,2006,Gable,CompShg,VinylSd,VinylSd,0.0,Gd,TA,PConc,Gd,TA,No,GLQ,24.0,Unf,0,1290.0,1314,GasA,Gd,Y,SBrkr,1314.0,0,0,1314.0,0,0,2,0,3,1,Gd,6,Typ,1,Gd,Attchd,2006.0,RFn,2,440.0,TA,TA,Y,0,22,0,0,0,0,0,3,2007,WD,Normal,176432.0
1097,70,RM,60.0,6882.0,Pave,Reg,Lvl,AllPub,Inside,Gtl,IDOTRR,Norm,Norm,1Fam,2Story,6,7,1914,2006,Gable,CompShg,Wd Sdng,Wd Sdng,0.0,TA,TA,PConc,TA,TA,No,Unf,0.0,Unf,0,684.0,684,GasA,TA,Y,SBrkr,773.0,582,0,1355.0,0,0,1,1,3,1,Gd,7,Typ,0,None,None,1893.5,None,0,0.0,None,None,Y,136,0,0,0,0,0,0,3,2007,WD,Normal,127000.0
1098,120,RL,61.5,3696.0,Pave,Reg,Lvl,AllPub,Inside,Gtl,StoneBr,Norm,Norm,TwnhsE,1Story,8,5,1986,1986,Gable,CompShg,HdBoard,HdBoard,0.0,Gd,TA,CBlock,Gd,TA,No,Unf,0.0,Unf,0,1074.0,1074,GasA,Ex,Y,SBrkr,1088.0,0,0,1088.0,0,0,1,1,2,1,Gd,5,Typ,0,None,Attchd,1987.0,RFn,2,461.0,TA,TA,Y,0,74,0,0,0,0,0,10,2007,WD,Normal,170000.0
1099,50,RM,50.0,6000.0,Pave,Reg,Lvl,AllPub,Inside,Gtl,BrkSide,Norm,Norm,1Fam,1.5Fin,4,6,1936,1950,Gable,CompShg,MetalSd,MetalSd,0.0,TA,TA,BrkTil,TA,TA,No,BLQ,672.0,Unf,0,0.0,672,GasA,TA,Y,SBrkr,757.0,567,0,1324.0,0,0,1,0,3,1,TA,6,Typ,0,None,Detchd,1936.0,Unf,1,240.0,TA,TA,Y,0,0,0,0,0,0,0,7,2009,WD,Normal,128000.0
1100,20,RL,82.0,11880.0,Pave,IR1,Lvl,AllPub,Inside,Gtl,NWAmes,RRAn,Norm,1Fam,1Story,7,5,1978,1978,Gable,CompShg,Plywood,Plywood,206.0,TA,TA,CBlock,Gd,TA,No,ALQ,704.0,Unf,0,567.0,1271,GasA,TA,Y,SBrkr,1601.0,0,0,1601.0,0,0,2,0,3,1,TA,7,Typ,1,TA,Attchd,1978.0,RFn,2,478.0,TA,TA,Y,0,0,0,0,0,0,0,4,2009,COD,Abnorml,157000.0
1101,30,RL,60.0,8400.0,Pave,Reg,Bnk,AllPub,Inside,Gtl,SWISU,Norm,Norm,1Fam,1Story,2,5,1920,1950,Gable,CompShg,Wd Sdng,Wd Sdng,0.0,TA,TA,CBlock,TA,Fa,No,Rec,290.0,Unf,0,0.0,290,GasA,TA,N,FuseF,438.0,0,0,438.0,0,0,1,0,1,1,Fa,3,Typ,0,None,Detchd,1930.0,Unf,1,246.0,TA,TA,N,0,0,0,0,0,0,0,1,2009,WD,Normal,60000.0
1102,20,RL,61.0,9758.0,Pave,IR1,Lvl,AllPub,Inside,Gtl,NAmes,Norm,Norm,1Fam,1Story,5,5,1971,1971,Gable,CompShg,HdBoard,MetalSd,0.0,TA,TA,CBlock,TA,TA,No,BLQ,412.0,LwQ,0,251.0,950,GasA,TA,Y,SBrkr,950.0,0,0,950.0,0,0,1,0,3,1,TA,5,Typ,0,None,Detchd,1981.0,Unf,1,280.0,TA,TA,Y,0,0,0,0,0,0,0,7,2007,WD,Normal,119500.0
1103,20,RL,70.0,7000.0,Pave,Reg,Lvl,AllPub,Inside,Gtl,NAmes,Norm,Norm,1Fam,1Story,5,7,1960,2002,Gable,CompShg,Wd Sdng,Wd Sdng,45.0,TA,TA,CBlock,TA,TA,No,Rec,588.0,Unf,0,422.0,1010,GasA,Ex,Y,SBrkr,1134.0,0,0,1134.0,0,0,1,0,2,1,TA,6,Typ,0,None,Attchd,1960.0,RFn,1,254.0,TA,TA,Y,0,16,0,0,0,0,0,4,2007,WD,Family,135000.0
1104,20,RL,79.0,8910.0,Pave,Reg,Lvl,AllPub,Corner,Gtl,NAmes,Norm,Norm,1Fam,1Story,6,6,1959,1959,Hip,CompShg,BrkFace,BrkFace,0.0,TA,TA,CBlock,TA,TA,Mn,ALQ,655.0,Unf,0,0.0,655,GasA,Ex,Y,SBrkr,1194.0,0,0,1194.0,0,1,1,0,3,1,TA,6,Typ,1,Fa,BuiltIn,1954.0,Fin,2,539.0,TA,TA,Y,0,0,0,0,0,0,0,7,2006,WD,Normal,159500.0
1105,160,RM,30.0,2016.0,Pave,Reg,Lvl,AllPub,Inside,Gtl,BrDale,Norm,Norm,TwnhsE,2Story,5,5,1970,1970,Gable,CompShg,HdBoard,HdBoard,304.0,TA,TA,CBlock,TA,TA,No,Unf,0.0,Unf,0,630.0,630,GasA,TA,Y,SBrkr,630.0,672,0,1302.0,0,0,2,1,3,1,TA,6,Typ,0,None,Detchd,1970.0,Unf,2,440.0,TA,TA,Y,0,0,0,0,0,0,0,4,2007,WD,Normal,106000.0
1106,60,RL,98.0,12256.0,Pave,IR1,Lvl,AllPub,Corner,Gtl,NoRidge,Norm,Norm,1Fam,2Story,8,5,1994,1995,Gable,CompShg,HdBoard,HdBoard,362.0,Gd,TA,PConc,Ex,TA,Av,GLQ,1032.0,Unf,0,431.0,1463,GasA,Ex,Y,SBrkr,1500.0,1122,0,2622.0,1,0,2,1,3,1,Gd,9,Typ,2,TA,Attchd,1994.0,RFn,2,712.0,TA,TA,Y,186,32,0,0,0,0,0,4,2010,WD,Normal,325000.0
1107,20,RL,110.0,10357.0,Pave,IR1,Lvl,AllPub,Corner,Gtl,SawyerW,Feedr,Norm,1Fam,1Story,7,5,1990,1991,Hip,CompShg,HdBoard,HdBoard,0.0,Gd,TA,PConc,Gd,TA,Mn,GLQ,738.0,Unf,0,172.0,910,GasA,Gd,Y,SBrkr,1442.0,0,0,1442.0,1,0,2,0,3,1,Gd,6,Typ,1,TA,Attchd,1990.0,Fin,2,719.0,TA,TA,Y,0,170,0,0,0,0,0,5,2007,WD,Normal,179900.0
1108,60,RL,110.0,17673.5,Pave,IR3,HLS,AllPub,CulDSac,Gtl,Gilbert,Norm,Norm,1Fam,2Story,7,5,2006,2006,Gable,CompShg,VinylSd,VinylSd,0.0,Gd,TA,PConc,Ex,Gd,No,Unf,0.0,Unf,0,868.0,868,GasA,Ex,Y,SBrkr,887.0,1134,0,2021.0,0,0,2,1,3,1,Gd,9,Typ,1,Gd,BuiltIn,2006.0,RFn,2,422.0,TA,TA,Y,0,100,0,0,0,0,0,9,2006,New,Partial,274725.0
1109,60,RL,65.0,8063.0,Pave,Reg,Lvl,AllPub,Inside,Gtl,Gilbert,Norm,Norm,1Fam,2Story,6,5,2000,2000,Gable,CompShg,VinylSd,VinylSd,0.0,TA,TA,PConc,Gd,TA,No,Unf,0.0,Unf,0,924.0,924,GasA,Ex,Y,SBrkr,948.0,742,0,1690.0,0,0,2,1,3,1,TA,7,Typ,1,TA,Attchd,2000.0,RFn,2,463.0,TA,TA,Y,100,48,0,0,0,0,0,11,2007,WD,Abnorml,181000.0
1110,20,RL,107.0,11362.0,Pave,IR1,Lvl,AllPub,Inside,Gtl,NridgHt,Norm,Norm,1Fam,1Story,8,5,2004,2005,Gable,CompShg,MetalSd,MetalSd,42.0,Gd,TA,PConc,Ex,TA,Mn,GLQ,1039.0,Unf,0,797.0,1836,GasA,Ex,Y,SBrkr,1836.0,0,0,1836.0,1,0,2,0,3,1,Gd,7,Typ,1,Gd,Attchd,2004.0,Fin,3,862.0,TA,TA,Y,125,170,0,0,0,0,0,3,2009,WD,Normal,280000.0
1111,60,RL,65.0,8000.0,Pave,Reg,Lvl,AllPub,Inside,Gtl,Gilbert,Norm,Norm,1Fam,2Story,6,5,1995,1996,Gable,CompShg,HdBoard,HdBoard,0.0,TA,TA,PConc,Gd,TA,No,GLQ,219.0,Unf,0,554.0,773,GasA,Gd,Y,SBrkr,773.0,885,0,1658.0,1,0,2,1,3,1,TA,8,Typ,1,TA,Attchd,1995.0,Fin,2,431.0,TA,TA,Y,224,84,0,0,0,0,0,6,2008,WD,Normal,188000.0
1112,60,RL,80.0,10480.0,Pave,Reg,Lvl,AllPub,Inside,Gtl,NWAmes,Norm,Norm,1Fam,2Story,7,6,1976,1976,Hip,CompShg,Plywood,Plywood,410.625,TA,TA,CBlock,TA,TA,No,ALQ,403.0,Unf,0,400.0,803,GasA,TA,Y,SBrkr,1098.0,866,0,1964.0,0,0,2,1,4,1,TA,8,Typ,1,Gd,Attchd,1976.0,RFn,2,483.0,TA,TA,Y,0,69,0,0,0,0,0,9,2008,WD,Normal,205000.0
1113,20,RL,73.0,7100.0,Pave,IR1,Lvl,AllPub,Corner,Gtl,NAmes,Norm,Norm,1Fam,1Story,5,7,1957,1957,Gable,CompShg,WdShing,Wd Shng,0.0,TA,TA,CBlock,TA,TA,No,GLQ,708.0,Unf,0,108.0,816,GasA,TA,Y,FuseA,816.0,0,0,816.0,1,0,1,0,2,1,TA,5,Typ,0,None,Detchd,1957.0,Unf,1,308.0,TA,TA,Y,0,0,0,0,0,0,0,7,2006,WD,Normal,129900.0
1114,20,RL,66.0,8923.0,Pave,Reg,Lvl,AllPub,Inside,Gtl,NAmes,Norm,Norm,1Fam,1Story,5,7,1953,2006,Gable,CompShg,Wd Sdng,Wd Sdng,0.0,TA,TA,CBlock,TA,TA,No,BLQ,643.0,Unf,0,365.0,1008,GasA,Gd,Y,SBrkr,1008.0,0,0,1008.0,1,0,1,0,2,1,Gd,6,Typ,0,None,Attchd,1953.0,Unf,1,240.0,TA,TA,Y,0,18,0,0,0,0,0,5,2007,WD,Normal,134500.0
1115,20,RL,90.0,5400.0,Pave,Reg,Lvl,AllPub,Inside,Gtl,OldTown,Norm,Norm,1Fam,1Story,5,7,1954,2000,Gable,CompShg,MetalSd,MetalSd,0.0,TA,Gd,CBlock,TA,TA,No,Rec,415.0,Unf,0,418.0,833,GasA,Ex,Y,SBrkr,833.0,0,0,833.0,0,0,1,0,2,1,Gd,4,Typ,0,None,Detchd,1955.0,Unf,1,326.0,TA,TA,Y,0,0,0,0,0,0,0,8,2006,WD,Normal,117000.0
1116,20,RL,93.0,12085.0,Pave,Reg,Lvl,AllPub,Inside,Gtl,NridgHt,Norm,Norm,1Fam,1Story,8,5,2007,2007,Hip,CompShg,VinylSd,VinylSd,328.0,Gd,TA,PConc,Ex,TA,No,GLQ,1004.0,Unf,0,730.0,1734,GasA,Ex,Y,SBrkr,1734.0,0,0,1734.0,1,0,2,0,3,1,Ex,7,Typ,1,Gd,Attchd,2007.0,RFn,3,928.0,TA,TA,Y,0,0,0,0,0,0,0,11,2007,New,Partial,318000.0
1117,80,RL,65.0,7750.0,Pave,Reg,Lvl,AllPub,Inside,Gtl,Gilbert,Norm,Norm,1Fam,SLvl,8,5,2002,2002,Hip,CompShg,VinylSd,VinylSd,0.0,Gd,TA,PConc,Gd,TA,No,GLQ,353.0,Unf,0,55.0,408,GasA,Ex,Y,SBrkr,779.0,640,0,1419.0,1,0,2,1,3,1,Gd,7,Typ,1,TA,BuiltIn,2002.0,Fin,2,527.0,TA,TA,Y,120,0,0,0,0,0,0,3,2009,WD,Normal,184100.0
1118,20,RL,57.0,9764.0,Pave,IR1,Lvl,AllPub,FR2,Gtl,Sawyer,Feedr,Norm,1Fam,1Story,5,7,1967,2003,Gable,CompShg,VinylSd,VinylSd,0.0,TA,TA,CBlock,TA,TA,No,BLQ,702.0,Unf,0,192.0,894,GasA,Ex,Y,SBrkr,894.0,0,0,894.0,1,0,1,0,3,1,Gd,5,Typ,0,None,Attchd,1967.0,RFn,2,450.0,TA,TA,Y,0,0,0,0,0,0,0,5,2008,WD,Normal,130000.0
1119,80,RL,85.0,13825.0,Pave,Reg,Lvl,AllPub,Inside,Gtl,Sawyer,Norm,Norm,1Fam,SLvl,5,6,1958,1987,Gable,CompShg,MetalSd,MetalSd,0.0,TA,Gd,CBlock,TA,TA,No,Unf,0.0,Unf,0,533.0,533,GasA,TA,Y,SBrkr,1021.0,580,0,1601.0,0,1,1,0,3,1,TA,6,Min2,0,None,BuiltIn,1958.0,RFn,1,300.0,TA,TA,Y,280,34,0,0,0,0,0,12,2008,WD,Normal,140000.0
1120,20,RL,70.0,7560.0,Pave,Reg,Lvl,AllPub,Inside,Gtl,NAmes,Norm,Norm,1Fam,1Story,5,5,1959,1959,Gable,CompShg,BrkFace,Wd Sdng,0.0,TA,TA,CBlock,TA,TA,No,LwQ,369.0,Unf,0,671.0,1040,GasA,TA,Y,FuseA,1040.0,0,0,1040.0,0,0,1,0,3,1,TA,6,Typ,0,None,Attchd,1959.0,RFn,1,286.0,TA,TA,Y,140,0,0,0,0,0,0,7,2006,WD,Normal,133700.0
1121,30,RM,59.0,8263.0,Pave,Reg,Bnk,AllPub,Inside,Mod,IDOTRR,Norm,Norm,1Fam,1Story,6,5,1920,1950,Gable,CompShg,BrkFace,BrkFace,0.0,TA,TA,BrkTil,TA,TA,No,Unf,0.0,Unf,0,1012.0,1012,GasA,TA,Y,FuseA,1012.0,0,0,1012.0,0,0,1,0,2,1,TA,6,Typ,1,Gd,Detchd,1920.0,Unf,1,308.0,TA,TA,Y,0,22,0,0,0,0,0,5,2007,WD,Normal,118400.0
1122,20,RL,84.0,10084.0,Pave,Reg,Lvl,AllPub,Inside,Gtl,CollgCr,Norm,Norm,1Fam,1Story,7,5,2005,2006,Gable,CompShg,VinylSd,VinylSd,196.0,Gd,TA,PConc,Gd,TA,Av,GLQ,24.0,Unf,0,1528.0,1552,GasA,Ex,Y,SBrkr,1552.0,0,0,1552.0,0,0,2,0,3,1,Gd,7,Typ,0,None,Attchd,2005.0,RFn,3,782.0,TA,TA,Y,144,20,0,0,0,0,0,7,2006,New,Partial,212900.0
1123,20,RL,65.5,8926.0,Pave,IR1,Lvl,AllPub,Corner,Gtl,Edwards,Norm,Norm,1Fam,1Story,4,3,1956,1956,Gable,CompShg,AsbShng,AsbShng,0.0,TA,TA,CBlock,TA,TA,No,Unf,0.0,Unf,0,672.0,672,GasA,Ex,Y,FuseA,960.0,0,0,960.0,0,0,1,0,3,1,TA,5,Typ,0,None,Basment,1956.0,Unf,1,288.0,TA,TA,Y,64,0,0,0,0,0,0,10,2009,COD,Abnorml,112000.0
1124,20,RL,50.0,9405.0,Pave,Reg,Lvl,AllPub,Inside,Gtl,Edwards,Norm,Norm,1Fam,1Story,5,9,1947,2008,Hip,CompShg,VinylSd,VinylSd,0.0,TA,Ex,CBlock,TA,TA,No,Unf,0.0,Unf,0,698.0,698,GasA,Ex,Y,SBrkr,698.0,0,0,698.0,0,1,1,0,2,1,TA,4,Typ,0,None,None,1893.5,None,0,0.0,None,None,Y,0,170,0,0,0,0,0,6,2009,WD,Normal,118000.0
1125,80,RL,65.0,9125.0,Pave,IR1,Lvl,AllPub,Inside,Gtl,Gilbert,Norm,Norm,1Fam,SLvl,7,5,1992,1992,Gable,CompShg,HdBoard,HdBoard,170.0,TA,TA,PConc,Gd,TA,No,Unf,0.0,Unf,0,384.0,384,GasA,Gd,Y,SBrkr,812.0,670,0,1482.0,0,0,2,1,3,1,Gd,7,Typ,1,TA,Attchd,1992.0,Fin,2,392.0,TA,TA,Y,100,25,0,0,0,0,0,7,2007,WD,Normal,163900.0
1126,20,RL,60.0,10434.0,Pave,Reg,Lvl,AllPub,Inside,Gtl,NAmes,Norm,Norm,1Fam,1Story,4,5,1955,1955,Gable,CompShg,Plywood,Plywood,0.0,TA,TA,CBlock,TA,TA,No,Unf,0.0,Unf,0,1005.0,1005,GasA,TA,Y,SBrkr,1005.0,0,0,1005.0,0,0,1,0,2,1,Fa,5,Typ,1,TA,Detchd,1977.0,Unf,2,672.0,Fa,Fa,Y,0,0,0,0,0,0,0,11,2009,WD,Normal,115000.0
1127,120,RL,53.0,3684.0,Pave,Reg,Lvl,AllPub,Inside,Gtl,Blmngtn,Norm,Norm,TwnhsE,1Story,7,5,2007,2007,Hip,CompShg,VinylSd,VinylSd,130.0,Gd,TA,PConc,Gd,TA,No,Unf,0.0,Unf,0,1373.0,1373,GasA,Ex,Y,SBrkr,1555.0,0,0,1555.0,0,0,2,0,2,1,Gd,7,Typ,1,TA,Attchd,2007.0,Fin,3,660.0,TA,TA,Y,143,20,0,0,0,0,0,6,2009,WD,Normal,174000.0
1128,20,RL,110.0,14572.0,Pave,IR3,Lvl,AllPub,Corner,Gtl,Gilbert,Norm,Norm,1Fam,1Story,7,5,2004,2004,Hip,CompShg,VinylSd,VinylSd,0.0,Gd,TA,PConc,Gd,TA,Av,GLQ,1300.0,Unf,0,230.0,1530,GasA,Ex,Y,SBrkr,1530.0,0,0,1530.0,1,0,2,0,3,1,Gd,7,Typ,1,Gd,Attchd,2004.0,Fin,3,630.0,TA,TA,Y,144,36,0,0,0,0,0,11,2007,WD,Family,259000.0
1129,60,RL,59.0,11796.0,Pave,IR1,Lvl,AllPub,Inside,Gtl,Gilbert,Norm,Norm,1Fam,2Story,7,5,2004,2005,Gable,CompShg,VinylSd,VinylSd,0.0,Gd,TA,PConc,Gd,TA,Av,Unf,0.0,Unf,0,847.0,847,GasA,Ex,Y,SBrkr,847.0,1112,0,1959.0,0,0,2,1,4,1,Gd,8,Typ,1,Gd,BuiltIn,2004.0,Fin,2,434.0,TA,TA,Y,100,48,0,0,0,0,0,7,2007,WD,Normal,215000.0
1130,90,RM,60.0,7200.0,Pave,Reg,Lvl,AllPub,Inside,Gtl,OldTown,Norm,Norm,Duplex,SFoyer,5,5,1980,1980,Gable,CompShg,MetalSd,MetalSd,180.0,TA,TA,CBlock,Gd,TA,Gd,GLQ,936.0,Unf,0,0.0,936,GasA,TA,Y,SBrkr,936.0,0,0,936.0,1,0,1,0,2,1,TA,4,Typ,0,None,Detchd,1980.0,Unf,2,672.0,TA,TA,Y,49,0,0,0,0,0,0,8,2007,WD,Normal,140000.0
1131,50,RL,65.0,7804.0,Pave,Reg,Lvl,AllPub,Inside,Gtl,SWISU,Norm,Norm,1Fam,1.5Fin,4,3,1928,1950,Gable,CompShg,WdShing,Plywood,0.0,TA,TA,BrkTil,TA,TA,No,BLQ,622.0,Unf,0,500.0,1122,GasA,TA,Y,SBrkr,1328.0,653,0,1981.0,1,0,2,0,4,1,Gd,7,Min2,2,TA,Detchd,1981.0,Unf,2,576.0,TA,TA,Y,420,44,0,0,0,0,0,12,2009,WD,Normal,135000.0
1132,20,RL,63.0,10712.0,Pave,Reg,Lvl,AllPub,Inside,Gtl,Mitchel,Norm,Norm,1Fam,1Story,5,5,1991,1992,Gable,CompShg,HdBoard,HdBoard,0.0,TA,TA,PConc,Gd,TA,Mn,BLQ,212.0,Unf,0,762.0,974,GasA,TA,Y,SBrkr,974.0,0,0,974.0,0,0,1,0,3,1,TA,5,Typ,0,None,None,1893.5,None,0,0.0,None,None,Y,0,28,0,0,0,0,0,9,2007,Oth,Abnorml,93500.0
1133,70,RM,90.0,9900.0,Pave,Reg,Lvl,AllPub,Inside,Gtl,OldTown,Norm,Norm,1Fam,2Story,6,4,1885,1950,Gable,CompShg,Wd Sdng,Wd Sdng,0.0,TA,TA,BrkTil,TA,TA,Mn,Unf,0.0,Unf,0,1008.0,1008,GasW,TA,Y,SBrkr,1178.0,1032,0,2210.0,0,0,2,0,5,1,Fa,8,Typ,0,None,Detchd,1930.0,Unf,1,205.0,Fa,TA,N,0,48,0,0,0,0,0,5,2007,WD,Normal,117500.0
1134,60,RL,80.0,9828.0,Pave,IR1,Lvl,AllPub,Inside,Gtl,SawyerW,Norm,Norm,1Fam,2Story,8,5,1995,1995,Gable,CompShg,VinylSd,VinylSd,0.0,Gd,TA,PConc,Gd,TA,No,GLQ,584.0,Unf,0,544.0,1128,GasA,Ex,Y,SBrkr,1142.0,878,0,2020.0,0,0,2,1,3,1,Gd,8,Typ,1,TA,Attchd,1995.0,RFn,2,466.0,TA,TA,Y,0,155,0,0,0,0,0,6,2009,WD,Normal,239500.0
1135,60,RL,57.0,8773.0,Pave,IR1,HLS,AllPub,Inside,Gtl,Gilbert,Norm,Norm,1Fam,2Story,6,5,1997,1997,Gable,CompShg,VinylSd,VinylSd,0.0,TA,TA,PConc,Gd,TA,Av,Unf,0.0,Unf,0,916.0,916,GasA,Gd,Y,SBrkr,916.0,684,0,1600.0,0,0,2,1,3,1,TA,7,Typ,1,TA,Attchd,1997.0,Fin,2,460.0,TA,TA,Y,100,38,0,0,0,0,0,8,2007,WD,Normal,169000.0
1136,30,RM,60.0,6180.0,Pave,Reg,Lvl,AllPub,Corner,Gtl,BrkSide,Norm,Norm,1Fam,1Story,6,5,1926,1950,Gable,CompShg,Wd Sdng,Wd Sdng,0.0,TA,TA,BrkTil,TA,TA,No,Unf,0.0,Unf,0,960.0,960,GasA,TA,N,SBrkr,986.0,0,0,986.0,0,0,1,0,2,1,TA,5,Typ,1,Gd,Detchd,1926.0,Unf,1,180.0,TA,TA,Y,0,128,0,0,0,0,0,5,2007,WD,Normal,102000.0
1137,50,RL,80.0,9600.0,Pave,Reg,Lvl,AllPub,Inside,Gtl,NAmes,Norm,Norm,1Fam,1.5Fin,6,5,1950,1950,Gable,CompShg,VinylSd,VinylSd,0.0,TA,TA,CBlock,TA,TA,No,BLQ,280.0,Unf,0,752.0,1032,GasA,TA,Y,FuseA,1032.0,220,0,1252.0,0,0,1,0,3,1,TA,6,Typ,0,None,Attchd,1950.0,Unf,1,288.0,TA,TA,Y,0,0,0,0,0,0,0,4,2008,WD,Abnorml,119000.0
1138,50,RL,54.0,6342.0,Pave,Reg,Lvl,AllPub,Inside,Gtl,Sawyer,Feedr,Norm,1Fam,1.5Fin,5,8,1885,1996,Gable,CompShg,VinylSd,VinylSd,0.0,TA,Gd,CBlock,TA,TA,No,Unf,0.0,Unf,0,780.0,780,GasA,Gd,N,SBrkr,780.0,240,0,1020.0,0,0,1,0,2,1,TA,6,Typ,0,None,None,1893.5,None,0,0.0,None,None,N,0,0,0,0,0,0,0,5,2010,WD,Normal,94000.0
1139,20,RL,73.0,9819.0,Pave,IR1,Lvl,AllPub,Inside,Mod,Mitchel,Norm,Norm,1Fam,1Story,6,5,1977,1977,Gable,CompShg,Plywood,ImStucc,0.0,TA,TA,PConc,TA,TA,Gd,ALQ,1567.0,Unf,0,0.0,1567,GasA,TA,Y,SBrkr,1567.0,0,0,1567.0,1,0,2,0,2,1,Gd,5,Typ,2,TA,Attchd,1977.0,RFn,2,714.0,TA,TA,Y,264,32,0,0,0,0,0,5,2009,WD,Normal,196000.0
1140,30,RL,98.0,8731.0,Pave,IR1,Lvl,AllPub,Inside,Gtl,BrkSide,Norm,Norm,1Fam,1Story,5,5,1920,1950,Gable,CompShg,Stucco,Stucco,0.0,TA,Fa,BrkTil,TA,TA,No,BLQ,645.0,Unf,0,270.0,915,GasA,TA,Y,SBrkr,1167.0,0,0,1167.0,0,0,1,0,3,1,TA,6,Maj1,1,Gd,Detchd,1972.0,Unf,2,495.0,TA,TA,Y,0,0,0,0,0,0,0,5,2007,WD,Normal,144000.0
1141,20,RL,60.0,7350.0,Pave,Reg,Lvl,AllPub,Corner,Gtl,NAmes,Norm,Norm,1Fam,1Story,5,7,1951,1951,Gable,CompShg,HdBoard,HdBoard,0.0,TA,TA,CBlock,TA,TA,Mn,ALQ,852.0,Unf,0,100.0,952,GasA,TA,Y,SBrkr,952.0,0,0,952.0,1,0,1,0,2,1,TA,4,Typ,0,None,Detchd,1988.0,Unf,2,840.0,TA,TA,Y,0,0,0,0,0,0,0,6,2008,COD,Abnorml,139000.0
1142,60,RL,80.0,10304.0,Pave,IR1,Lvl,AllPub,CulDSac,Gtl,NWAmes,PosN,Norm,1Fam,2Story,5,7,1976,1976,Gable,CompShg,Plywood,Plywood,44.0,TA,Gd,CBlock,TA,TA,No,ALQ,381.0,Unf,0,399.0,780,GasA,Ex,Y,SBrkr,1088.0,780,0,1868.0,1,0,2,1,4,1,Gd,9,Typ,1,TA,Attchd,1976.0,Unf,2,484.0,TA,TA,Y,420,96,0,0,0,0,0,10,2009,WD,Normal,197500.0
1143,60,RL,77.0,9965.0,Pave,Reg,Lvl,AllPub,Inside,Gtl,CollgCr,Norm,Norm,1Fam,2Story,8,5,2006,2007,Hip,CompShg,VinylSd,VinylSd,340.0,Gd,TA,PConc,Ex,TA,Gd,GLQ,1150.0,Unf,0,316.0,1466,GasA,Ex,Y,SBrkr,1466.0,1362,0,2747.625,1,0,3,0,4,1,Gd,11,Typ,1,TA,BuiltIn,2006.0,RFn,3,938.25,TA,TA,Y,125,144,0,0,0,0,0,4,2007,New,Partial,340037.5
1144,20,RL,71.0,9000.0,Pave,Reg,Lvl,AllPub,Inside,Gtl,Sawyer,Norm,Norm,1Fam,1Story,5,3,1959,1959,Gable,CompShg,Wd Sdng,Plywood,0.0,TA,TA,CBlock,TA,TA,No,GLQ,288.0,Unf,0,718.0,1006,GasA,TA,Y,SBrkr,1006.0,0,0,1006.0,0,0,1,0,3,1,TA,5,Typ,0,None,None,1893.5,None,0,0.0,None,None,Y,0,24,0,0,0,0,0,7,2008,WD,Normal,80000.0
1145,190,RL,60.0,12180.0,Pave,Reg,Lvl,AllPub,Inside,Gtl,Edwards,Norm,Norm,2fmCon,1.5Fin,4,4,1941,1950,Gable,CompShg,MetalSd,MetalSd,0.0,TA,Fa,BrkTil,Gd,TA,No,BLQ,348.0,Unf,0,324.0,672,Grav,Fa,N,FuseA,672.0,252,0,924.0,1,0,1,0,2,1,Fa,5,Typ,0,None,Detchd,1941.0,Unf,1,280.0,TA,TA,Y,0,0,0,0,0,0,0,7,2010,WD,Normal,80000.0
1146,50,RM,52.0,6240.0,Pave,Reg,Lvl,AllPub,Inside,Gtl,BrkSide,Norm,Norm,1Fam,1.5Fin,5,6,1928,1950,Gable,CompShg,MetalSd,MetalSd,0.0,TA,TA,BrkTil,TA,TA,No,Unf,0.0,Unf,0,1042.0,1042,GasA,Ex,Y,SBrkr,1042.0,534,0,1576.0,0,0,1,0,3,1,TA,8,Typ,1,Gd,Detchd,1928.0,Unf,1,225.0,TA,TA,Y,0,0,0,0,0,0,0,8,2006,WD,Family,149000.0
1147,20,RL,66.5,11200.0,Pave,Reg,Lvl,AllPub,Inside,Gtl,SawyerW,Norm,Norm,1Fam,1Story,6,5,1985,1985,Gable,CompShg,Wd Sdng,Wd Shng,85.0,Gd,TA,CBlock,Gd,TA,No,GLQ,1258.0,Unf,0,40.0,1298,GasA,TA,Y,SBrkr,1298.0,0,0,1298.0,1,0,2,0,3,1,Gd,5,Typ,1,TA,Attchd,1985.0,Unf,2,403.0,TA,TA,Y,165,26,0,0,0,0,0,5,2006,WD,Normal,180000.0
1148,70,RL,75.0,12000.0,Pave,Reg,Bnk,AllPub,Inside,Gtl,Crawfor,Norm,Norm,1Fam,2Story,7,7,1941,1950,Gable,CompShg,MetalSd,MetalSd,0.0,TA,TA,CBlock,TA,TA,No,Rec,275.0,Unf,0,429.0,704,GasA,Ex,Y,SBrkr,860.0,704,0,1564.0,0,0,1,1,3,1,Fa,7,Typ,1,Gd,Attchd,1941.0,Unf,1,234.0,TA,TA,Y,0,0,0,0,0,0,0,7,2009,WD,Normal,174500.0
1149,50,RM,60.0,5700.0,Pave,Reg,Lvl,AllPub,Inside,Gtl,OldTown,Norm,Norm,1Fam,1.5Fin,7,7,1926,1950,Gable,CompShg,Wd Sdng,Wd Sdng,0.0,TA,TA,PConc,TA,TA,No,Unf,0.0,Unf,0,572.0,572,GasA,TA,Y,SBrkr,572.0,539,0,1111.0,0,0,1,0,2,1,TA,5,Typ,1,Gd,Detchd,1982.0,Unf,1,288.0,TA,TA,Y,0,0,0,0,0,0,0,8,2008,WD,Normal,116900.0
1150,70,RM,50.0,9000.0,Pave,Reg,Lvl,AllPub,Inside,Gtl,OldTown,Artery,Norm,1Fam,2Story,7,9,1920,1988,Hip,CompShg,VinylSd,VinylSd,0.0,TA,Gd,PConc,TA,TA,No,ALQ,624.0,Unf,0,26.0,650,GasA,Ex,Y,SBrkr,832.0,650,0,1482.0,0,1,1,0,3,1,TA,7,Typ,0,None,Detchd,1930.0,Unf,2,324.0,TA,TA,Y,0,0,0,0,0,0,0,7,2009,WD,Normal,143000.0
1151,20,RL,57.0,8280.0,Pave,IR1,Lvl,AllPub,Inside,Gtl,NAmes,Norm,Norm,1Fam,1Story,6,5,1950,1950,Gable,CompShg,BrkFace,BrkFace,0.0,TA,TA,CBlock,TA,TA,No,Unf,0.0,Unf,0,932.0,932,GasA,Ex,Y,FuseA,932.0,0,0,932.0,0,0,1,0,2,1,Gd,4,Typ,1,Gd,Attchd,1950.0,Unf,1,306.0,TA,TA,Y,0,0,0,0,0,0,0,11,2007,WD,Normal,124000.0
1152,20,RL,110.0,17673.5,Pave,Reg,Lvl,AllPub,Inside,Gtl,Edwards,Norm,Norm,1Fam,1Story,5,4,1959,1959,Gable,CompShg,HdBoard,Plywood,132.0,TA,TA,CBlock,TA,TA,No,BLQ,176.0,Unf,0,1290.0,1466,GasA,TA,Y,SBrkr,1466.0,0,0,1466.0,0,0,1,1,3,1,Fa,6,Typ,2,Gd,Attchd,1959.0,Fin,2,528.0,TA,TA,Y,0,140,0,0,0,0,0,11,2006,WD,Normal,149900.0
1153,20,RL,90.0,14115.0,Pave,IR1,Lvl,AllPub,Inside,Gtl,Crawfor,Norm,Norm,1Fam,1Story,6,7,1956,2004,Gable,CompShg,Stone,Stone,0.0,TA,TA,PConc,TA,TA,No,ALQ,296.0,GLQ,0,230.0,1073,GasA,Ex,Y,SBrkr,1811.0,0,0,1811.0,0,0,1,0,2,1,Ex,6,Typ,1,Gd,Attchd,1956.0,Fin,2,470.0,TA,TA,Y,0,0,0,0,0,0,0,7,2006,WD,Abnorml,230000.0
1154,30,RM,60.0,5890.0,Pave,Reg,Lvl,AllPub,Corner,Gtl,IDOTRR,Norm,Norm,1Fam,1Story,6,8,1930,2007,Gable,CompShg,Wd Sdng,Wd Sdng,0.0,Gd,Gd,BrkTil,TA,TA,Av,ALQ,538.0,Unf,0,278.0,816,GasA,Ex,Y,SBrkr,816.0,0,0,816.0,0,0,1,0,2,1,TA,5,Typ,0,None,Detchd,2002.0,Unf,1,432.0,TA,TA,Y,0,0,0,0,0,0,0,6,2008,WD,Normal,120500.0
1155,60,RL,73.0,13700.0,Pave,IR1,Lvl,AllPub,Inside,Gtl,NAmes,Norm,Norm,1Fam,2Story,7,6,1965,1988,Gable,CompShg,VinylSd,VinylSd,288.0,TA,TA,CBlock,TA,TA,Gd,ALQ,454.0,Unf,0,410.0,864,GasA,TA,Y,SBrkr,902.0,918,0,1820.0,0,0,1,2,4,1,Gd,8,Typ,2,Gd,Attchd,1965.0,Unf,2,492.0,TA,TA,Y,60,84,0,0,0,0,0,5,2008,WD,Normal,201800.0
1156,20,RL,90.0,10768.0,Pave,IR1,Lvl,AllPub,Corner,Gtl,Veenker,Norm,Norm,1Fam,1Story,5,8,1976,2004,Gable,CompShg,Plywood,Plywood,0.0,Gd,Gd,CBlock,Gd,TA,Gd,ALQ,1157.0,Unf,0,280.0,1437,GasA,TA,Y,SBrkr,1437.0,0,0,1437.0,1,0,2,0,3,1,Gd,6,Typ,1,Fa,Attchd,1976.0,RFn,2,528.0,TA,TA,Y,0,21,0,0,0,0,0,7,2007,WD,Normal,218000.0
1157,80,RL,85.0,9350.0,Pave,Reg,Lvl,AllPub,Inside,Gtl,NAmes,Norm,Norm,1Fam,SLvl,5,8,1965,1999,Gable,CompShg,BrkFace,BrkFace,0.0,TA,Gd,PConc,TA,TA,Gd,ALQ,633.0,Unf,0,586.0,1219,GasA,Gd,Y,SBrkr,1265.0,0,0,1265.0,0,1,2,0,3,1,Gd,6,Typ,1,Gd,Attchd,1965.0,RFn,2,502.0,TA,TA,Y,0,92,0,96,0,0,0,10,2008,WD,Normal,179900.0
1158,120,RL,34.0,5001.0,Pave,IR1,Lvl,AllPub,Inside,Gtl,NridgHt,Norm,Norm,Twnhs,1Story,7,5,2007,2008,Gable,CompShg,VinylSd,VinylSd,166.0,Gd,TA,PConc,Gd,TA,No,GLQ,904.0,Unf,0,410.0,1314,GasA,Ex,Y,SBrkr,1314.0,0,0,1314.0,1,0,2,0,2,1,Gd,6,Typ,1,Gd,Attchd,2008.0,RFn,2,626.0,TA,TA,Y,172,62,0,0,0,0,0,7,2009,WD,Normal,230000.0
1159,20,RL,92.0,11932.0,Pave,Reg,Lvl,AllPub,FR2,Gtl,Somerst,Feedr,Norm,1Fam,1Story,8,5,2007,2008,Gable,CompShg,VinylSd,VinylSd,186.0,Gd,TA,PConc,Gd,TA,No,Unf,0.0,Unf,0,1580.0,1580,GasA,Ex,Y,SBrkr,1580.0,0,0,1580.0,0,0,2,0,3,1,Gd,7,Typ,0,None,Attchd,2008.0,RFn,3,830.0,TA,TA,Y,0,24,0,0,0,0,0,6,2008,ConLD,Partial,235128.0
1160,60,RL,76.0,9120.0,Pave,Reg,Lvl,AllPub,Inside,Gtl,NWAmes,Norm,Norm,1Fam,2Story,6,6,1974,1974,Hip,CompShg,HdBoard,HdBoard,270.0,Gd,TA,CBlock,TA,TA,No,ALQ,442.0,Unf,0,459.0,901,GasA,TA,Y,SBrkr,943.0,933,0,1876.0,0,0,2,1,4,1,Gd,8,Typ,1,TA,Attchd,1974.0,RFn,2,540.0,Gd,TA,Y,0,69,0,0,0,0,0,7,2008,WD,Normal,185000.0
1161,160,RL,30.0,2280.0,Pave,Reg,Lvl,AllPub,Inside,Gtl,NPkVill,Norm,Norm,Twnhs,2Story,6,5,1978,1978,Gable,CompShg,Plywood,Brk Cmn,0.0,TA,TA,CBlock,Gd,TA,No,ALQ,311.0,Unf,0,544.0,855,GasA,Fa,Y,SBrkr,855.0,601,0,1456.0,0,0,2,1,3,1,TA,7,Typ,1,TA,Attchd,1978.0,Unf,2,440.0,TA,TA,Y,26,0,0,0,0,0,0,7,2010,WD,Normal,146000.0
1162,20,RL,74.0,14778.0,Pave,IR1,Low,AllPub,CulDSac,Gtl,Crawfor,PosN,Norm,1Fam,1Story,6,7,1954,2006,Hip,CompShg,HdBoard,HdBoard,72.0,Gd,TA,CBlock,TA,TA,No,BLQ,728.0,Unf,0,568.0,1296,GasA,Ex,Y,SBrkr,1640.0,0,0,1640.0,1,0,1,0,3,1,Gd,7,Typ,1,Gd,Detchd,1993.0,Unf,2,924.0,TA,TA,Y,108,0,0,216,0,0,0,11,2008,WD,Normal,224000.0
1163,20,RL,109.0,8724.0,Pave,Reg,Lvl,AllPub,Inside,Gtl,Sawyer,Norm,Norm,1Fam,1Story,5,5,1968,1968,Gable,CompShg,VinylSd,VinylSd,0.0,TA,TA,CBlock,Gd,TA,No,BLQ,492.0,Unf,0,402.0,894,GasA,Gd,Y,SBrkr,894.0,0,0,894.0,0,0,1,0,3,1,TA,5,Typ,1,Po,Attchd,1968.0,Fin,2,450.0,TA,TA,Y,0,0,0,0,0,0,0,5,2007,WD,Normal,129000.0
1164,90,RL,60.0,12900.0,Pave,Reg,Lvl,AllPub,Inside,Gtl,Sawyer,Feedr,Norm,Duplex,SFoyer,4,4,1969,1969,Gable,CompShg,Plywood,Plywood,0.0,TA,TA,CBlock,Gd,TA,Av,GLQ,1198.0,Unf,0,0.0,1198,GasA,TA,Y,SBrkr,1258.0,0,0,1258.0,2,0,0,2,0,2,TA,6,Typ,0,None,CarPort,1969.0,Unf,2,400.0,Fa,TA,Y,120,0,0,0,0,0,0,1,2008,WD,Alloca,108959.0
1165,80,RL,68.0,16157.0,Pave,IR1,Lvl,AllPub,FR2,Gtl,Veenker,Feedr,Norm,1Fam,SLvl,5,7,1978,1978,Gable,CompShg,Plywood,Plywood,0.0,TA,TA,PConc,Gd,TA,Gd,ALQ,680.0,Rec,0,289.0,1360,GasA,Ex,Y,SBrkr,1432.0,0,0,1432.0,1,0,1,1,2,1,Gd,5,Typ,1,TA,Attchd,1978.0,Unf,2,588.0,TA,TA,Y,168,170,0,0,0,0,0,6,2007,WD,Normal,194000.0
1166,20,RL,79.0,9541.0,Pave,IR1,Lvl,AllPub,Inside,Gtl,NridgHt,Norm,Norm,1Fam,1Story,7,5,2009,2009,Gable,CompShg,VinylSd,VinylSd,268.0,Gd,TA,PConc,Gd,TA,No,Unf,0.0,Unf,0,1502.0,1502,GasA,Ex,Y,SBrkr,1502.0,0,0,1502.0,0,0,2,0,3,1,Gd,7,Typ,0,None,Attchd,2009.0,RFn,2,644.0,TA,TA,Y,0,114,0,0,0,0,0,9,2009,New,Partial,233170.0
1167,20,RL,64.0,10475.0,Pave,IR1,Lvl,AllPub,Corner,Gtl,CollgCr,Norm,Norm,1Fam,1Story,8,5,2008,2008,Gable,CompShg,VinylSd,VinylSd,72.0,Gd,TA,PConc,Gd,TA,Av,Unf,0.0,Unf,0,1685.5,1694,GasA,Ex,Y,SBrkr,1694.0,0,0,1694.0,0,0,2,0,3,1,Gd,7,Typ,0,None,Attchd,2008.0,RFn,3,776.0,TA,TA,Y,160,33,0,0,0,0,0,2,2010,WD,Normal,245350.0
1168,60,RL,58.0,10852.0,Pave,IR1,Lvl,AllPub,Inside,Gtl,Gilbert,RRAn,Norm,1Fam,2Story,6,5,2000,2000,Gable,CompShg,VinylSd,VinylSd,0.0,TA,TA,PConc,Gd,TA,No,GLQ,786.0,Unf,0,173.0,959,GasA,Ex,Y,SBrkr,959.0,712,0,1671.0,1,0,2,1,3,1,TA,7,Typ,1,TA,Attchd,2000.0,Fin,2,472.0,TA,TA,Y,0,38,0,0,0,0,0,2,2006,WD,Normal,173000.0
1169,70,RL,110.0,13728.0,Pave,Reg,Lvl,AllPub,Corner,Gtl,Edwards,Norm,Norm,1Fam,2Story,6,7,1935,1986,Hip,CompShg,Stucco,Stucco,0.0,TA,TA,CBlock,TA,TA,No,Rec,626.0,Unf,0,501.0,1127,GasA,Ex,Y,SBrkr,1236.0,872,0,2108.0,0,0,2,0,4,1,Gd,7,Typ,2,TA,Basment,1935.0,Unf,2,540.0,TA,TA,Y,0,0,0,0,0,0,0,7,2008,WD,Normal,235000.0
1170,60,RL,110.0,17673.5,Pave,IR1,Lvl,AllPub,CulDSac,Gtl,NoRidge,Norm,Norm,1Fam,2Story,10,5,1995,1996,Hip,CompShg,HdBoard,HdBoard,410.625,Gd,Gd,PConc,Ex,TA,Gd,GLQ,1387.0,Unf,0,543.0,1930,GasA,Ex,Y,SBrkr,1831.0,1796,0,2747.625,1,0,3,1,4,1,Gd,10,Typ,1,TA,Attchd,1995.0,Fin,3,807.0,TA,TA,Y,361,76,0,0,0,0,0,7,2006,WD,Normal,340037.5
1171,80,RL,76.0,9880.0,Pave,Reg,Lvl,AllPub,Inside,Gtl,Mitchel,Norm,Norm,1Fam,SLvl,6,6,1977,1977,Gable,CompShg,Plywood,Plywood,0.0,TA,TA,CBlock,TA,TA,Av,ALQ,522.0,Unf,0,574.0,1096,GasA,TA,Y,SBrkr,1118.0,0,0,1118.0,1,0,1,0,3,1,TA,6,Typ,1,Po,Attchd,1977.0,Fin,1,358.0,TA,TA,Y,203,0,0,0,0,576,0,7,2008,WD,Normal,171000.0
1172,20,RL,76.0,9120.0,Pave,Reg,Lvl,AllPub,Inside,Gtl,NAmes,Norm,Norm,1Fam,1Story,6,6,1958,1958,Hip,CompShg,MetalSd,MetalSd,0.0,TA,TA,CBlock,TA,TA,No,ALQ,662.0,Unf,0,599.0,1261,GasA,Ex,Y,SBrkr,1261.0,0,0,1261.0,1,0,1,0,3,1,TA,6,Typ,1,TA,Attchd,1958.0,RFn,2,433.0,TA,TA,Y,0,0,0,0,0,0,1400,11,2008,WD,Normal,163000.0
1173,160,FV,35.0,4017.0,Pave,IR1,Lvl,AllPub,Inside,Gtl,Somerst,Norm,Norm,TwnhsE,2Story,7,5,2006,2007,Gable,CompShg,MetalSd,MetalSd,0.0,Gd,TA,PConc,Gd,TA,No,Unf,0.0,Unf,0,625.0,625,GasA,Ex,Y,SBrkr,625.0,625,0,1250.0,0,0,2,1,2,1,Gd,5,Typ,0,None,Detchd,2006.0,Fin,2,625.0,TA,TA,Y,0,54,0,0,0,0,0,3,2008,WD,Normal,171900.0
1174,50,RL,110.0,17673.5,Pave,IR1,Bnk,AllPub,Inside,Gtl,ClearCr,Norm,Norm,1Fam,1.5Fin,5,6,1946,1994,Gable,CompShg,MetalSd,MetalSd,0.0,TA,TA,CBlock,TA,TA,No,Rec,152.0,BLQ,0,977.0,1598,GasA,TA,Y,SBrkr,1636.0,971,479,2747.625,0,0,3,0,3,1,Ex,12,Maj1,1,Gd,None,1893.5,None,0,0.0,None,None,Y,122,0,0,0,0,0,0,3,2007,WD,Normal,200500.0
1175,70,RL,80.0,16560.0,Pave,IR1,Lvl,AllPub,Inside,Gtl,Crawfor,Norm,Norm,1Fam,2Story,6,8,1932,1950,Gable,CompShg,Wd Sdng,Wd Sdng,0.0,TA,TA,BrkTil,Gd,TA,No,Rec,503.0,Unf,0,449.0,952,GasA,TA,Y,SBrkr,1170.0,1175,0,2345.0,0,0,2,1,4,1,TA,9,Typ,1,Gd,Detchd,1932.0,Unf,2,360.0,TA,TA,Y,0,0,0,0,0,0,0,7,2006,WD,Normal,239000.0
1176,50,RL,85.0,10678.0,Pave,Reg,Lvl,AllPub,Inside,Gtl,NoRidge,Norm,Norm,1Fam,1.5Fin,8,5,1992,2000,Hip,CompShg,HdBoard,HdBoard,337.0,Gd,TA,PConc,Gd,TA,No,GLQ,700.0,Unf,0,983.0,1683,GasA,Ex,Y,SBrkr,2129.0,743,0,2747.625,0,0,2,1,4,1,Gd,9,Typ,1,TA,Attchd,1992.0,Fin,2,541.0,TA,TA,Y,0,33,0,0,0,0,0,4,2007,WD,Normal,285000.0
1177,20,RL,37.0,6951.0,Pave,IR1,Lvl,AllPub,CulDSac,Gtl,Mitchel,Norm,Norm,1Fam,1Story,5,5,1984,1985,Gable,CompShg,HdBoard,Plywood,0.0,TA,TA,CBlock,TA,TA,No,ALQ,658.0,Unf,0,218.0,876,GasA,TA,Y,SBrkr,923.0,0,0,923.0,1,0,1,0,3,1,TA,5,Typ,0,None,Attchd,1984.0,Unf,1,264.0,TA,TA,Y,362,0,0,0,0,0,0,10,2008,WD,Normal,119500.0
1178,50,RM,60.0,3950.0,Pave,Reg,Bnk,AllPub,Inside,Gtl,OldTown,Artery,Norm,1Fam,1.5Fin,6,8,1926,2004,Gable,CompShg,MetalSd,MetalSd,0.0,TA,TA,CBlock,TA,TA,No,Rec,468.0,Unf,0,350.0,818,GasA,TA,Y,SBrkr,818.0,406,0,1224.0,0,0,1,0,3,1,TA,5,Typ,0,None,Detchd,1926.0,Unf,1,210.0,TA,TA,N,0,0,0,0,0,0,0,12,2009,WD,Normal,115000.0
1179,50,RL,54.0,7681.0,Pave,IR1,Lvl,AllPub,FR2,Gtl,Crawfor,Norm,Norm,1Fam,1.5Fin,5,6,1921,1950,Gable,CompShg,Wd Sdng,Wd Sdng,0.0,TA,TA,BrkTil,TA,TA,No,Unf,0.0,Unf,0,731.0,731,GasA,Ex,Y,SBrkr,820.0,523,0,1343.0,0,0,1,1,3,1,TA,7,Typ,1,Gd,Detchd,1921.0,Unf,1,186.0,Fa,TA,Y,192,0,0,0,0,0,0,7,2009,WD,Normal,154900.0
1180,20,RL,77.0,8335.0,Pave,Reg,Lvl,AllPub,Corner,Gtl,Edwards,Norm,Norm,1Fam,1Story,5,5,1954,1954,Gable,CompShg,Wd Sdng,Wd Sdng,0.0,TA,TA,Slab,None,None,None,None,0.0,None,0,0.0,42,GasA,Gd,Y,SBrkr,1124.0,0,0,1124.0,0,0,1,0,3,1,TA,5,Min2,1,Gd,None,1893.5,None,0,0.0,None,None,N,0,36,0,0,0,0,0,4,2006,WD,Normal,93000.0
1181,60,RL,85.0,11170.0,Pave,IR2,Lvl,AllPub,Corner,Gtl,Timber,Norm,Norm,1Fam,2Story,7,5,1990,1991,Gable,CompShg,MetalSd,MetalSd,0.0,TA,TA,Wood,Gd,TA,No,LwQ,1216.0,Unf,0,0.0,1216,GasA,Ex,Y,SBrkr,1298.0,1216,0,2514.0,0,0,2,1,4,1,TA,8,Typ,0,None,Attchd,1990.0,Fin,2,693.0,TA,TA,Y,0,0,0,0,0,0,0,4,2006,WD,Normal,250000.0
1182,120,RM,64.0,5587.0,Pave,IR1,HLS,AllPub,Inside,Mod,Crawfor,Norm,Norm,TwnhsE,1Story,8,5,2008,2008,Hip,CompShg,CemntBd,CmentBd,186.0,Ex,TA,PConc,Ex,TA,Gd,GLQ,1480.0,Unf,0,120.0,1600,GasA,Ex,Y,SBrkr,1652.0,0,0,1652.0,1,1,2,0,2,1,Gd,5,Typ,1,Gd,Attchd,2008.0,Fin,2,482.0,TA,TA,Y,162,53,0,153,0,0,0,11,2008,New,Partial,340037.5
1183,60,RL,110.0,15623.0,Pave,IR1,Lvl,AllPub,Corner,Gtl,NoRidge,Norm,Norm,1Fam,2Story,10,5,1996,1996,Hip,CompShg,Wd Sdng,ImStucc,0.0,Gd,TA,PConc,Ex,TA,Av,GLQ,1780.625,Unf,0,300.0,2052,GasA,Ex,Y,SBrkr,2155.125,1820,0,2747.625,1,0,3,1,4,1,Ex,10,Typ,2,TA,Attchd,1996.0,Fin,3,813.0,TA,TA,Y,171,78,0,0,0,555,0,7,2007,WD,Abnorml,340037.5
1184,30,RL,60.0,10800.0,Pave,Reg,Lvl,AllPub,Inside,Gtl,OldTown,Norm,Norm,1Fam,1Story,5,6,1920,1950,Hip,CompShg,Stucco,Stucco,0.0,TA,TA,BrkTil,TA,TA,No,Rec,821.0,Unf,0,299.0,1120,GasA,Ex,Y,SBrkr,1130.0,0,0,1130.0,1,0,1,0,2,1,TA,5,Typ,1,Gd,Detchd,1970.0,Unf,2,720.0,TA,TA,Y,229,0,0,0,0,0,0,6,2006,WD,Normal,120000.0
1185,20,RL,50.0,17673.5,Grvl,Reg,Lvl,AllPub,Inside,Mod,Timber,Norm,Norm,1Fam,1Story,5,4,1963,1963,Hip,CompShg,MetalSd,MetalSd,226.0,TA,TA,CBlock,TA,TA,Gd,Rec,1159.0,Unf,0,413.0,1572,GasA,Gd,Y,SBrkr,1572.0,0,0,1572.0,1,0,1,1,3,1,TA,5,Typ,2,TA,2Types,1963.0,RFn,3,938.25,TA,TA,Y,0,170,0,0,0,0,0,5,2007,WD,Normal,186700.0
1186,50,RL,60.0,9738.0,Pave,Reg,Lvl,AllPub,Inside,Gtl,Edwards,Norm,Norm,1Fam,1.5Fin,5,7,1924,1950,Gable,CompShg,AsbShng,AsbShng,0.0,TA,Gd,BrkTil,TA,TA,No,BLQ,392.0,Unf,0,392.0,784,GasA,Gd,Y,SBrkr,949.0,272,0,1221.0,1,0,1,0,4,1,TA,7,Typ,0,None,Attchd,1965.0,Unf,1,392.0,TA,TA,Y,0,0,0,0,0,0,0,3,2006,WD,Normal,104900.0
1187,190,RL,107.0,10615.0,Pave,IR1,Bnk,AllPub,Corner,Mod,OldTown,Artery,Artery,2fmCon,2Story,3,5,1900,1970,Gable,CompShg,HdBoard,HdBoard,0.0,TA,TA,CBlock,Fa,TA,Mn,BLQ,440.0,Unf,0,538.0,978,GasA,TA,Y,SBrkr,1014.0,685,0,1699.0,1,0,2,0,3,2,TA,7,Typ,0,None,CarPort,1920.0,Unf,2,420.0,Fa,Fa,Y,0,74,0,0,0,0,0,8,2009,WD,Abnorml,95000.0
1188,20,RL,89.0,12461.0,Pave,Reg,Lvl,AllPub,Corner,Gtl,NoRidge,Norm,Norm,1Fam,1Story,8,5,1994,1995,Gable,CompShg,ImStucc,ImStucc,0.0,Gd,TA,PConc,Gd,TA,No,GLQ,1456.0,Unf,0,168.0,1624,GasA,Ex,Y,SBrkr,1624.0,0,0,1624.0,1,0,2,0,2,1,Gd,5,Typ,1,Fa,Attchd,1994.0,RFn,3,757.0,TA,TA,Y,0,114,0,0,0,0,0,7,2006,WD,Normal,262000.0
1189,60,RL,68.0,8935.0,Pave,IR1,Lvl,AllPub,Inside,Gtl,CollgCr,Norm,Norm,1Fam,2Story,7,5,2002,2002,Gable,CompShg,VinylSd,VinylSd,95.0,Gd,TA,PConc,Gd,TA,No,Unf,0.0,Unf,0,831.0,831,GasA,Ex,Y,SBrkr,831.0,829,0,1660.0,0,0,2,1,3,1,Gd,7,Typ,0,None,Attchd,2002.0,RFn,2,493.0,TA,TA,Y,144,68,0,0,0,0,0,7,2009,WD,Normal,195000.0
1190,60,RL,60.0,7500.0,Pave,Reg,Lvl,AllPub,Inside,Gtl,Gilbert,Norm,Norm,1Fam,2Story,7,5,1999,1999,Gable,CompShg,VinylSd,VinylSd,0.0,TA,TA,PConc,TA,TA,No,Unf,0.0,Unf,0,994.0,994,GasA,Gd,Y,SBrkr,1028.0,776,0,1804.0,0,0,2,1,3,1,Gd,7,Typ,1,TA,Attchd,1999.0,Fin,2,442.0,TA,TA,Y,140,60,0,0,0,0,0,6,2010,WD,Normal,189000.0
1191,190,RL,73.0,17673.5,Pave,Reg,Low,AllPub,Inside,Mod,Mitchel,Norm,Norm,2fmCon,1Story,4,4,1961,1975,Gable,CompShg,MetalSd,MetalSd,149.0,TA,Gd,CBlock,TA,TA,Av,BLQ,1159.0,Unf,0,90.0,1249,GasA,Ex,Y,SBrkr,1622.0,0,0,1622.0,1,0,1,0,3,1,TA,7,Typ,1,TA,2Types,1975.0,Fin,4,938.25,TA,TA,Y,420,0,0,0,0,0,0,3,2007,WD,Normal,168000.0
1192,160,FV,30.0,2645.0,Pave,Reg,Lvl,AllPub,Inside,Gtl,Somerst,Norm,Norm,Twnhs,2Story,8,5,1999,2000,Gable,CompShg,MetalSd,MetalSd,410.625,Gd,TA,PConc,Gd,TA,No,Unf,0.0,Unf,0,776.0,776,GasA,Ex,Y,SBrkr,764.0,677,0,1441.0,0,0,2,1,2,1,Gd,5,Typ,0,None,Detchd,1999.0,Unf,2,492.0,TA,TA,Y,206,0,0,0,0,0,0,11,2007,WD,Normal,174000.0
1193,50,RM,60.0,9600.0,Pave,Reg,Lvl,AllPub,Inside,Gtl,OldTown,Norm,Norm,1Fam,1.5Fin,5,8,1925,1994,Gambrel,CompShg,VinylSd,VinylSd,0.0,TA,TA,PConc,TA,TA,Mn,Unf,0.0,Unf,0,702.0,702,GasA,Gd,Y,SBrkr,842.0,630,0,1472.0,0,0,1,0,3,1,Gd,6,Typ,0,None,Detchd,1925.0,Unf,1,250.0,TA,Fa,P,0,0,0,0,0,0,0,7,2007,WD,Normal,125000.0
1194,120,RM,73.0,4500.0,Pave,Reg,Lvl,AllPub,FR2,Gtl,Mitchel,Norm,Norm,TwnhsE,1Story,6,5,1999,1999,Hip,CompShg,VinylSd,VinylSd,410.625,TA,TA,PConc,Ex,TA,No,GLQ,883.0,Unf,0,341.0,1224,GasA,Ex,Y,SBrkr,1224.0,0,0,1224.0,1,0,2,0,2,1,TA,5,Typ,0,None,Attchd,1999.0,Fin,2,402.0,TA,TA,Y,0,170,0,0,0,0,0,6,2009,WD,Normal,165000.0
1195,60,RL,80.0,9364.0,Pave,Reg,Lvl,AllPub,Corner,Gtl,Sawyer,Norm,Norm,1Fam,2Story,6,7,1969,1969,Gable,CompShg,HdBoard,HdBoard,143.0,TA,TA,CBlock,TA,TA,No,ALQ,371.0,Unf,0,292.0,663,GasA,TA,Y,SBrkr,663.0,689,0,1352.0,0,0,1,1,4,1,TA,7,Typ,0,None,Attchd,1969.0,Fin,1,299.0,TA,TA,Y,379,36,0,0,0,0,0,3,2010,WD,Normal,158000.0
1196,60,RL,51.0,8029.0,Pave,IR1,Lvl,AllPub,Inside,Gtl,Gilbert,Norm,Norm,1Fam,2Story,6,5,2005,2005,Gable,CompShg,VinylSd,VinylSd,0.0,TA,TA,PConc,Gd,TA,No,Unf,0.0,Unf,0,728.0,728,GasA,Ex,Y,SBrkr,728.0,728,0,1456.0,0,0,2,1,3,1,Gd,8,Typ,0,None,Attchd,2005.0,Fin,2,400.0,TA,TA,Y,100,24,0,0,0,0,0,7,2008,WD,Normal,176000.0
1197,60,RL,58.0,14054.0,Pave,IR1,Lvl,AllPub,Inside,Gtl,Gilbert,Norm,Norm,1Fam,2Story,7,5,2006,2006,Gable,CompShg,VinylSd,VinylSd,0.0,Gd,TA,PConc,Gd,TA,Av,Unf,0.0,Unf,0,879.0,879,GasA,Ex,Y,SBrkr,879.0,984,0,1863.0,0,0,2,1,4,1,Gd,9,Typ,1,Gd,BuiltIn,2006.0,Fin,3,660.0,TA,TA,Y,100,17,0,0,0,0,0,11,2006,New,Partial,219210.0
1198,75,RM,65.0,8850.0,Pave,IR1,Bnk,AllPub,Corner,Gtl,OldTown,Norm,Norm,1Fam,2.5Unf,7,6,1916,1950,Gable,CompShg,MetalSd,MetalSd,0.0,TA,TA,BrkTil,TA,TA,No,Unf,0.0,Unf,0,815.0,815,GasA,Ex,Y,SBrkr,815.0,875,0,1690.0,0,0,1,0,3,1,TA,7,Typ,1,Gd,Detchd,1916.0,Unf,1,225.0,TA,TA,Y,0,0,0,0,0,0,0,7,2006,ConLw,Normal,144000.0
1199,20,RL,70.0,9100.0,Pave,Reg,Lvl,AllPub,Inside,Gtl,CollgCr,Norm,Norm,1Fam,1Story,7,5,2001,2001,Gable,CompShg,VinylSd,VinylSd,0.0,Gd,TA,PConc,Gd,TA,No,Unf,0.0,Unf,0,1212.0,1212,GasA,Ex,Y,SBrkr,1212.0,0,0,1212.0,0,0,2,0,3,1,Gd,6,Typ,0,None,Attchd,2001.0,RFn,2,573.0,TA,TA,Y,356,0,0,0,0,0,0,6,2009,WD,Normal,178000.0
1200,20,RL,75.0,11235.0,Pave,Reg,Lvl,AllPub,Inside,Gtl,Sawyer,Norm,Norm,1Fam,1Story,4,5,1963,1979,Gable,CompShg,HdBoard,HdBoard,51.0,TA,TA,CBlock,TA,TA,No,Rec,547.0,Unf,0,504.0,1051,GasA,Gd,Y,SBrkr,1382.0,0,0,1382.0,0,0,1,1,3,1,TA,6,Typ,1,Po,Attchd,1974.0,Unf,2,459.0,TA,TA,Y,0,82,0,0,0,0,0,10,2006,WD,Normal,148000.0
1201,20,RL,71.0,9353.0,Pave,Reg,Lvl,AllPub,Inside,Gtl,NAmes,Norm,Norm,1Fam,1Story,4,5,1970,1970,Gable,CompShg,MetalSd,MetalSd,0.0,TA,TA,CBlock,TA,TA,No,Unf,0.0,Unf,0,864.0,864,GasA,Gd,Y,SBrkr,864.0,0,0,864.0,0,0,1,0,3,1,TA,5,Typ,0,None,Attchd,1972.0,Unf,1,280.0,TA,TA,Y,0,0,0,0,0,0,0,7,2006,Oth,Abnorml,116050.0
1202,60,RL,80.0,10400.0,Pave,Reg,Lvl,AllPub,Corner,Gtl,CollgCr,Norm,Norm,1Fam,2Story,7,5,1998,1998,Gable,CompShg,VinylSd,VinylSd,0.0,TA,TA,PConc,Gd,TA,Av,Unf,0.0,Unf,0,866.0,866,GasA,Ex,Y,SBrkr,866.0,913,0,1779.0,0,0,2,1,3,1,Gd,6,Typ,0,None,Attchd,1998.0,RFn,2,546.0,TA,TA,Y,198,36,0,0,0,0,0,3,2009,WD,Normal,197900.0
1203,50,RM,50.0,6000.0,Pave,Reg,Lvl,AllPub,Corner,Gtl,BrkSide,Norm,Norm,1Fam,1.5Fin,5,8,1925,1997,Gable,CompShg,Wd Sdng,Wd Sdng,0.0,TA,TA,BrkTil,TA,TA,No,Unf,0.0,Unf,0,884.0,884,GasA,Ex,Y,SBrkr,884.0,464,0,1348.0,1,0,1,0,3,1,TA,5,Typ,1,Fa,Detchd,1960.0,Unf,1,216.0,TA,TA,N,0,0,0,0,0,0,0,5,2009,WD,Normal,117000.0
1204,20,RL,75.0,9750.0,Pave,Reg,Lvl,AllPub,Inside,Gtl,CollgCr,Norm,Norm,1Fam,1Story,7,5,2000,2001,Gable,CompShg,VinylSd,VinylSd,171.0,Gd,TA,PConc,Gd,TA,No,Unf,0.0,Unf,0,1630.0,1630,GasA,Ex,Y,SBrkr,1630.0,0,0,1630.0,0,0,2,0,3,1,Gd,6,Typ,1,TA,Attchd,2000.0,Unf,2,451.0,TA,TA,Y,74,170,0,0,0,0,0,10,2009,WD,Normal,213000.0
1205,20,RL,78.0,10140.0,Pave,Reg,Lvl,AllPub,Inside,Gtl,NWAmes,Norm,Norm,1Fam,1Story,5,6,1975,1975,Gable,CompShg,HdBoard,HdBoard,0.0,TA,TA,CBlock,Gd,TA,No,ALQ,788.0,Unf,0,268.0,1056,GasA,Ex,Y,SBrkr,1074.0,0,0,1074.0,1,0,1,1,3,1,TA,6,Typ,0,None,Attchd,1975.0,RFn,2,495.0,TA,TA,Y,0,88,0,0,0,0,0,7,2006,WD,Normal,153500.0
1206,20,RL,90.0,14684.0,Pave,IR1,Lvl,AllPub,CulDSac,Gtl,SawyerW,Norm,Norm,1Fam,1Story,7,7,1990,1991,Hip,CompShg,HdBoard,HdBoard,234.0,Gd,TA,CBlock,Gd,TA,Mn,ALQ,485.0,BLQ,0,1496.0,2052,GasA,Gd,Y,SBrkr,2155.125,0,0,2196.0,0,0,2,0,3,1,Gd,7,Typ,1,TA,Attchd,1990.0,RFn,3,701.0,TA,TA,Y,84,70,0,0,0,0,0,6,2009,WD,Normal,271900.0
1207,20,RH,66.5,8900.0,Pave,Reg,Lvl,AllPub,Inside,Gtl,SawyerW,Norm,Norm,1Fam,1Story,4,4,1966,1966,Gable,CompShg,HdBoard,HdBoard,0.0,TA,TA,CBlock,TA,TA,No,Rec,1056.0,Unf,0,0.0,1056,GasA,TA,Y,SBrkr,1056.0,0,0,1056.0,1,0,1,0,2,1,TA,5,Typ,0,None,Detchd,1966.0,Unf,1,384.0,TA,TA,Y,0,42,0,0,0,0,0,11,2006,WD,Normal,107000.0
1208,20,RL,70.0,9135.0,Pave,Reg,Lvl,AllPub,Inside,Gtl,CollgCr,Norm,Norm,1Fam,1Story,6,5,2003,2003,Gable,CompShg,VinylSd,VinylSd,120.0,Gd,TA,PConc,Gd,TA,Av,GLQ,340.0,Unf,0,1342.0,1682,GasA,Ex,Y,SBrkr,1700.0,0,0,1700.0,1,0,2,0,3,1,Gd,7,Typ,0,None,Attchd,2003.0,RFn,2,544.0,TA,TA,Y,192,23,0,0,0,0,0,5,2006,WD,Normal,200000.0
1209,20,RL,70.0,7763.0,Pave,Reg,Lvl,AllPub,Inside,Gtl,NAmes,Norm,Norm,1Fam,1Story,5,7,1962,1980,Gable,CompShg,MetalSd,MetalSd,0.0,TA,Gd,CBlock,TA,TA,No,Rec,504.0,BLQ,0,319.0,931,GasA,TA,Y,SBrkr,1283.0,0,0,1283.0,1,0,1,0,3,1,TA,6,Typ,0,None,Detchd,1980.0,Unf,2,506.0,TA,TA,Y,0,0,0,0,0,0,0,10,2008,WD,Normal,140000.0
1210,20,RL,85.0,10182.0,Pave,IR1,Lvl,AllPub,CulDSac,Gtl,Somerst,RRNn,Norm,1Fam,1Story,8,5,2006,2006,Hip,CompShg,VinylSd,VinylSd,410.625,Gd,TA,PConc,Ex,TA,Mn,GLQ,1220.0,Unf,0,440.0,1660,GasA,Ex,Y,SBrkr,1660.0,0,0,1660.0,1,0,2,0,3,1,Gd,8,Typ,1,Gd,Attchd,2006.0,RFn,2,500.0,TA,TA,Y,322,50,0,0,0,0,0,5,2006,New,Partial,290000.0
1211,60,RL,70.0,11218.0,Pave,Reg,Lvl,AllPub,Inside,Gtl,SawyerW,Norm,Norm,1Fam,2Story,6,5,1992,1992,Gable,CompShg,Wd Sdng,Wd Sdng,0.0,Gd,TA,PConc,Gd,TA,No,Unf,0.0,Unf,0,1055.0,1055,GasA,Ex,Y,SBrkr,1055.0,790,0,1845.0,0,0,2,1,3,1,Gd,8,Typ,1,TA,Attchd,1992.0,RFn,2,462.0,TA,TA,Y,420,104,0,0,0,0,400,5,2010,WD,Normal,189000.0
1212,50,RL,110.0,12134.0,Pave,IR1,Bnk,AllPub,Inside,Mod,Gilbert,Norm,Norm,1Fam,1.5Fin,8,7,1988,2005,Gable,CompShg,Wd Sdng,Wd Sdng,0.0,Gd,TA,Wood,Gd,TA,Av,GLQ,427.0,Unf,0,132.0,559,GasA,Gd,Y,SBrkr,1080.0,672,0,1752.0,0,0,2,0,4,1,TA,8,Typ,0,None,Basment,1988.0,RFn,2,492.0,TA,TA,Y,325,12,0,0,0,0,0,6,2010,WD,Normal,164000.0
1213,30,RL,50.0,9340.0,Pave,Reg,Lvl,AllPub,Inside,Gtl,Edwards,Norm,Norm,1Fam,1Story,4,6,1941,1950,Hip,CompShg,MetalSd,MetalSd,0.0,TA,TA,CBlock,TA,TA,No,Rec,344.0,Unf,0,328.0,672,GasA,TA,Y,SBrkr,672.0,0,0,672.0,1,0,1,0,2,1,TA,4,Typ,0,None,Attchd,1941.0,Unf,1,234.0,TA,TA,N,0,113,0,0,0,0,0,8,2009,WD,Normal,113000.0
1214,80,RL,71.0,10246.0,Pave,IR1,Lvl,AllPub,CulDSac,Gtl,Sawyer,Norm,Norm,1Fam,SLvl,4,9,1965,2001,Gable,CompShg,VinylSd,VinylSd,0.0,TA,Gd,CBlock,TA,Gd,Av,GLQ,648.0,Unf,0,0.0,648,GasA,Ex,Y,SBrkr,960.0,0,0,960.0,1,1,0,0,0,1,TA,3,Typ,0,None,Attchd,1965.0,Unf,1,364.0,TA,TA,Y,88,0,0,0,0,0,0,5,2006,WD,Normal,145000.0
1215,85,RL,69.0,10205.0,Pave,IR1,Lvl,AllPub,Inside,Gtl,NAmes,Norm,Norm,1Fam,SFoyer,5,5,1962,1962,Gable,CompShg,MetalSd,MetalSd,0.0,TA,TA,CBlock,TA,TA,Av,BLQ,784.0,Unf,0,141.0,925,GasA,TA,Y,SBrkr,999.0,0,0,999.0,1,0,1,0,3,1,TA,6,Typ,0,None,Attchd,1962.0,Unf,1,300.0,TA,TA,Y,150,72,0,0,0,0,0,5,2006,WD,Normal,134500.0
1216,20,RL,99.0,7094.0,Pave,IR1,Lvl,AllPub,Inside,Gtl,Sawyer,Norm,Norm,1Fam,1Story,5,5,1966,1966,Gable,CompShg,VinylSd,VinylSd,0.0,TA,TA,CBlock,TA,TA,No,Rec,180.0,LwQ,0,340.0,894,GasA,TA,Y,SBrkr,894.0,0,0,894.0,0,0,1,0,3,1,TA,5,Typ,0,None,Detchd,1966.0,RFn,1,384.0,TA,TA,Y,0,0,0,0,0,0,0,5,2007,WD,Normal,125000.0
1217,90,RM,68.0,8930.0,Pave,Reg,Lvl,AllPub,Inside,Gtl,Sawyer,RRAe,Norm,Duplex,1.5Fin,6,5,1978,1978,Gable,CompShg,VinylSd,VinylSd,0.0,TA,TA,Slab,None,None,None,None,0.0,None,0,0.0,42,GasA,TA,Y,SBrkr,1318.0,584,0,1902.0,0,0,2,0,4,2,TA,8,Typ,0,None,Attchd,1978.0,Unf,2,539.0,TA,TA,Y,0,0,0,0,0,0,0,4,2010,WD,Normal,112000.0
1218,20,FV,72.0,8640.0,Pave,Reg,Lvl,AllPub,Inside,Gtl,Somerst,Norm,Norm,1Fam,1Story,8,5,2009,2009,Gable,CompShg,CemntBd,CmentBd,72.0,Gd,TA,PConc,Gd,TA,Mn,GLQ,936.0,Unf,0,364.0,1300,GasA,Ex,Y,SBrkr,1314.0,0,0,1314.0,1,0,2,0,3,1,Gd,6,Typ,0,None,Attchd,2009.0,RFn,2,552.0,TA,TA,Y,135,112,0,0,0,0,0,9,2009,New,Partial,229456.0
1219,50,RM,52.0,6240.0,Pave,Reg,Lvl,AllPub,Inside,Gtl,BrkSide,Norm,Norm,1Fam,1.5Fin,4,5,1947,1950,Gable,CompShg,AsbShng,AsbShng,0.0,TA,TA,Slab,None,None,None,None,0.0,None,0,0.0,42,GasA,Gd,N,SBrkr,672.0,240,0,912.0,0,0,1,0,2,1,TA,3,Typ,0,None,None,1893.5,None,0,0.0,None,None,N,0,0,0,0,0,0,0,7,2006,WD,Normal,80500.0
1220,160,RM,30.0,1680.0,Pave,Reg,Lvl,AllPub,Inside,Gtl,BrDale,Norm,Norm,Twnhs,2Story,6,5,1971,1971,Gable,CompShg,CemntBd,CmentBd,236.0,TA,TA,CBlock,TA,TA,No,Unf,0.0,Unf,0,672.0,672,GasA,TA,Y,SBrkr,672.0,546,0,1218.0,0,0,1,1,3,1,TA,7,Typ,0,None,None,1893.5,None,0,0.0,None,None,N,201,0,0,0,0,0,0,4,2006,WD,Abnorml,91500.0
1221,20,RL,66.0,7800.0,Pave,IR1,Lvl,AllPub,Inside,Gtl,NAmes,Norm,Norm,1Fam,1Story,5,5,1964,1964,Gable,CompShg,Wd Sdng,Wd Sdng,0.0,TA,TA,CBlock,TA,TA,No,Rec,312.0,LwQ,0,0.0,912,GasA,TA,Y,SBrkr,912.0,0,0,912.0,0,0,1,0,2,1,TA,5,Typ,0,None,Attchd,1964.0,Unf,1,288.0,TA,TA,Y,0,0,0,0,0,0,0,11,2006,WD,Abnorml,115000.0
1222,20,RL,55.0,8250.0,Pave,Reg,Lvl,AllPub,Inside,Gtl,Sawyer,Feedr,Norm,1Fam,1Story,5,5,1968,1968,Hip,CompShg,HdBoard,HdBoard,0.0,TA,TA,CBlock,TA,TA,No,BLQ,250.0,LwQ,0,210.0,952,GasA,Ex,Y,SBrkr,1211.0,0,0,1211.0,0,0,1,0,3,1,TA,5,Typ,1,TA,Attchd,1968.0,Unf,1,322.0,TA,TA,Y,0,63,0,0,0,0,0,8,2008,WD,Normal,134000.0
1223,50,RL,78.0,10496.0,Pave,Reg,Lvl,AllPub,Inside,Gtl,NAmes,Artery,Norm,1Fam,1.5Fin,6,6,1949,1950,Gable,CompShg,Wd Sdng,Wd Sdng,320.0,TA,TA,CBlock,TA,TA,Mn,Rec,196.0,Unf,0,844.0,1040,GasA,Ex,Y,SBrkr,1168.0,678,0,1846.0,0,0,2,0,3,1,TA,7,Typ,1,Gd,Attchd,1949.0,Unf,1,315.0,TA,TA,Y,0,0,0,0,0,0,0,1,2007,WD,Normal,143000.0
1224,20,RL,89.0,10680.0,Pave,Reg,Lvl,AllPub,Inside,Gtl,NAmes,Norm,Norm,1Fam,1Story,5,3,1951,1951,Hip,CompShg,Wd Sdng,Wd Sdng,44.0,TA,TA,CBlock,TA,Fa,No,LwQ,756.0,Unf,0,1380.0,2052,GasA,TA,N,FuseA,2136.0,0,0,2136.0,0,0,2,0,4,1,TA,7,Mod,0,None,Detchd,1951.0,Unf,2,528.0,TA,TA,Y,0,30,0,0,0,0,0,10,2006,WD,Normal,137900.0
1225,60,RL,60.0,15384.0,Pave,IR1,Lvl,AllPub,Inside,Gtl,Gilbert,RRAn,Norm,1Fam,2Story,7,5,2004,2005,Gable,CompShg,VinylSd,VinylSd,0.0,Gd,TA,PConc,Gd,TA,Av,GLQ,724.0,Unf,0,64.0,788,GasA,Ex,Y,SBrkr,788.0,702,0,1490.0,1,0,2,1,3,1,Gd,8,Typ,1,Gd,Attchd,2004.0,Fin,2,388.0,TA,TA,Y,100,75,0,0,0,0,0,2,2008,WD,Normal,184000.0
1226,80,RL,65.0,10482.0,Pave,Reg,Lvl,AllPub,Inside,Gtl,NAmes,Norm,Norm,1Fam,SLvl,6,8,1958,1958,Hip,CompShg,VinylSd,VinylSd,63.0,TA,Gd,CBlock,TA,TA,Av,GLQ,507.0,Unf,0,81.0,588,GasA,Ex,Y,SBrkr,1138.0,0,0,1138.0,0,1,1,0,3,1,TA,6,Typ,0,None,Attchd,1958.0,RFn,1,264.0,TA,TA,Y,224,0,0,0,0,0,0,6,2007,WD,Normal,145000.0
1227,60,RL,86.0,14598.0,Pave,IR1,Lvl,AllPub,CulDSac,Gtl,Somerst,Feedr,Norm,1Fam,2Story,6,5,2007,2007,Gable,CompShg,VinylSd,VinylSd,74.0,Gd,TA,PConc,Gd,TA,Mn,Unf,0.0,Unf,0,894.0,894,GasA,Ex,Y,SBrkr,894.0,1039,0,1933.0,0,0,2,1,4,1,Gd,9,Typ,1,Gd,BuiltIn,2007.0,Fin,3,668.0,TA,TA,Y,100,18,0,0,0,0,0,1,2008,WD,Normal,214000.0
1228,20,RL,72.0,8872.0,Pave,Reg,Lvl,AllPub,Corner,Gtl,NAmes,Norm,Norm,1Fam,1Story,5,8,1965,2008,Gable,CompShg,VinylSd,VinylSd,300.0,TA,TA,CBlock,TA,TA,No,ALQ,595.0,Unf,0,317.0,912,GasA,Ex,Y,SBrkr,912.0,0,0,912.0,1,0,1,0,2,1,Gd,5,Typ,0,None,Detchd,1992.0,Unf,2,576.0,TA,TA,Y,0,170,0,0,0,0,0,12,2008,WD,Normal,147000.0
1229,120,RL,65.0,8769.0,Pave,Reg,Lvl,AllPub,Corner,Gtl,NridgHt,Norm,Norm,TwnhsE,1Story,9,5,2008,2008,Hip,CompShg,MetalSd,MetalSd,410.625,Ex,TA,PConc,Ex,TA,No,GLQ,1540.0,Unf,0,162.0,1702,GasA,Ex,Y,SBrkr,1702.0,0,0,1702.0,1,0,1,1,1,1,Ex,7,Typ,1,Gd,Attchd,2008.0,Fin,3,938.25,TA,TA,Y,0,72,0,0,0,0,0,10,2008,New,Partial,340037.5
1230,80,RL,70.0,7910.0,Pave,Reg,Lvl,AllPub,Inside,Gtl,NAmes,Norm,Norm,1Fam,SLvl,5,5,1960,1960,Hip,CompShg,BrkFace,HdBoard,0.0,TA,TA,CBlock,TA,TA,No,ALQ,666.0,Unf,0,409.0,1075,GasA,Gd,Y,SBrkr,1507.0,0,0,1507.0,0,0,2,0,4,1,TA,7,Maj1,0,None,Basment,1960.0,Unf,1,404.0,TA,TA,Y,0,0,0,0,0,0,0,8,2008,WD,Normal,127000.0
1231,90,RL,71.0,17673.5,Pave,IR1,Lvl,AllPub,Inside,Gtl,Sawyer,Feedr,RRAe,Duplex,1.5Fin,5,5,1977,1977,Shed,CompShg,Plywood,Plywood,1.0,TA,TA,CBlock,Gd,TA,No,GLQ,498.0,Rec,0,652.0,1361,GasA,Ex,Y,SBrkr,1361.0,1259,0,2620.0,0,0,2,2,4,2,TA,12,Typ,1,TA,BuiltIn,1977.0,RFn,2,600.0,TA,TA,N,155,24,0,0,0,0,8300,8,2007,WD,Normal,190000.0
1232,90,RL,70.0,7728.0,Pave,Reg,Lvl,AllPub,Inside,Gtl,NAmes,Norm,Norm,Duplex,SLvl,5,6,1962,1962,Hip,CompShg,Wd Sdng,Wd Sdng,120.0,TA,TA,CBlock,TA,TA,Av,ALQ,803.0,Unf,0,303.0,1106,GasA,TA,Y,SBrkr,1190.0,0,0,1190.0,1,0,1,0,3,1,TA,6,Typ,0,None,Attchd,1962.0,Unf,2,540.0,TA,TA,Y,0,18,0,0,0,0,0,5,2006,WD,Normal,132500.0
1233,90,RL,70.0,9842.0,Pave,Reg,Lvl,AllPub,FR2,Gtl,NAmes,Norm,Norm,Duplex,1Story,4,5,1962,1962,Gable,CompShg,HdBoard,HdBoard,0.0,TA,TA,Slab,None,None,None,None,0.0,None,0,0.0,42,GasA,TA,Y,SBrkr,1224.0,0,0,1224.0,0,0,2,0,2,2,TA,6,Typ,0,None,CarPort,1962.0,Unf,2,462.0,TA,TA,Y,0,0,0,0,0,0,0,3,2007,WD,Normal,101800.0
1234,20,RL,73.0,12160.0,Pave,IR1,Lvl,AllPub,Inside,Gtl,NAmes,Norm,Norm,1Fam,1Story,5,5,1959,1959,Hip,CompShg,Plywood,Plywood,180.0,TA,TA,CBlock,TA,TA,No,Rec,1000.0,Unf,0,188.0,1188,GasA,Fa,Y,SBrkr,1188.0,0,0,1188.0,1,0,1,0,3,1,TA,6,Typ,0,None,Attchd,1959.0,RFn,2,531.0,TA,TA,Y,0,0,0,0,0,0,0,5,2010,COD,Abnorml,142000.0
1235,70,RH,55.0,8525.0,Pave,Reg,Bnk,AllPub,Inside,Gtl,SWISU,Norm,Norm,1Fam,2Story,5,6,1911,1950,Gable,CompShg,MetalSd,MetalSd,0.0,TA,TA,PConc,TA,TA,Av,Unf,0.0,Unf,0,940.0,940,GasA,TA,N,FuseA,1024.0,940,0,1964.0,0,0,1,1,4,1,TA,7,Typ,0,None,None,1893.5,None,0,0.0,None,None,N,0,170,0,0,0,0,0,11,2008,WD,Abnorml,130000.0
1236,70,RL,96.0,13132.0,Pave,Reg,Lvl,AllPub,Inside,Gtl,Crawfor,Norm,Norm,1Fam,2Story,5,5,1914,1950,Gable,CompShg,Wd Sdng,Wd Sdng,0.0,TA,TA,BrkTil,Gd,TA,Mn,Unf,0.0,Unf,0,747.0,747,GasA,Gd,Y,FuseF,892.0,892,0,1784.0,0,0,1,1,4,1,TA,9,Typ,0,None,Detchd,1914.0,Unf,1,180.0,Fa,Fa,N,203,40,0,0,0,0,0,7,2006,WD,Normal,138887.0
1237,160,RL,36.0,2628.0,Pave,Reg,Lvl,AllPub,Inside,Gtl,NridgHt,Norm,Norm,Twnhs,2Story,7,5,2003,2003,Gable,CompShg,VinylSd,Wd Shng,106.0,Gd,TA,PConc,Gd,TA,No,Unf,0.0,Unf,0,764.0,764,GasA,Ex,Y,SBrkr,764.0,862,0,1626.0,0,0,2,1,2,1,Gd,6,Typ,0,None,BuiltIn,2003.0,RFn,2,474.0,TA,TA,Y,0,27,0,0,0,0,0,6,2010,WD,Normal,175500.0
1238,60,RL,41.0,12393.0,Pave,IR2,Lvl,AllPub,FR2,Gtl,CollgCr,Norm,Norm,1Fam,2Story,7,5,2004,2005,Gable,CompShg,VinylSd,VinylSd,0.0,Gd,TA,PConc,Gd,TA,No,Unf,0.0,Unf,0,847.0,847,GasA,Ex,Y,SBrkr,847.0,1101,0,1948.0,0,0,2,1,4,1,Gd,8,Typ,1,Gd,BuiltIn,2004.0,Fin,2,434.0,TA,TA,Y,100,48,0,0,0,0,0,9,2006,WD,Normal,195000.0
1239,20,RL,63.0,13072.0,Pave,Reg,Lvl,AllPub,Inside,Gtl,SawyerW,RRAe,Norm,1Fam,1Story,6,5,2005,2005,Gable,CompShg,VinylSd,VinylSd,0.0,Gd,TA,PConc,Gd,TA,No,Unf,0.0,Unf,0,1141.0,1141,GasA,Ex,Y,SBrkr,1141.0,0,0,1141.0,0,0,1,1,3,1,TA,6,Typ,0,None,Detchd,2005.0,Unf,2,484.0,TA,TA,Y,0,0,0,0,0,0,0,3,2006,WD,Abnorml,142500.0
1240,20,RL,64.0,9037.0,Pave,IR1,HLS,AllPub,Inside,Gtl,Timber,Norm,Norm,1Fam,1Story,8,5,2006,2006,Hip,CompShg,VinylSd,VinylSd,32.0,Gd,TA,PConc,Gd,TA,Av,GLQ,428.0,Unf,0,1048.0,1476,GasA,Ex,Y,SBrkr,1484.0,0,0,1484.0,0,0,2,0,2,1,Ex,6,Typ,1,Gd,Attchd,2006.0,RFn,2,472.0,TA,TA,Y,120,33,0,0,0,0,0,12,2007,WD,Normal,265900.0
1241,60,RL,65.0,8158.0,Pave,Reg,Lvl,AllPub,Inside,Gtl,CollgCr,Norm,Norm,1Fam,2Story,7,5,2003,2003,Gable,CompShg,VinylSd,VinylSd,252.0,Gd,TA,PConc,Gd,TA,No,GLQ,550.0,Unf,0,334.0,884,GasA,Ex,Y,SBrkr,884.0,884,0,1768.0,1,0,2,1,3,1,Gd,8,Typ,0,None,Attchd,2003.0,RFn,2,543.0,TA,TA,Y,0,63,0,0,0,0,0,7,2008,WD,Normal,224900.0
1242,20,RL,83.0,9849.0,Pave,Reg,Lvl,AllPub,Inside,Gtl,Somerst,Norm,Norm,1Fam,1Story,7,6,2007,2007,Hip,CompShg,VinylSd,VinylSd,0.0,Gd,TA,PConc,Gd,TA,Av,Unf,0.0,Unf,0,1685.5,1689,GasA,Ex,Y,SBrkr,1689.0,0,0,1689.0,0,0,2,0,3,1,Gd,7,Typ,0,None,Attchd,2007.0,RFn,3,938.25,TA,TA,Y,0,56,0,0,0,0,0,6,2007,New,Partial,248328.0
1243,85,RL,85.0,10625.0,Pave,Reg,Lvl,AllPub,Inside,Gtl,NWAmes,Norm,Norm,1Fam,SFoyer,7,6,1974,1974,Gable,CompShg,Plywood,Plywood,81.0,TA,TA,CBlock,Gd,TA,Gd,GLQ,885.0,LwQ,0,0.0,1053,GasA,TA,Y,SBrkr,1173.0,0,0,1173.0,1,0,2,0,3,1,Gd,6,Typ,2,TA,Attchd,1974.0,RFn,2,528.0,TA,TA,Y,0,120,0,0,0,0,0,1,2010,WD,Family,170000.0
1244,20,RL,107.0,13891.0,Pave,Reg,Lvl,AllPub,Inside,Gtl,NridgHt,Norm,Norm,1Fam,1Story,10,5,2006,2006,Gable,CompShg,VinylSd,VinylSd,0.0,Ex,TA,PConc,Ex,Gd,Gd,GLQ,1386.0,Unf,0,690.0,2052,GasA,Ex,Y,SBrkr,2076.0,0,0,2076.0,1,0,2,1,2,1,Ex,7,Typ,1,Gd,Attchd,2006.0,Fin,3,850.0,TA,TA,Y,216,170,0,0,0,0,0,9,2006,New,Partial,340037.5
1245,70,RL,74.0,11435.0,Pave,IR1,HLS,AllPub,Corner,Mod,Crawfor,Norm,Norm,1Fam,2Story,8,7,1929,1950,Gable,CompShg,BrkFace,Stucco,0.0,TA,TA,PConc,Gd,TA,No,Unf,0.0,Unf,0,792.0,792,GasA,Fa,Y,SBrkr,792.0,725,0,1517.0,0,0,1,0,3,1,Gd,7,Typ,2,Gd,Detchd,1931.0,Unf,2,400.0,TA,TA,Y,0,0,0,0,0,0,0,6,2006,WD,Normal,230000.0
1246,80,RL,78.0,12090.0,Pave,Reg,Lvl,AllPub,Inside,Gtl,NWAmes,Norm,Norm,1Fam,SLvl,6,7,1984,2003,Hip,CompShg,VinylSd,VinylSd,74.0,TA,TA,CBlock,Gd,TA,No,Unf,0.0,Unf,0,585.0,585,GasA,Ex,Y,SBrkr,1140.0,728,0,1868.0,0,0,3,1,3,1,TA,7,Typ,1,TA,BuiltIn,1984.0,Fin,2,477.0,TA,TA,Y,268,112,0,0,0,0,0,1,2007,WD,Abnorml,178000.0
1247,60,FV,65.0,8125.0,Pave,Reg,Lvl,AllPub,Inside,Gtl,Somerst,Norm,Norm,1Fam,2Story,7,5,2005,2006,Gable,CompShg,VinylSd,VinylSd,0.0,Gd,TA,PConc,Gd,TA,No,Unf,0.0,Unf,0,756.0,756,GasA,Ex,Y,SBrkr,756.0,797,0,1553.0,0,0,2,1,3,1,Gd,6,Typ,0,None,Attchd,2005.0,RFn,2,615.0,TA,TA,Y,0,45,0,0,0,0,0,3,2006,New,Partial,186500.0
1248,80,RL,73.0,12328.0,Pave,IR1,Lvl,AllPub,Inside,Gtl,Mitchel,Norm,Norm,1Fam,SLvl,6,5,1976,1976,Gable,CompShg,HdBoard,HdBoard,335.0,TA,TA,CBlock,TA,TA,Av,GLQ,539.0,Unf,0,473.0,1012,GasA,TA,Y,SBrkr,1034.0,0,0,1034.0,1,0,1,0,3,1,TA,6,Typ,0,None,Attchd,1976.0,Unf,3,888.0,TA,TA,Y,0,0,0,0,0,0,0,5,2010,WD,Normal,169900.0
1249,75,RM,60.0,9600.0,Pave,Reg,Lvl,AllPub,Inside,Gtl,OldTown,Norm,Norm,1Fam,2.5Unf,6,5,1917,1950,Gable,CompShg,AsbShng,AsbShng,0.0,TA,TA,BrkTil,Gd,TA,No,Rec,319.0,Unf,0,416.0,735,OthW,Fa,N,SBrkr,1134.0,924,0,2058.0,0,0,1,1,3,1,TA,8,Typ,1,Gd,Detchd,1950.0,Unf,2,396.0,Fa,Fa,P,0,0,0,0,0,0,0,4,2008,WD,Normal,129500.0
1250,20,RL,60.0,7200.0,Pave,Reg,Lvl,AllPub,Inside,Gtl,NAmes,Norm,Norm,1Fam,1Story,5,7,1950,1950,Gable,CompShg,MetalSd,MetalSd,0.0,TA,TA,CBlock,TA,TA,No,BLQ,534.0,Rec,0,246.0,876,GasA,TA,Y,SBrkr,988.0,0,0,988.0,0,0,1,0,3,1,TA,6,Typ,0,None,Attchd,1950.0,Unf,1,276.0,TA,TA,Y,0,80,0,0,0,0,0,5,2007,WD,Normal,119000.0
1251,20,RL,93.0,11160.0,Pave,Reg,Lvl,AllPub,Corner,Gtl,NAmes,Norm,Norm,1Fam,1Story,7,5,1968,1968,Hip,CompShg,BrkFace,BrkFace,0.0,Gd,TA,CBlock,TA,TA,No,ALQ,1065.0,Unf,0,1045.0,2052,GasA,Ex,Y,SBrkr,2110.0,0,0,2110.0,1,0,2,1,3,1,Ex,8,Typ,2,TA,Attchd,1968.0,Fin,2,522.0,TA,TA,Y,0,0,0,0,0,0,0,4,2010,WD,Normal,244000.0
1252,120,RL,88.5,3136.0,Pave,IR1,Lvl,AllPub,Corner,Gtl,NridgHt,Norm,Norm,TwnhsE,1Story,7,5,2003,2003,Gable,CompShg,VinylSd,Wd Shng,163.0,Gd,TA,PConc,Gd,TA,No,Unf,0.0,Unf,0,1405.0,1405,GasA,Ex,Y,SBrkr,1405.0,0,0,1405.0,0,0,2,0,2,1,Gd,6,Typ,1,Gd,Attchd,2003.0,RFn,2,478.0,TA,TA,Y,148,36,0,0,0,0,0,3,2006,WD,Normal,171750.0
1253,20,RL,62.0,9858.0,Pave,Reg,Lvl,AllPub,Inside,Gtl,Mitchel,Norm,Norm,1Fam,1Story,5,6,1968,1968,Gable,CompShg,HdBoard,HdBoard,0.0,TA,TA,CBlock,TA,TA,No,BLQ,510.0,Unf,0,354.0,864,GasA,TA,Y,SBrkr,874.0,0,0,874.0,1,0,1,0,3,1,TA,5,Typ,0,None,Attchd,1968.0,RFn,1,288.0,TA,TA,Y,33,0,0,0,0,0,600,11,2009,WD,Normal,130000.0
1254,60,RL,68.0,17542.0,Pave,IR1,Lvl,AllPub,Inside,Gtl,Veenker,Norm,Norm,1Fam,2Story,7,7,1974,2003,Gable,CompShg,Wd Sdng,Wd Sdng,0.0,Gd,TA,CBlock,TA,TA,Gd,LwQ,125.0,ALQ,0,36.0,1192,GasA,TA,Y,SBrkr,1516.0,651,0,2167.0,1,0,2,1,3,1,Gd,9,Typ,2,Gd,Attchd,1974.0,RFn,2,518.0,TA,TA,Y,220,47,0,0,0,0,0,7,2007,WD,Normal,294000.0
1255,60,RL,60.0,6931.0,Pave,Reg,Lvl,AllPub,Inside,Gtl,Edwards,Norm,Norm,1Fam,2Story,7,5,2003,2004,Gable,CompShg,VinylSd,VinylSd,92.0,Gd,TA,PConc,Gd,TA,No,Unf,0.0,Unf,0,746.0,746,GasA,Ex,Y,SBrkr,760.0,896,0,1656.0,0,0,2,1,3,1,Gd,7,Typ,1,Gd,BuiltIn,2003.0,Fin,2,397.0,TA,TA,Y,178,128,0,0,0,0,0,7,2008,WD,Normal,165400.0
1256,50,RM,52.0,6240.0,Pave,Reg,Lvl,AllPub,Inside,Gtl,BrkSide,Norm,Norm,1Fam,1.5Fin,6,6,1931,1950,Gable,CompShg,Wd Sdng,Wd Sdng,0.0,TA,TA,BrkTil,TA,Fa,No,LwQ,425.0,Unf,0,459.0,884,GasA,TA,Y,FuseA,959.0,408,0,1367.0,0,0,1,0,3,1,TA,6,Typ,1,Gd,Detchd,1978.0,Unf,1,560.0,TA,TA,Y,0,0,0,0,0,0,0,11,2007,WD,Normal,127500.0
1257,20,RL,91.0,14303.0,Pave,IR1,Lvl,AllPub,Corner,Gtl,NoRidge,Norm,Norm,1Fam,1Story,8,5,1994,1994,Hip,CompShg,HdBoard,HdBoard,410.625,Gd,TA,PConc,Gd,TA,Gd,GLQ,1314.0,Unf,0,672.0,1986,GasA,Ex,Y,SBrkr,1987.0,0,0,1987.0,1,0,2,0,2,1,Gd,7,Typ,1,TA,Attchd,1994.0,Fin,2,691.0,TA,TA,Y,262,36,0,0,0,0,0,8,2008,WD,Normal,301500.0
1258,30,RL,56.0,4060.0,Pave,Reg,Lvl,AllPub,Corner,Gtl,Edwards,Feedr,Norm,1Fam,1Story,5,8,1922,1950,Gable,CompShg,Wd Sdng,Wd Sdng,0.0,TA,TA,PConc,Fa,TA,No,Unf,0.0,Unf,0,864.0,864,GasA,Ex,Y,SBrkr,864.0,0,0,864.0,0,0,1,0,2,1,TA,4,Typ,0,None,None,1893.5,None,0,0.0,None,None,Y,0,96,0,0,0,0,0,7,2009,WD,Normal,99900.0
1259,80,RL,59.0,9587.0,Pave,IR1,Lvl,AllPub,Inside,Gtl,Gilbert,Norm,Norm,1Fam,SLvl,7,5,2005,2005,Gable,CompShg,VinylSd,VinylSd,182.0,Gd,TA,PConc,Gd,TA,Gd,GLQ,655.0,Unf,0,201.0,856,GasA,Ex,Y,SBrkr,1166.0,0,0,1166.0,1,0,2,0,2,1,Gd,5,Typ,0,None,Attchd,2005.0,Fin,2,400.0,TA,TA,Y,212,0,0,0,0,0,0,7,2008,WD,Normal,190000.0
1260,20,RL,65.0,9750.0,Pave,Reg,Lvl,AllPub,FR2,Gtl,NAmes,Norm,Norm,1Fam,1Story,6,8,1969,1969,Gable,CompShg,HdBoard,HdBoard,0.0,TA,TA,CBlock,Gd,TA,No,ALQ,602.0,LwQ,0,14.0,1054,GasA,Gd,Y,SBrkr,1054.0,0,0,1054.0,1,0,1,1,3,1,TA,6,Typ,0,None,Attchd,1969.0,Unf,2,460.0,TA,TA,Y,180,0,0,0,0,0,0,7,2008,WD,Normal,151000.0
1261,60,RL,65.0,17673.5,Pave,IR3,Lvl,AllPub,CulDSac,Gtl,Gilbert,RRAn,Norm,1Fam,2Story,6,5,1999,1999,Gable,CompShg,VinylSd,VinylSd,0.0,TA,TA,PConc,Gd,TA,No,Unf,0.0,Unf,0,841.0,841,GasA,Ex,Y,SBrkr,892.0,783,0,1675.0,0,0,2,1,3,1,TA,7,Typ,1,TA,BuiltIn,1999.0,Fin,2,502.0,TA,TA,Y,0,103,0,0,0,0,0,6,2009,WD,Normal,181000.0
1262,20,RL,80.0,9600.0,Pave,Reg,Lvl,AllPub,Inside,Gtl,NAmes,Norm,Norm,1Fam,1Story,5,6,1956,1956,Hip,CompShg,MetalSd,MetalSd,0.0,TA,TA,CBlock,TA,TA,No,Rec,504.0,Unf,0,546.0,1050,GasA,Gd,Y,SBrkr,1050.0,0,0,1050.0,0,0,1,0,2,1,TA,5,Typ,0,None,Attchd,1956.0,Unf,1,338.0,TA,TA,Y,0,0,0,0,0,0,0,6,2009,WD,Normal,128900.0
1263,50,RL,80.0,11250.0,Pave,Reg,Lvl,AllPub,Inside,Gtl,ClearCr,Norm,Norm,1Fam,1.5Fin,4,5,1957,1989,Gable,CompShg,Wd Sdng,Wd Sdng,0.0,TA,TA,CBlock,TA,TA,Av,Unf,0.0,Unf,0,1104.0,1104,GasA,Ex,Y,FuseA,1104.0,684,0,1788.0,1,0,1,0,5,1,TA,8,Min2,2,TA,Attchd,1957.0,Unf,1,304.0,TA,TA,Y,120,0,0,0,0,0,0,11,2009,WD,Normal,161500.0
1264,70,RL,60.0,13515.0,Pave,Reg,Lvl,AllPub,Inside,Gtl,BrkSide,Norm,Norm,1Fam,2Story,6,6,1919,1950,Gambrel,CompShg,Wd Sdng,Wd Sdng,0.0,TA,TA,PConc,TA,TA,No,Unf,0.0,Unf,0,764.0,764,GasA,Ex,Y,FuseA,1060.0,764,0,1824.0,0,0,1,0,3,1,TA,8,Typ,1,Gd,Detchd,1940.0,Unf,2,520.0,TA,TA,N,0,0,0,0,0,0,0,7,2007,WD,Normal,180500.0
1265,120,RH,34.0,4060.0,Pave,Reg,Lvl,AllPub,Inside,Gtl,NAmes,Norm,Norm,TwnhsE,1Story,6,5,1998,1999,Gable,CompShg,MetalSd,MetalSd,0.0,Gd,TA,PConc,Gd,TA,No,GLQ,266.0,Unf,0,1139.0,1405,GasA,Ex,Y,SBrkr,1337.0,0,0,1337.0,1,0,2,0,2,1,Gd,5,Typ,0,None,Attchd,1998.0,Fin,2,511.0,TA,TA,Y,144,68,0,0,0,0,0,8,2008,COD,Abnorml,181000.0
1266,160,FV,35.0,3735.0,Pave,Reg,Lvl,AllPub,FR3,Gtl,Somerst,Norm,Norm,TwnhsE,2Story,7,5,1999,1999,Hip,CompShg,MetalSd,MetalSd,218.0,Gd,TA,PConc,Gd,TA,No,GLQ,450.0,Unf,0,241.0,691,GasA,Ex,Y,SBrkr,713.0,739,0,1452.0,1,0,2,1,3,1,Gd,6,Typ,0,None,Detchd,1999.0,Unf,2,506.0,TA,TA,Y,0,34,0,0,0,0,0,3,2006,WD,Normal,183900.0
1267,190,RM,60.0,10120.0,Pave,IR1,Bnk,AllPub,Inside,Gtl,OldTown,Feedr,Norm,2fmCon,2.5Unf,7,4,1910,1950,Hip,CompShg,Wd Sdng,Wd Sdng,0.0,Fa,TA,CBlock,TA,TA,No,Unf,0.0,Unf,0,925.0,925,GasA,TA,N,FuseF,964.0,925,0,1889.0,0,0,1,1,4,2,TA,9,Typ,1,Gd,Detchd,1960.0,Unf,1,308.0,TA,TA,N,0,0,0,0,0,0,0,1,2007,WD,Normal,122000.0
1268,20,RL,89.0,13214.0,Pave,IR1,HLS,AllPub,Inside,Gtl,Timber,Norm,Norm,1Fam,1Story,9,5,2008,2009,Hip,CompShg,Stucco,CmentBd,0.0,Ex,TA,PConc,Ex,TA,Gd,Unf,0.0,Unf,0,1685.5,2002,GasA,Ex,Y,SBrkr,2018.0,0,0,2018.0,0,0,2,0,3,1,Ex,10,Typ,1,Gd,Attchd,2009.0,Fin,3,746.0,TA,TA,Y,144,76,0,0,0,0,0,5,2010,WD,Normal,340037.5
1269,50,RL,74.0,14100.0,Pave,IR1,Lvl,AllPub,Inside,Mod,Crawfor,Norm,Norm,1Fam,1.5Fin,8,9,1935,1997,Gable,CompShg,Stucco,Stucco,410.625,TA,Gd,CBlock,TA,TA,Mn,Rec,192.0,Unf,0,536.0,728,GasA,Ex,Y,SBrkr,1968.0,1479,0,2747.625,0,0,3,1,4,1,Gd,11,Typ,2,Gd,BuiltIn,1982.0,Unf,3,938.25,TA,TA,Y,314,12,0,0,0,0,0,5,2008,WD,Normal,340037.5
1270,50,RL,78.0,11344.0,Pave,Reg,Lvl,AllPub,Inside,Gtl,NAmes,Feedr,Norm,1Fam,1.5Fin,5,5,1958,1958,Gable,CompShg,MetalSd,MetalSd,180.0,TA,TA,CBlock,TA,TA,No,BLQ,460.0,Unf,0,414.0,874,GasW,TA,Y,FuseA,874.0,650,0,1524.0,0,0,1,1,3,1,TA,7,Typ,0,None,Attchd,1958.0,Unf,1,315.0,TA,TA,Y,0,0,0,0,0,0,0,7,2007,WD,Normal,144000.0
1271,40,RL,80.0,17673.5,Pave,Reg,Low,AllPub,Inside,Sev,ClearCr,Norm,Norm,1Fam,1Story,7,6,1979,1979,Shed,WdShake,Plywood,Plywood,0.0,Gd,TA,PConc,Gd,TA,Gd,GLQ,1258.0,Unf,0,74.0,1332,GasA,TA,Y,SBrkr,1332.0,192,0,1524.0,2,0,0,1,0,1,Gd,4,Typ,1,TA,Attchd,1979.0,Fin,2,586.0,TA,TA,Y,268,0,0,0,0,0,0,4,2010,WD,Normal,260000.0
1272,20,RL,80.0,9156.0,Pave,IR1,Lvl,AllPub,Inside,Gtl,NWAmes,PosN,Norm,1Fam,1Story,6,7,1968,1968,Hip,CompShg,BrkFace,BrkFace,0.0,TA,TA,CBlock,TA,TA,No,Unf,0.0,Unf,0,1489.0,1489,GasA,Gd,Y,SBrkr,1489.0,0,0,1489.0,0,0,2,0,3,1,Gd,7,Typ,1,Gd,Attchd,1968.0,RFn,2,462.0,TA,TA,Y,0,0,0,0,0,0,0,8,2009,WD,Normal,185750.0
1273,20,RL,71.0,13526.0,Pave,IR1,Lvl,AllPub,CulDSac,Gtl,Sawyer,Norm,Norm,1Fam,1Story,5,6,1965,1965,Hip,CompShg,HdBoard,Plywood,114.0,TA,TA,CBlock,TA,TA,No,BLQ,560.0,LwQ,0,0.0,935,GasA,TA,Y,SBrkr,935.0,0,0,935.0,1,0,1,0,3,1,TA,5,Typ,0,None,Attchd,1965.0,Unf,1,288.0,TA,TA,Y,180,0,0,0,0,0,0,11,2006,WD,Normal,137000.0
1274,80,RL,110.0,11512.0,Pave,IR1,Lvl,AllPub,Corner,Gtl,Edwards,Norm,Norm,1Fam,SLvl,6,7,1959,2006,Gable,CompShg,Plywood,Plywood,84.0,TA,TA,CBlock,TA,TA,Av,ALQ,719.0,Unf,0,300.0,1019,GasA,Gd,Y,SBrkr,1357.0,0,0,1357.0,1,0,1,0,2,1,Ex,5,Typ,1,Gd,Basment,1959.0,RFn,1,312.0,TA,TA,Y,0,0,0,0,0,0,0,5,2008,WD,Normal,177000.0
1275,50,RL,53.0,5362.0,Pave,Reg,Lvl,AllPub,Corner,Gtl,Crawfor,Norm,Norm,1Fam,1.5Fin,5,6,1910,2003,Gable,CompShg,Wd Sdng,Wd Shng,0.0,TA,TA,PConc,TA,TA,No,Unf,0.0,Unf,0,661.0,661,GasA,Ex,Y,SBrkr,661.0,589,0,1250.0,0,0,2,0,3,1,TA,8,Typ,1,Gd,Detchd,1985.0,Unf,2,552.0,TA,TA,Y,242,0,0,0,0,0,0,11,2007,WD,Normal,139000.0
1276,90,RL,95.0,11345.0,Pave,Reg,Lvl,AllPub,Corner,Gtl,NAmes,Feedr,Norm,Duplex,2Story,5,5,1948,1950,Gable,Roll,AsbShng,AsbShng,410.625,TA,TA,CBlock,TA,TA,No,Rec,220.0,Unf,0,708.0,928,GasA,Gd,Y,FuseA,928.0,992,0,1920.0,0,0,2,0,4,2,TA,10,Typ,0,None,Detchd,1948.0,Unf,2,400.0,TA,Fa,Y,0,0,0,0,0,0,0,7,2007,WD,Normal,137000.0
1277,60,RL,80.0,12936.0,Pave,IR1,Lvl,AllPub,CulDSac,Gtl,NWAmes,Norm,Norm,1Fam,2Story,6,6,1972,1972,Gable,CompShg,HdBoard,Plywood,0.0,TA,TA,CBlock,TA,Gd,No,BLQ,593.0,Unf,0,130.0,723,GasA,TA,Y,SBrkr,735.0,660,0,1395.0,0,1,1,1,3,1,TA,6,Typ,1,TA,Attchd,1972.0,Unf,2,497.0,TA,TA,Y,294,116,0,0,0,0,0,12,2009,WD,Normal,162000.0
1278,80,RL,80.0,17673.5,Pave,IR1,Lvl,AllPub,CulDSac,Gtl,NWAmes,Norm,Norm,1Fam,SLvl,6,5,1967,1976,Gable,CompShg,HdBoard,HdBoard,359.0,TA,TA,CBlock,Gd,TA,Av,ALQ,528.0,Unf,0,1152.0,1680,GasA,Fa,Y,SBrkr,1724.0,0,0,1724.0,1,0,1,1,3,1,TA,7,Typ,1,Gd,Attchd,1967.0,RFn,2,480.0,TA,TA,Y,0,0,0,0,0,0,0,6,2009,WD,Normal,197900.0
1279,60,RL,75.0,9473.0,Pave,Reg,Lvl,AllPub,Inside,Gtl,CollgCr,Norm,Norm,1Fam,2Story,8,5,2002,2002,Gable,CompShg,VinylSd,VinylSd,0.0,Gd,TA,PConc,Gd,TA,No,GLQ,804.0,Unf,0,324.0,1128,GasA,Ex,Y,SBrkr,1128.0,903,0,2031.0,1,0,2,1,3,1,Gd,7,Typ,1,Gd,Attchd,2002.0,RFn,2,577.0,TA,TA,Y,0,170,0,0,0,0,0,3,2008,WD,Normal,237000.0
1280,50,C (all),60.0,7500.0,Pave,Reg,Lvl,AllPub,Inside,Gtl,IDOTRR,Norm,Norm,1Fam,1.5Fin,4,4,1920,1950,Gable,CompShg,MetalSd,MetalSd,0.0,TA,Gd,CBlock,TA,TA,No,Unf,0.0,Unf,0,698.0,698,GasA,TA,Y,FuseA,698.0,430,0,1128.0,0,0,1,0,2,1,TA,6,Typ,0,None,Detchd,1980.0,RFn,2,528.0,TA,TA,Y,30,0,0,0,0,0,0,4,2010,COD,Abnorml,68400.0
1281,20,RL,67.0,9808.0,Pave,IR1,Lvl,AllPub,Inside,Gtl,CollgCr,Norm,Norm,1Fam,1Story,7,5,2002,2002,Gable,CompShg,VinylSd,VinylSd,110.0,Gd,TA,PConc,Gd,TA,No,GLQ,788.0,Unf,0,785.0,1573,GasA,Ex,Y,SBrkr,1573.0,0,0,1573.0,1,0,2,0,3,1,Gd,6,Typ,0,None,Attchd,2002.0,RFn,2,544.0,TA,TA,Y,0,72,0,0,0,0,0,3,2009,WD,Normal,227000.0
1282,20,RL,50.0,8049.0,Pave,IR1,Lvl,AllPub,CulDSac,Gtl,Timber,Norm,Norm,1Fam,1Story,7,5,1990,1990,Hip,CompShg,HdBoard,HdBoard,54.0,TA,TA,CBlock,Gd,TA,No,ALQ,1053.0,Unf,0,256.0,1309,GasA,TA,Y,SBrkr,1339.0,0,0,1339.0,1,0,2,0,2,1,TA,6,Typ,1,TA,Attchd,1990.0,Fin,2,484.0,Gd,Gd,Y,0,58,0,0,0,0,0,7,2006,WD,Normal,180000.0
1283,20,RL,61.0,8800.0,Pave,IR1,Lvl,AllPub,Inside,Gtl,CollgCr,Norm,Norm,1Fam,1Story,5,7,1977,2008,Gable,CompShg,HdBoard,HdBoard,0.0,TA,TA,CBlock,Gd,TA,Mn,LwQ,532.0,Rec,0,364.0,1040,GasA,TA,Y,SBrkr,1040.0,0,0,1040.0,0,0,2,0,3,1,Gd,5,Typ,0,None,Detchd,1977.0,Unf,2,484.0,TA,TA,Y,0,0,0,0,0,0,0,9,2009,WD,Normal,150500.0
1284,90,RL,94.0,9400.0,Pave,Reg,Low,AllPub,Corner,Gtl,Mitchel,Norm,Norm,Duplex,2Story,6,5,1971,1971,Mansard,CompShg,MetalSd,Wd Shng,0.0,TA,TA,CBlock,TA,TA,Av,Unf,0.0,Unf,0,912.0,912,GasA,TA,Y,SBrkr,912.0,912,0,1824.0,0,0,2,2,4,2,TA,8,Typ,0,None,None,1893.5,None,0,0.0,None,None,Y,128,0,0,0,0,0,0,4,2010,WD,Normal,139000.0
1285,50,RL,50.0,9638.0,Pave,Reg,Lvl,AllPub,Inside,Gtl,SWISU,Feedr,Norm,1Fam,1.5Fin,6,7,1919,1990,Gable,CompShg,Wd Sdng,Wd Shng,0.0,TA,TA,PConc,TA,TA,No,Unf,0.0,Unf,0,804.0,804,GasA,Ex,Y,SBrkr,1699.0,748,0,2447.0,0,0,2,0,4,1,Gd,10,Min2,1,Gd,Detchd,1969.0,Unf,1,336.0,TA,TA,Y,272,0,0,0,0,0,0,3,2010,WD,Normal,169000.0
1286,50,RM,50.0,6000.0,Pave,Reg,Lvl,AllPub,Inside,Gtl,BrkSide,Norm,Norm,1Fam,1.5Fin,6,6,1939,1950,Gable,CompShg,MetalSd,MetalSd,0.0,TA,Fa,CBlock,TA,TA,No,Unf,0.0,Unf,0,780.0,780,GasA,Ex,Y,FuseF,825.0,587,0,1412.0,0,0,1,0,4,1,TA,6,Typ,1,Gd,Detchd,1939.0,Unf,1,280.0,TA,TA,Y,45,0,0,0,0,0,0,5,2009,WD,Normal,132500.0
1287,20,RL,80.0,9790.0,Pave,Reg,Lvl,AllPub,Inside,Gtl,NWAmes,Feedr,Norm,1Fam,1Story,6,5,1963,1963,Hip,CompShg,HdBoard,HdBoard,410.625,TA,TA,CBlock,TA,TA,No,ALQ,569.0,Rec,0,678.0,1328,GasA,TA,Y,SBrkr,1328.0,0,0,1328.0,1,0,1,1,3,1,TA,6,Typ,2,Gd,Attchd,1963.0,Unf,2,528.0,TA,TA,Y,0,26,0,0,0,0,0,6,2010,WD,Normal,143000.0
1288,20,RL,80.0,17673.5,Pave,IR1,Low,AllPub,Inside,Mod,ClearCr,Norm,Norm,1Fam,1Story,5,5,1964,1964,Gable,CompShg,Wd Sdng,Wd Sdng,410.625,TA,Gd,CBlock,TA,TA,Av,Rec,812.0,Unf,0,812.0,1624,GasA,Fa,Y,SBrkr,1582.0,0,0,1582.0,0,1,2,0,4,1,TA,7,Typ,0,None,Attchd,1964.0,Unf,2,390.0,TA,TA,N,168,170,0,0,0,0,0,6,2006,WD,Normal,190000.0
1289,120,RL,40.0,5664.0,Pave,IR1,Lvl,AllPub,Inside,Gtl,StoneBr,Norm,Norm,TwnhsE,1Story,8,5,2000,2000,Gable,CompShg,CemntBd,CmentBd,0.0,Gd,TA,PConc,Gd,TA,No,GLQ,1158.0,Unf,0,343.0,1501,GasA,Ex,Y,SBrkr,1659.0,0,0,1659.0,1,0,2,0,2,1,Ex,5,Typ,1,Ex,Attchd,2000.0,Fin,2,499.0,TA,TA,Y,212,59,0,0,0,0,0,10,2009,WD,Normal,278000.0
1290,60,RL,86.0,11065.0,Pave,IR1,Lvl,AllPub,Inside,Gtl,NridgHt,Norm,Norm,1Fam,2Story,8,5,2006,2006,Gable,CompShg,VinylSd,VinylSd,410.625,Gd,TA,PConc,Gd,TA,Mn,Unf,0.0,Unf,0,1085.0,1085,GasA,Ex,Y,SBrkr,1120.0,850,0,1970.0,0,0,2,1,3,1,Ex,8,Typ,1,Gd,BuiltIn,2006.0,Fin,3,753.0,TA,TA,Y,177,74,0,0,0,0,0,10,2006,New,Partial,281000.0
1291,80,RL,73.0,14112.0,Pave,IR1,Lvl,AllPub,Corner,Gtl,NAmes,Norm,Norm,1Fam,SLvl,5,7,1964,1964,Hip,CompShg,Wd Sdng,HdBoard,86.0,TA,TA,PConc,TA,TA,Av,GLQ,1014.0,Unf,0,138.0,1152,GasA,TA,Y,SBrkr,1152.0,0,0,1152.0,1,0,1,0,3,1,TA,6,Typ,1,Gd,Attchd,1964.0,RFn,2,484.0,TA,TA,Y,227,0,0,0,0,0,0,4,2010,WD,Normal,180500.0
1292,160,RM,30.0,1680.0,Pave,Reg,Lvl,AllPub,Inside,Gtl,BrDale,Norm,Norm,Twnhs,2Story,5,7,1972,1972,Gable,CompShg,CemntBd,CmentBd,268.0,TA,TA,CBlock,TA,TA,No,ALQ,231.0,Unf,0,399.0,630,GasA,TA,Y,SBrkr,630.0,672,0,1302.0,0,0,2,1,3,1,TA,6,Typ,0,None,Detchd,1972.0,Unf,1,264.0,TA,TA,Y,185,0,0,0,0,0,0,2,2009,WD,Normal,119500.0
1293,70,RM,60.0,6600.0,Pave,Reg,Lvl,AllPub,Corner,Gtl,OldTown,Norm,Norm,1Fam,2Story,5,4,1892,1965,Gable,CompShg,Wd Sdng,Wd Sdng,0.0,TA,TA,Stone,TA,TA,No,Unf,0.0,Unf,0,994.0,994,GasA,TA,N,SBrkr,1378.0,994,0,2372.0,0,0,2,0,4,2,TA,11,Min2,0,None,Attchd,1985.0,RFn,1,432.0,TA,TA,Y,0,170,0,0,0,0,0,12,2009,WD,Normal,107500.0
1294,60,RL,78.0,10140.0,Pave,Reg,Lvl,AllPub,Inside,Gtl,NWAmes,Norm,Norm,1Fam,2Story,7,5,1976,1976,Gable,CompShg,HdBoard,HdBoard,0.0,TA,TA,PConc,Gd,TA,No,GLQ,194.0,Unf,0,638.0,832,GasA,TA,Y,SBrkr,832.0,832,0,1664.0,0,0,2,1,4,1,TA,8,Typ,1,TA,Attchd,1976.0,RFn,2,528.0,TA,TA,Y,0,28,0,0,0,0,0,3,2006,WD,Normal,162900.0
1295,20,RL,60.0,8172.0,Pave,Reg,Lvl,AllPub,Inside,Gtl,Edwards,Norm,Norm,1Fam,1Story,5,7,1955,1990,Hip,CompShg,WdShing,Plywood,0.0,TA,TA,CBlock,TA,TA,No,Rec,167.0,Unf,0,697.0,864,GasA,TA,Y,SBrkr,864.0,0,0,864.0,1,0,1,0,2,1,TA,5,Typ,0,None,Detchd,1957.0,Unf,2,572.0,TA,TA,N,0,0,0,0,0,0,0,4,2006,WD,Normal,115000.0
1296,20,RL,70.0,8400.0,Pave,Reg,Lvl,AllPub,Inside,Gtl,NAmes,Feedr,Norm,1Fam,1Story,5,5,1968,1968,Hip,CompShg,HdBoard,HdBoard,168.0,TA,TA,CBlock,TA,TA,Av,BLQ,1016.0,Unf,0,36.0,1052,GasA,Gd,Y,SBrkr,1052.0,0,0,1052.0,1,0,1,1,3,1,TA,5,Typ,0,None,Attchd,1968.0,RFn,1,288.0,TA,TA,Y,356,0,0,0,0,0,0,11,2006,WD,Normal,138500.0
1297,20,RL,80.0,8700.0,Pave,Reg,Lvl,AllPub,Inside,Gtl,NAmes,Norm,Norm,1Fam,1Story,5,6,1963,1963,Hip,CompShg,MetalSd,MetalSd,148.0,TA,Gd,CBlock,TA,TA,Mn,ALQ,776.0,Unf,0,344.0,1120,GasA,Gd,Y,SBrkr,1128.0,0,0,1128.0,1,0,2,0,3,1,TA,6,Typ,0,None,Attchd,1963.0,RFn,2,525.0,TA,TA,Y,192,20,0,0,0,0,0,12,2008,WD,Normal,155000.0
1298,180,RM,35.0,3675.0,Pave,Reg,Lvl,AllPub,Inside,Gtl,Edwards,Norm,Norm,TwnhsE,SFoyer,6,5,2005,2006,Gable,CompShg,VinylSd,VinylSd,82.0,TA,TA,PConc,Gd,TA,Gd,GLQ,547.0,Unf,0,0.0,547,GasA,Gd,Y,SBrkr,1072.0,0,0,1072.0,1,0,2,0,2,1,TA,5,Typ,0,None,Basment,2005.0,Fin,2,525.0,TA,TA,Y,0,44,0,0,0,0,0,6,2006,New,Partial,140000.0
1299,60,RL,110.0,17673.5,Pave,IR3,Bnk,AllPub,Corner,Gtl,Edwards,Feedr,Norm,1Fam,2Story,10,5,2008,2008,Hip,ClyTile,Stucco,Stucco,410.625,Ex,TA,PConc,Ex,TA,Gd,GLQ,1780.625,Unf,0,466.0,2052,GasA,Ex,Y,SBrkr,2155.125,950,0,2747.625,2,0,2,1,3,1,Ex,12,Typ,3,Gd,Attchd,2008.0,Fin,2,938.25,TA,TA,Y,214,170,0,0,0,480,0,1,2008,New,Partial,160000.0
1300,20,RL,75.0,7500.0,Pave,Reg,Lvl,AllPub,Inside,Gtl,NAmes,Norm,Norm,1Fam,1Story,5,7,1959,1994,Hip,CompShg,BrkFace,BrkFace,0.0,TA,TA,CBlock,TA,TA,No,LwQ,340.0,Rec,0,0.0,1246,GasA,Ex,Y,SBrkr,1246.0,0,0,1246.0,1,0,1,1,3,1,Gd,6,Typ,0,None,Attchd,1959.0,RFn,1,305.0,TA,TA,Y,218,0,0,0,0,0,0,5,2010,WD,Normal,154000.0
1301,60,RL,65.0,10762.0,Pave,IR1,Lvl,AllPub,CulDSac,Gtl,Gilbert,Norm,Norm,1Fam,2Story,7,5,1999,1999,Gable,CompShg,VinylSd,VinylSd,344.0,Gd,TA,PConc,Gd,TA,No,GLQ,694.0,Unf,0,284.0,978,GasA,Ex,Y,SBrkr,1005.0,978,0,1983.0,0,0,2,1,3,1,Gd,9,Typ,1,TA,Attchd,1999.0,Fin,2,490.0,TA,TA,Y,0,0,0,0,0,0,0,5,2009,WD,Normal,225000.0
1302,70,RL,74.0,7500.0,Pave,IR1,Bnk,AllPub,Inside,Gtl,Crawfor,Norm,Norm,1Fam,2Story,6,7,1942,1950,Gable,CompShg,Wd Sdng,Wd Sdng,0.0,TA,TA,CBlock,TA,TA,No,BLQ,547.0,Unf,0,224.0,771,GasA,Fa,Y,SBrkr,753.0,741,0,1494.0,0,0,1,0,3,1,Gd,7,Typ,2,Gd,Attchd,1942.0,Unf,1,213.0,TA,TA,P,0,0,0,0,0,0,0,11,2009,WD,Normal,177500.0
1303,60,RL,92.0,10120.0,Pave,Reg,Lvl,AllPub,Inside,Gtl,NoRidge,Norm,Norm,1Fam,2Story,8,5,1994,1994,Hip,CompShg,VinylSd,VinylSd,391.0,Gd,TA,PConc,Gd,TA,No,GLQ,740.0,Unf,0,425.0,1165,GasA,Ex,Y,SBrkr,1203.0,1323,0,2526.0,1,0,2,1,4,1,Gd,8,Typ,1,TA,Attchd,1994.0,RFn,3,844.0,TA,TA,Y,309,78,0,0,0,0,0,12,2006,WD,Normal,290000.0
1304,20,RL,73.0,8688.0,Pave,Reg,Lvl,AllPub,Inside,Gtl,Somerst,Norm,Norm,1Fam,1Story,7,5,2005,2005,Gable,CompShg,VinylSd,VinylSd,228.0,Gd,TA,PConc,Gd,TA,Av,Unf,0.0,Unf,0,1616.0,1616,GasA,Ex,Y,SBrkr,1616.0,0,0,1616.0,0,0,2,0,3,1,Gd,7,Typ,0,None,Attchd,2005.0,RFn,3,834.0,TA,TA,Y,208,59,0,0,0,0,0,4,2006,WD,Normal,232000.0
1305,160,RM,32.0,3363.0,Pave,Reg,Lvl,AllPub,Inside,Gtl,Edwards,Norm,Norm,TwnhsE,2Story,7,5,2004,2004,Gable,CompShg,VinylSd,VinylSd,117.0,Gd,TA,PConc,Gd,TA,No,Unf,0.0,Unf,0,976.0,976,GasA,Ex,Y,SBrkr,976.0,732,0,1708.0,0,0,2,0,3,1,Gd,7,Maj1,0,None,Detchd,2004.0,Unf,2,380.0,TA,TA,Y,0,40,0,0,0,0,0,4,2006,WD,Normal,130000.0
1306,20,RL,108.0,13173.0,Pave,IR1,Lvl,AllPub,Corner,Gtl,NridgHt,Norm,Norm,1Fam,1Story,9,5,2006,2007,Hip,CompShg,VinylSd,VinylSd,300.0,Gd,TA,PConc,Ex,TA,No,GLQ,1572.0,Unf,0,80.0,1652,GasA,Ex,Y,SBrkr,1652.0,0,0,1652.0,1,0,2,0,2,1,Ex,6,Typ,2,Ex,Attchd,2006.0,Fin,2,840.0,TA,TA,Y,404,102,0,0,0,0,0,11,2009,WD,Normal,325000.0
1307,120,RL,48.0,6955.0,Pave,IR1,Lvl,AllPub,Inside,Gtl,NridgHt,Norm,Norm,TwnhsE,1Story,7,5,2005,2006,Gable,CompShg,VinylSd,VinylSd,94.0,Gd,TA,PConc,Gd,TA,No,Unf,0.0,Unf,0,1368.0,1368,GasA,Ex,Y,SBrkr,1368.0,0,0,1368.0,0,0,2,0,2,1,Gd,6,Typ,1,Gd,Attchd,2005.0,RFn,2,474.0,TA,TA,Y,132,35,0,0,0,0,0,9,2006,New,Partial,202500.0
1308,20,RL,60.0,8072.0,Pave,Reg,Lvl,AllPub,Inside,Gtl,CollgCr,Norm,Norm,1Fam,1Story,5,5,1994,1995,Gable,CompShg,VinylSd,VinylSd,0.0,TA,Gd,PConc,Gd,Gd,No,ALQ,746.0,Unf,0,244.0,990,GasA,Ex,Y,SBrkr,990.0,0,0,990.0,1,0,1,0,3,1,TA,5,Typ,0,None,Detchd,2000.0,Unf,2,480.0,TA,TA,Y,0,64,0,0,0,0,0,5,2009,WD,Normal,138000.0
1309,20,RM,100.0,12000.0,Pave,Reg,Lvl,AllPub,Inside,Gtl,OldTown,Norm,Norm,1Fam,1Story,5,7,1948,2005,Gable,CompShg,MetalSd,MetalSd,0.0,TA,TA,CBlock,TA,TA,No,GLQ,144.0,ALQ,0,172.0,924,GasA,Ex,Y,SBrkr,1122.0,0,0,1122.0,1,0,1,0,2,1,Gd,6,Typ,0,None,Attchd,1948.0,Unf,2,528.0,TA,TA,Y,0,36,0,0,0,0,0,5,2008,WD,Normal,147000.0
1310,20,RL,66.5,7153.0,Pave,Reg,Lvl,AllPub,Inside,Gtl,SawyerW,Norm,Norm,1Fam,1Story,6,5,1991,1991,Gable,CompShg,HdBoard,HdBoard,88.0,TA,TA,CBlock,Gd,TA,No,GLQ,1200.0,Unf,0,78.0,1278,GasA,Gd,Y,SBrkr,1294.0,0,0,1294.0,1,0,2,0,3,1,Gd,6,Typ,0,None,Attchd,1991.0,RFn,2,496.0,TA,TA,Y,112,51,0,0,0,0,0,6,2008,WD,Normal,179200.0
1311,20,RL,100.0,17500.0,Pave,Reg,Lvl,AllPub,Inside,Gtl,Crawfor,PosA,Norm,1Fam,1Story,7,8,1959,2002,Gable,CompShg,BrkFace,HdBoard,0.0,Gd,Gd,PConc,Gd,TA,Av,GLQ,1406.0,Unf,0,496.0,1902,GasA,TA,Y,SBrkr,1902.0,0,0,1902.0,1,0,2,0,3,1,Ex,7,Typ,2,TA,Attchd,1959.0,Fin,2,567.0,TA,TA,Y,0,170,0,0,0,0,0,5,2010,WD,Normal,335000.0
1312,20,RL,68.0,8814.0,Pave,Reg,Lvl,AllPub,Inside,Gtl,CollgCr,Norm,Norm,1Fam,1Story,7,5,2005,2007,Gable,CompShg,VinylSd,VinylSd,80.0,Gd,TA,PConc,Gd,TA,No,GLQ,925.0,Unf,0,349.0,1274,GasA,Ex,Y,SBrkr,1274.0,0,0,1274.0,1,0,2,0,3,1,Gd,6,Typ,0,None,Attchd,2005.0,RFn,2,508.0,TA,TA,Y,264,98,0,0,0,0,0,1,2007,New,Partial,203000.0
1313,60,RL,91.0,9572.0,Pave,IR1,Lvl,AllPub,Inside,Gtl,NoRidge,Norm,Norm,1Fam,2Story,8,5,1990,1990,Gable,CompShg,Wd Sdng,Wd Sdng,336.0,Gd,TA,PConc,Ex,TA,No,GLQ,482.0,Unf,0,971.0,1453,GasA,Ex,Y,SBrkr,1453.0,1357,0,2747.625,0,0,2,1,4,1,Gd,9,Typ,1,Ex,Attchd,1990.0,RFn,2,750.0,Gd,Gd,Y,420,0,0,0,0,0,0,6,2007,WD,Normal,302000.0
1314,60,RL,108.0,14774.0,Pave,IR1,Lvl,AllPub,Corner,Gtl,NoRidge,Norm,Norm,1Fam,2Story,9,5,1999,1999,Gable,CompShg,VinylSd,VinylSd,165.0,Gd,TA,PConc,Gd,TA,No,Unf,0.0,Unf,0,1393.0,1393,GasA,Ex,Y,SBrkr,1422.0,1177,0,2599.0,0,0,2,1,4,1,Gd,10,Typ,1,TA,BuiltIn,1999.0,Fin,3,779.0,TA,TA,Y,420,30,0,0,0,0,0,5,2010,WD,Normal,333168.0
1315,20,RL,60.0,8190.0,Pave,Reg,Lvl,AllPub,Inside,Gtl,Edwards,Norm,Norm,1Fam,1Story,4,6,1954,1954,Hip,CompShg,Wd Sdng,Wd Sdng,0.0,TA,TA,CBlock,TA,TA,No,Rec,732.0,Unf,0,216.0,948,GasA,Ex,Y,SBrkr,948.0,0,0,948.0,1,0,1,0,3,1,TA,5,Typ,1,TA,Detchd,1956.0,Unf,1,280.0,TA,TA,Y,0,36,0,0,0,0,0,10,2007,WD,Normal,119000.0
1316,60,RL,85.0,11075.0,Pave,Reg,Lvl,AllPub,Inside,Gtl,NAmes,Norm,Norm,1Fam,2Story,6,5,1969,1969,Gable,CompShg,HdBoard,HdBoard,0.0,TA,TA,CBlock,Fa,TA,Mn,ALQ,500.0,LwQ,0,176.0,952,GasA,TA,Y,SBrkr,1092.0,1020,0,2112.0,0,0,2,1,4,1,TA,9,Typ,2,Gd,Attchd,1969.0,Unf,2,576.0,TA,TA,Y,280,0,0,0,0,0,0,6,2008,WD,Normal,206900.0
1317,20,RL,61.0,10226.0,Pave,IR1,Lvl,AllPub,Inside,Gtl,CollgCr,Norm,Norm,1Fam,1Story,8,5,2008,2008,Gable,CompShg,VinylSd,VinylSd,270.0,Gd,TA,PConc,Ex,TA,Gd,Unf,0.0,Unf,0,1622.0,1622,GasA,Ex,Y,SBrkr,1630.0,0,0,1630.0,1,0,2,0,3,1,Ex,8,Typ,1,Gd,Attchd,2008.0,RFn,3,860.0,TA,TA,Y,172,42,0,0,0,0,0,1,2009,WD,Normal,295493.0
1318,120,FV,47.0,4230.0,Pave,Reg,Lvl,AllPub,Corner,Gtl,Somerst,Norm,Norm,TwnhsE,1Story,7,5,2006,2007,Gable,CompShg,VinylSd,VinylSd,0.0,Gd,TA,PConc,Ex,Gd,No,Unf,0.0,Unf,0,1352.0,1352,GasA,Ex,Y,SBrkr,1352.0,0,0,1352.0,0,0,2,0,2,1,Gd,5,Typ,1,Gd,Attchd,2006.0,RFn,2,466.0,TA,TA,Y,0,170,0,0,0,0,0,4,2007,New,Partial,208900.0
1319,20,RL,70.0,14781.0,Pave,IR2,Lvl,AllPub,CulDSac,Gtl,CollgCr,Norm,Norm,1Fam,1Story,8,5,2001,2002,Hip,CompShg,VinylSd,VinylSd,178.0,Gd,TA,PConc,Gd,TA,Gd,Unf,0.0,Unf,0,1685.5,1753,GasA,Ex,Y,SBrkr,1787.0,0,0,1787.0,0,0,2,0,3,1,Gd,7,Typ,1,TA,Attchd,2001.0,RFn,3,748.0,TA,TA,Y,198,150,0,0,0,0,0,8,2006,WD,Normal,275000.0
1320,20,RL,75.0,10215.0,Pave,Reg,Bnk,AllPub,Inside,Gtl,Edwards,Norm,Norm,1Fam,1Story,4,5,1954,1954,Hip,CompShg,Wd Sdng,Wd Sdng,132.0,TA,TA,PConc,TA,TA,No,ALQ,492.0,Unf,0,372.0,864,GasA,Ex,Y,SBrkr,948.0,0,0,948.0,0,0,1,0,3,1,TA,5,Typ,0,None,Attchd,1954.0,Unf,1,248.0,TA,TA,Y,0,0,0,0,0,0,0,2,2007,WD,Normal,111000.0
1321,20,RL,70.0,8400.0,Pave,Reg,Lvl,AllPub,Inside,Gtl,NAmes,Norm,Norm,1Fam,1Story,6,3,1957,1957,Hip,CompShg,BrkFace,BrkFace,0.0,TA,TA,CBlock,TA,TA,No,ALQ,189.0,Rec,0,628.0,1478,GasA,Gd,Y,SBrkr,1478.0,0,0,1478.0,1,0,1,1,3,1,TA,6,Typ,2,Gd,Attchd,1957.0,RFn,2,442.0,TA,TA,Y,114,0,0,0,0,0,0,6,2009,WD,Normal,156500.0
1322,20,RL,52.0,6627.0,Pave,IR1,Lvl,AllPub,Corner,Gtl,BrkSide,Feedr,Norm,1Fam,1Story,3,6,1949,1950,Hip,CompShg,VinylSd,VinylSd,0.0,TA,TA,CBlock,None,None,None,None,0.0,None,0,0.0,42,Floor,TA,N,SBrkr,720.0,0,0,720.0,0,0,1,0,2,1,TA,4,Typ,0,None,Detchd,1955.0,Unf,1,287.0,TA,Fa,Y,0,0,0,0,0,0,0,7,2008,WD,Normal,72500.0
1323,60,RL,107.0,10186.0,Pave,IR1,Lvl,AllPub,Inside,Gtl,NoRidge,Norm,Norm,1Fam,2Story,7,5,1992,1992,Gable,CompShg,HdBoard,HdBoard,0.0,Gd,TA,PConc,Gd,TA,No,GLQ,674.0,Unf,0,76.0,750,GasA,Ex,Y,SBrkr,1061.0,862,0,1923.0,1,0,2,1,3,1,Gd,8,Typ,1,TA,Attchd,1992.0,RFn,2,564.0,TA,TA,Y,240,39,0,0,0,0,0,6,2010,WD,Normal,190000.0
1324,30,RL,50.0,5330.0,Pave,Reg,HLS,AllPub,Inside,Gtl,BrkSide,Norm,Norm,1Fam,1Story,4,7,1940,1950,Hip,CompShg,VinylSd,VinylSd,0.0,Fa,TA,CBlock,TA,TA,No,LwQ,280.0,Unf,0,140.0,420,GasA,Gd,Y,SBrkr,708.0,0,0,708.0,0,0,1,0,2,1,Fa,5,Typ,0,None,None,1893.5,None,0,0.0,None,None,Y,164,0,0,0,0,0,0,12,2009,WD,Normal,82500.0
1325,20,RL,75.0,9986.0,Pave,Reg,Lvl,AllPub,Inside,Gtl,Somerst,Norm,Norm,1Fam,1Story,8,5,2006,2007,Gable,CompShg,VinylSd,VinylSd,410.625,Gd,TA,PConc,Ex,TA,Av,Unf,0.0,Unf,0,1685.5,1795,GasA,Ex,Y,SBrkr,1795.0,0,0,1795.0,0,0,2,0,2,1,Gd,7,Typ,1,Gd,Attchd,2007.0,RFn,3,895.0,TA,TA,Y,0,49,0,0,0,0,0,2,2007,New,Partial,147000.0
1326,30,RM,40.0,3636.0,Pave,Reg,Lvl,AllPub,Inside,Gtl,IDOTRR,Norm,Norm,1Fam,1Story,4,4,1922,1950,Gable,CompShg,AsbShng,AsbShng,0.0,TA,TA,BrkTil,TA,Fa,No,Unf,0.0,Unf,0,796.0,796,GasA,Fa,N,SBrkr,796.0,0,0,796.0,0,0,1,0,2,1,TA,5,Typ,0,None,None,1893.5,None,0,0.0,None,None,N,0,0,0,0,0,0,0,1,2008,WD,Normal,55000.0
1327,30,RH,70.0,4270.0,Pave,Reg,Bnk,AllPub,Inside,Mod,Edwards,Norm,Norm,1Fam,1Story,3,6,1931,2006,Gable,CompShg,MetalSd,MetalSd,0.0,TA,TA,BrkTil,TA,TA,No,Rec,544.0,Unf,0,0.0,544,GasA,Ex,Y,SBrkr,774.0,0,0,774.0,0,0,1,0,3,1,Gd,6,Typ,0,None,None,1893.5,None,0,0.0,None,None,Y,0,0,0,0,0,0,0,5,2007,WD,Normal,79000.0
1328,20,RL,60.0,6600.0,Pave,Reg,Lvl,AllPub,Inside,Gtl,Mitchel,Norm,Norm,1Fam,1Story,5,9,1982,2008,Gable,CompShg,VinylSd,VinylSd,0.0,Gd,Gd,CBlock,TA,TA,No,ALQ,641.0,Unf,0,175.0,816,GasA,Ex,Y,SBrkr,816.0,0,0,816.0,0,1,1,0,3,1,Gd,5,Typ,1,Ex,Attchd,1982.0,Unf,1,264.0,TA,TA,Y,0,0,0,0,0,0,0,10,2008,WD,Normal,130500.0
1329,50,RM,60.0,10440.0,Pave,Reg,Lvl,AllPub,Corner,Gtl,OldTown,Norm,Norm,1Fam,1.5Fin,6,7,1920,1950,Gable,CompShg,BrkFace,Wd Sdng,0.0,Gd,Gd,BrkTil,Gd,TA,No,LwQ,493.0,Unf,0,1017.0,1510,GasW,Ex,Y,SBrkr,1584.0,1208,0,2747.625,0,0,2,0,5,1,TA,8,Mod,2,TA,Detchd,1920.0,Unf,2,520.0,Fa,TA,Y,0,170,0,0,0,0,1150,6,2008,WD,Normal,256000.0
1330,60,RL,63.0,9084.0,Pave,IR1,Lvl,AllPub,Inside,Gtl,Gilbert,Norm,Norm,1Fam,2Story,7,5,1998,1998,Hip,CompShg,VinylSd,VinylSd,0.0,TA,TA,PConc,Gd,TA,No,Unf,0.0,Unf,0,935.0,935,GasA,Gd,Y,SBrkr,955.0,677,0,1632.0,0,0,2,1,3,1,TA,8,Typ,1,TA,Attchd,1998.0,Fin,2,462.0,TA,TA,Y,0,28,0,0,0,0,0,6,2006,WD,Normal,176500.0
1331,20,RL,85.0,10000.0,Pave,Reg,Lvl,AllPub,Inside,Gtl,Somerst,Norm,Norm,1Fam,1Story,8,5,2006,2006,Hip,CompShg,VinylSd,VinylSd,410.0,Gd,TA,PConc,Gd,Gd,Av,Unf,0.0,Unf,0,1588.0,1588,GasA,Ex,Y,SBrkr,1588.0,0,0,1588.0,0,0,2,0,3,1,Gd,7,Typ,1,Gd,Attchd,2006.0,RFn,3,825.0,TA,TA,Y,144,45,0,0,0,0,0,12,2007,WD,Normal,227000.0
1332,80,RL,55.0,10780.0,Pave,IR1,Lvl,AllPub,Inside,Gtl,CollgCr,Norm,Norm,1Fam,SLvl,5,5,1976,1976,Gable,CompShg,MetalSd,MetalSd,0.0,TA,TA,CBlock,TA,TA,Av,ALQ,483.0,Unf,0,428.0,911,GasA,Gd,Y,SBrkr,954.0,0,0,954.0,0,0,1,0,3,1,TA,6,Typ,0,None,Detchd,1976.0,Unf,2,576.0,TA,TA,Y,0,0,0,0,0,0,0,7,2006,WD,Normal,132500.0
1333,20,RL,67.0,8877.0,Pave,Reg,Lvl,AllPub,Inside,Mod,Edwards,Norm,Norm,1Fam,1Story,4,6,1938,1958,Gable,CompShg,MetalSd,MetalSd,0.0,TA,TA,CBlock,TA,TA,Mn,ALQ,690.0,Unf,0,126.0,816,GasA,Ex,Y,SBrkr,816.0,0,0,816.0,1,0,1,0,2,1,TA,3,Typ,1,Gd,Detchd,1958.0,Unf,1,288.0,Fa,Fa,Y,0,0,0,0,0,0,0,5,2009,WD,Normal,100000.0
1334,50,RM,60.0,7200.0,Pave,Reg,Lvl,AllPub,Corner,Gtl,IDOTRR,Norm,Norm,1Fam,1.5Fin,5,6,1938,1995,Gable,CompShg,Wd Sdng,Wd Sdng,0.0,TA,TA,CBlock,TA,TA,No,Unf,0.0,Unf,0,803.0,803,GasA,Ex,Y,SBrkr,803.0,557,0,1360.0,0,0,1,1,2,1,Gd,6,Typ,0,None,Detchd,1951.0,Unf,1,297.0,TA,TA,Y,0,65,0,0,0,0,0,7,2006,WD,Normal,125500.0
1335,160,RM,30.0,2368.0,Pave,Reg,Lvl,AllPub,Inside,Gtl,BrDale,Norm,Norm,TwnhsE,2Story,5,6,1970,1970,Gable,CompShg,HdBoard,HdBoard,312.0,TA,TA,CBlock,TA,TA,No,LwQ,765.0,Unf,0,0.0,765,GasA,TA,Y,SBrkr,765.0,600,0,1365.0,0,0,1,1,3,1,TA,7,Min1,0,None,Attchd,1970.0,Unf,2,440.0,TA,TA,Y,0,36,0,0,0,0,0,5,2009,WD,Normal,125000.0
1336,20,RL,80.0,9650.0,Pave,Reg,Lvl,AllPub,Inside,Gtl,NWAmes,Norm,Norm,1Fam,1Story,6,5,1977,1977,Gable,CompShg,Plywood,Plywood,360.0,TA,TA,CBlock,Gd,TA,No,ALQ,686.0,Unf,0,664.0,1350,GasA,TA,Y,SBrkr,1334.0,0,0,1334.0,0,1,2,0,2,1,TA,6,Typ,1,TA,Attchd,1977.0,RFn,2,630.0,TA,TA,Y,0,16,0,0,0,0,0,4,2009,WD,Normal,167900.0
1337,90,RL,87.0,9246.0,Pave,IR1,Lvl,AllPub,Inside,Gtl,NWAmes,Feedr,Norm,Duplex,1Story,5,5,1973,1973,Gable,CompShg,Plywood,Plywood,410.625,TA,TA,CBlock,TA,TA,No,Unf,0.0,Unf,0,1656.0,1656,GasA,TA,Y,SBrkr,1656.0,0,0,1656.0,0,0,2,0,4,2,TA,8,Typ,0,None,Detchd,1973.0,Unf,2,506.0,TA,TA,Y,0,170,0,0,0,0,0,11,2008,WD,Normal,135000.0
1338,30,RM,110.0,4118.0,Pave,IR1,Bnk,AllPub,Corner,Mod,OldTown,Feedr,Norm,1Fam,1Story,4,4,1941,1950,Gable,CompShg,Wd Sdng,Wd Sdng,0.0,TA,TA,CBlock,TA,TA,No,Unf,0.0,Unf,0,693.0,693,Grav,Fa,N,FuseA,693.0,0,0,693.0,0,0,1,0,2,1,Fa,4,Typ,0,None,None,1893.5,None,0,0.0,None,None,N,0,20,0,0,0,0,0,3,2006,WD,Normal,52500.0
1339,60,RL,95.0,13450.0,Pave,IR1,Lvl,AllPub,Corner,Gtl,CollgCr,Norm,Norm,1Fam,2Story,7,5,2002,2002,Gable,CompShg,VinylSd,VinylSd,0.0,Gd,TA,PConc,Gd,TA,No,GLQ,700.0,Unf,0,216.0,916,GasA,Ex,Y,SBrkr,920.0,941,0,1861.0,1,0,2,1,3,1,Gd,8,Typ,0,None,BuiltIn,2002.0,RFn,2,492.0,TA,TA,Y,146,91,0,0,0,0,0,6,2006,WD,Normal,200000.0
1340,20,RL,110.0,9560.0,Pave,IR1,Lvl,AllPub,Corner,Gtl,CollgCr,Norm,Norm,1Fam,1Story,5,7,1972,1972,Hip,CompShg,MetalSd,MetalSd,0.0,TA,Gd,CBlock,TA,TA,Mn,Rec,360.0,Unf,0,504.0,864,GasA,Ex,Y,SBrkr,864.0,0,0,864.0,0,0,1,0,3,1,TA,5,Typ,0,None,Attchd,1972.0,RFn,1,288.0,TA,TA,Y,0,0,0,0,0,0,0,6,2006,WD,Normal,128500.0
1341,20,RL,70.0,8294.0,Pave,Reg,Lvl,AllPub,Inside,Gtl,NAmes,Norm,Norm,1Fam,1Story,4,5,1971,1971,Gable,CompShg,MetalSd,MetalSd,0.0,TA,TA,CBlock,TA,TA,No,Unf,0.0,Unf,0,858.0,858,GasA,TA,Y,SBrkr,872.0,0,0,872.0,0,0,1,0,3,1,TA,5,Typ,0,None,Detchd,1974.0,Unf,4,480.0,TA,TA,Y,0,0,0,0,0,0,0,6,2007,WD,Normal,123000.0
1342,20,RL,66.0,13695.0,Pave,Reg,Lvl,AllPub,Inside,Gtl,SawyerW,RRAe,Norm,1Fam,1Story,6,5,2003,2004,Gable,CompShg,VinylSd,VinylSd,0.0,TA,TA,PConc,Gd,TA,No,GLQ,814.0,Unf,0,300.0,1114,GasA,Ex,Y,SBrkr,1114.0,0,0,1114.0,1,0,1,0,3,1,Gd,6,Typ,0,None,Detchd,2004.0,Unf,2,576.0,TA,TA,Y,0,78,0,0,0,0,0,7,2008,WD,Normal,155000.0
1343,60,RL,70.0,9375.0,Pave,Reg,Lvl,AllPub,Inside,Gtl,CollgCr,Norm,Norm,1Fam,2Story,8,5,2002,2002,Gable,CompShg,VinylSd,VinylSd,149.0,Gd,TA,PConc,Gd,TA,No,Unf,0.0,Unf,0,1284.0,1284,GasA,Ex,Y,SBrkr,1284.0,885,0,2169.0,0,0,2,1,3,1,Gd,7,Typ,1,Gd,Attchd,2002.0,RFn,2,647.0,TA,TA,Y,192,87,0,0,0,0,0,8,2007,WD,Normal,228500.0
1344,50,RL,57.0,7558.0,Pave,Reg,Bnk,AllPub,Inside,Gtl,Crawfor,Norm,Norm,1Fam,1.5Fin,6,6,1928,1950,Gable,CompShg,BrkFace,Stone,0.0,TA,TA,BrkTil,TA,TA,No,Unf,0.0,Unf,0,896.0,896,GasA,Gd,Y,SBrkr,1172.0,741,0,1913.0,0,0,1,1,3,1,TA,9,Typ,1,TA,Detchd,1929.0,Unf,2,342.0,Fa,Fa,Y,0,0,0,0,0,0,0,3,2009,WD,Normal,177000.0
1345,60,RL,85.0,11103.0,Pave,IR1,Lvl,AllPub,Corner,Gtl,CollgCr,Norm,Norm,1Fam,2Story,7,5,2006,2006,Gable,CompShg,VinylSd,VinylSd,0.0,Gd,TA,PConc,Gd,TA,No,Unf,0.0,Unf,0,728.0,728,GasA,Ex,Y,SBrkr,728.0,728,0,1456.0,0,0,2,1,3,1,Gd,8,Typ,1,TA,Attchd,2006.0,Fin,2,440.0,TA,TA,Y,0,0,0,0,0,0,0,7,2007,New,Partial,155835.0
1346,30,RM,50.0,6000.0,Pave,Reg,Lvl,AllPub,Inside,Gtl,OldTown,Norm,Norm,1Fam,1Story,4,4,1920,1950,Hip,CompShg,MetalSd,MetalSd,0.0,TA,TA,PConc,TA,TA,No,ALQ,250.0,Unf,0,710.0,960,GasA,Gd,Y,FuseA,960.0,0,0,960.0,0,0,1,0,2,1,Fa,5,Typ,0,None,Detchd,1997.0,Unf,1,308.0,TA,TA,Y,0,0,0,0,0,0,0,7,2007,WD,Normal,108500.0
1347,20,RL,80.0,17673.5,Pave,IR2,Lvl,AllPub,CulDSac,Gtl,NWAmes,PosN,Norm,1Fam,1Story,7,7,1968,2003,Hip,CompShg,BrkFace,HdBoard,0.0,TA,TA,CBlock,TA,TA,No,BLQ,297.0,Rec,0,1203.0,1568,GasA,TA,Y,SBrkr,2155.125,0,0,2156.0,0,0,2,0,3,1,TA,9,Typ,1,Gd,Attchd,1968.0,RFn,2,508.0,Gd,TA,Y,0,80,0,290,0,0,0,6,2006,WD,Normal,262500.0
1348,20,RL,93.0,15306.0,Pave,IR1,HLS,AllPub,Corner,Gtl,Timber,Norm,Norm,1Fam,1Story,8,5,2006,2007,Gable,CompShg,VinylSd,VinylSd,100.0,Gd,TA,PConc,Ex,TA,Gd,GLQ,80.0,Unf,0,1652.0,1732,GasA,Ex,Y,SBrkr,1776.0,0,0,1776.0,1,0,2,0,3,1,Gd,7,Typ,1,Gd,Attchd,2006.0,Fin,3,712.0,TA,TA,Y,0,0,0,0,0,0,0,5,2007,New,Partial,283463.0
1349,20,RL,66.5,16196.0,Pave,IR3,Low,AllPub,Inside,Gtl,SawyerW,Norm,Norm,1Fam,1Story,7,5,1998,1998,Gable,CompShg,VinylSd,VinylSd,0.0,Gd,TA,PConc,Gd,TA,Gd,GLQ,1443.0,Unf,0,39.0,1482,GasA,Ex,Y,SBrkr,1494.0,0,0,1494.0,1,0,2,0,3,1,Gd,5,Typ,1,Fa,Attchd,1998.0,RFn,2,514.0,TA,TA,Y,402,25,0,0,0,0,0,8,2007,WD,Normal,215000.0
1350,70,RM,50.0,5250.0,Pave,Reg,Lvl,AllPub,Inside,Gtl,OldTown,Norm,Norm,1Fam,2Story,8,5,1885,1987,Gable,CompShg,MetalSd,MetalSd,0.0,TA,Gd,BrkTil,TA,Fa,No,LwQ,259.0,Unf,0,425.0,684,OthW,Fa,N,SBrkr,938.0,1215,205,2358.0,0,0,2,0,4,1,TA,8,Typ,0,None,None,1893.5,None,0,0.0,None,None,Y,0,54,0,0,0,0,0,12,2008,WD,Normal,122000.0
1351,90,RL,91.0,11643.0,Pave,Reg,Lvl,AllPub,Inside,Gtl,NAmes,Artery,Norm,Duplex,2Story,5,5,1969,1969,Gable,CompShg,MetalSd,MetalSd,368.0,TA,TA,CBlock,TA,TA,No,LwQ,500.0,Unf,0,748.0,1248,GasA,TA,Y,SBrkr,1338.0,1296,0,2634.0,1,1,2,2,6,2,TA,12,Typ,0,None,Detchd,1969.0,Unf,4,938.25,TA,TA,Y,0,0,0,0,0,0,0,8,2009,WD,Normal,200000.0
1352,60,RL,70.0,9247.0,Pave,IR1,Lvl,AllPub,Inside,Gtl,NAmes,Norm,Norm,1Fam,2Story,6,6,1962,1962,Gable,CompShg,HdBoard,HdBoard,318.0,TA,TA,CBlock,TA,TA,No,Rec,319.0,Unf,0,539.0,858,GasA,Ex,Y,SBrkr,858.0,858,0,1716.0,0,0,1,1,4,1,TA,8,Typ,1,Gd,Attchd,1962.0,Fin,2,490.0,TA,TA,Y,0,84,0,0,0,0,0,3,2008,WD,Normal,171000.0
1353,50,RM,50.0,6000.0,Pave,Reg,Lvl,AllPub,Inside,Gtl,BrkSide,Norm,Norm,1Fam,1.5Fin,6,9,1937,2000,Gable,CompShg,MetalSd,MetalSd,0.0,Gd,TA,BrkTil,TA,TA,No,Unf,0.0,Unf,0,698.0,698,GasA,TA,Y,SBrkr,786.0,390,0,1176.0,0,0,1,0,2,1,TA,4,Typ,0,None,Detchd,1999.0,Unf,2,624.0,TA,TA,N,210,0,0,0,0,0,0,7,2009,WD,Normal,134900.0
1354,50,RL,56.0,14720.0,Pave,IR1,Lvl,AllPub,CulDSac,Gtl,NoRidge,Norm,Norm,1Fam,1.5Fin,8,5,1995,1996,Hip,CompShg,VinylSd,VinylSd,410.625,Gd,TA,PConc,Gd,TA,Av,GLQ,816.0,Unf,0,1217.0,2033,GasA,Ex,Y,SBrkr,2053.0,1185,0,2747.625,1,0,2,1,4,1,Gd,9,Typ,1,Ex,Attchd,1996.0,Fin,3,666.0,TA,TA,Y,283,86,0,0,0,0,0,3,2010,WD,Normal,340037.5
1355,60,RL,70.0,10316.0,Pave,IR1,Lvl,AllPub,Inside,Gtl,CollgCr,Norm,Norm,1Fam,2Story,7,5,2000,2000,Gable,CompShg,VinylSd,VinylSd,0.0,Gd,TA,PConc,Gd,TA,No,GLQ,735.0,Unf,0,257.0,992,GasA,Ex,Y,SBrkr,992.0,873,0,1865.0,1,0,2,1,3,1,Gd,7,Typ,1,TA,Attchd,2000.0,RFn,3,839.0,TA,TA,Y,0,170,0,0,0,0,0,6,2008,WD,Normal,235000.0
1356,80,RL,102.0,10192.0,Pave,IR1,Lvl,AllPub,Inside,Gtl,NWAmes,Norm,Norm,1Fam,SLvl,7,6,1968,1992,Gable,CompShg,MetalSd,MetalSd,143.0,TA,TA,CBlock,TA,TA,No,Unf,0.0,Unf,0,570.0,570,GasA,Gd,Y,SBrkr,1222.0,698,0,1920.0,0,0,3,0,4,1,Gd,8,Typ,1,TA,Attchd,1968.0,RFn,2,487.0,TA,TA,Y,0,98,0,0,0,0,0,9,2006,WD,Normal,170000.0
1357,20,RL,73.0,9477.0,Pave,Reg,Lvl,AllPub,Corner,Gtl,NAmes,Norm,Norm,1Fam,1Story,5,5,1966,1966,Gable,CompShg,HdBoard,HdBoard,65.0,TA,TA,CBlock,TA,TA,No,Rec,340.0,Unf,0,524.0,864,GasA,TA,Y,SBrkr,892.0,0,0,892.0,0,0,1,0,3,1,TA,5,Typ,0,None,Attchd,1966.0,RFn,1,264.0,TA,TA,Y,0,0,0,0,0,0,0,10,2008,WD,Normal,110000.0
1358,20,RL,73.0,12537.0,Pave,IR1,Lvl,AllPub,CulDSac,Gtl,NAmes,Norm,Norm,1Fam,1Story,5,6,1971,2008,Gable,CompShg,VinylSd,VinylSd,0.0,TA,TA,CBlock,TA,TA,No,GLQ,734.0,Unf,0,344.0,1078,GasA,Ex,Y,SBrkr,1078.0,0,0,1078.0,1,0,1,1,3,1,TA,6,Typ,1,Fa,Attchd,1971.0,Fin,2,500.0,TA,TA,Y,0,0,0,0,0,0,0,4,2010,WD,Normal,149900.0
1359,160,FV,73.5,2117.0,Pave,Reg,Lvl,AllPub,Inside,Gtl,Somerst,Norm,Norm,Twnhs,2Story,6,5,2000,2000,Gable,CompShg,MetalSd,MetalSd,216.0,Gd,TA,PConc,Gd,TA,No,GLQ,378.0,Unf,0,378.0,756,GasA,Ex,Y,SBrkr,769.0,804,0,1573.0,0,0,2,1,3,1,Gd,5,Typ,0,None,Detchd,2000.0,Unf,2,440.0,TA,TA,Y,0,32,0,0,0,0,0,6,2010,WD,Normal,177500.0
1360,20,RL,110.0,16737.0,Pave,Reg,Lvl,AllPub,FR3,Gtl,NridgHt,Norm,Norm,1Fam,1Story,9,5,2004,2005,Hip,CompShg,VinylSd,VinylSd,66.0,Gd,TA,PConc,Ex,TA,Av,GLQ,1447.0,Unf,0,533.0,1980,GasA,Ex,Y,SBrkr,1980.0,0,0,1980.0,1,0,2,0,3,1,Ex,8,Typ,1,Gd,Attchd,2004.0,Fin,3,770.0,TA,TA,Y,194,45,0,0,0,0,0,9,2006,WD,Normal,315000.0
1361,70,RL,51.0,9842.0,Pave,Reg,Lvl,AllPub,Inside,Gtl,SWISU,Feedr,Norm,1Fam,2Story,5,6,1921,1998,Gable,CompShg,MetalSd,Wd Sdng,0.0,TA,TA,BrkTil,TA,Fa,No,Unf,0.0,Unf,0,612.0,612,GasA,Ex,Y,SBrkr,990.0,1611,0,2601.0,0,0,3,1,4,1,TA,8,Typ,0,None,BuiltIn,1998.0,RFn,2,621.0,TA,TA,Y,183,0,0,0,0,0,0,5,2008,WD,Normal,189000.0
1362,20,RL,110.0,16158.0,Pave,IR1,Low,AllPub,Inside,Mod,StoneBr,Norm,Norm,1Fam,1Story,7,5,2005,2005,Hip,CompShg,VinylSd,VinylSd,16.0,Gd,TA,PConc,Ex,TA,Av,ALQ,1274.0,Unf,0,256.0,1530,GasA,Ex,Y,SBrkr,1530.0,0,0,1530.0,1,0,2,0,3,1,Gd,7,Typ,1,Gd,Attchd,2005.0,Fin,2,430.0,TA,TA,Y,168,36,0,0,0,0,0,6,2009,WD,Normal,260000.0
1363,50,RL,73.0,12513.0,Pave,IR1,Lvl,AllPub,FR2,Gtl,NAmes,Feedr,Norm,1Fam,1.5Fin,4,4,1920,2007,Gable,CompShg,VinylSd,VinylSd,0.0,TA,Gd,BrkTil,TA,Fa,No,Unf,0.0,Unf,0,715.0,715,GasA,Gd,Y,SBrkr,1281.0,457,0,1738.0,0,0,2,0,4,1,TA,7,Typ,1,Gd,Attchd,1920.0,Unf,1,368.0,TA,TA,Y,55,0,0,0,0,0,0,6,2009,WD,Normal,104900.0
1364,60,RL,73.0,8499.0,Pave,IR1,Lvl,AllPub,Inside,Gtl,Gilbert,Norm,Norm,1Fam,2Story,6,5,2006,2007,Gable,CompShg,VinylSd,VinylSd,0.0,TA,TA,PConc,Gd,TA,No,Unf,0.0,Unf,0,616.0,616,GasA,Ex,Y,SBrkr,616.0,796,0,1412.0,0,0,2,1,3,1,Gd,6,Typ,1,Gd,BuiltIn,2007.0,Fin,2,432.0,TA,TA,Y,0,36,0,0,0,0,0,3,2007,New,Partial,156932.0
1365,160,FV,30.0,3180.0,Pave,Reg,Lvl,AllPub,Inside,Gtl,Somerst,Norm,Norm,TwnhsE,2Story,7,5,2005,2005,Gable,CompShg,MetalSd,MetalSd,0.0,Gd,TA,PConc,Gd,TA,No,Unf,0.0,Unf,0,600.0,600,GasA,Ex,Y,SBrkr,520.0,600,80,1200.0,0,0,2,1,2,1,Gd,4,Typ,0,None,Detchd,2005.0,RFn,2,480.0,TA,TA,Y,0,166,0,0,0,0,0,4,2006,WD,Abnorml,144152.0
1366,60,FV,73.5,7500.0,Pave,Reg,Lvl,AllPub,Inside,Gtl,Somerst,Norm,Norm,1Fam,2Story,7,5,2000,2000,Gable,CompShg,VinylSd,VinylSd,0.0,Gd,TA,PConc,Gd,TA,No,GLQ,533.0,Unf,0,281.0,814,GasA,Ex,Y,SBrkr,814.0,860,0,1674.0,1,0,2,1,3,1,Gd,7,Typ,0,None,Attchd,2000.0,RFn,2,663.0,TA,TA,Y,0,96,0,0,0,0,0,1,2010,WD,Normal,216000.0
1367,60,RL,68.0,9179.0,Pave,IR1,Lvl,AllPub,Inside,Gtl,CollgCr,Norm,Norm,1Fam,2Story,7,5,1999,1999,Gable,CompShg,VinylSd,VinylSd,158.0,Gd,TA,PConc,Gd,TA,No,GLQ,633.0,Unf,0,240.0,873,GasA,Ex,Y,SBrkr,882.0,908,0,1790.0,1,0,2,1,3,1,Gd,7,Typ,0,None,Attchd,1999.0,RFn,2,588.0,TA,TA,Y,0,88,0,0,0,0,0,6,2008,WD,Abnorml,193000.0
1368,160,RM,41.0,2665.0,Pave,Reg,Lvl,AllPub,Inside,Gtl,MeadowV,Norm,Norm,TwnhsE,2Story,5,6,1977,1977,Gable,CompShg,CemntBd,CmentBd,0.0,TA,TA,PConc,TA,TA,No,ALQ,548.0,Rec,0,36.0,757,GasA,Ex,Y,SBrkr,925.0,550,0,1475.0,0,0,2,0,4,1,TA,6,Typ,1,TA,Attchd,1977.0,RFn,1,336.0,TA,TA,Y,104,26,0,0,0,0,0,7,2006,WD,Normal,127000.0
1369,120,RM,70.0,4435.0,Pave,Reg,Lvl,AllPub,Inside,Gtl,CollgCr,Norm,Norm,TwnhsE,1Story,6,5,2003,2004,Gable,CompShg,VinylSd,VinylSd,170.0,Gd,TA,PConc,Gd,TA,Av,GLQ,685.0,Unf,0,163.0,848,GasA,Ex,Y,SBrkr,848.0,0,0,848.0,1,0,1,0,1,1,Gd,4,Typ,0,None,Attchd,2003.0,Fin,2,420.0,TA,TA,Y,140,0,0,0,0,0,0,6,2009,WD,Normal,144000.0
1370,20,RL,48.0,10635.0,Pave,IR2,Lvl,AllPub,FR2,Gtl,CollgCr,Norm,Norm,1Fam,1Story,8,5,2003,2003,Hip,CompShg,VinylSd,VinylSd,171.0,Gd,TA,PConc,Gd,TA,Av,BLQ,370.0,GLQ,0,315.0,1657,GasA,Ex,Y,SBrkr,1668.0,0,0,1668.0,1,0,2,0,3,1,Gd,8,Typ,1,TA,Attchd,2003.0,Fin,2,502.0,TA,TA,Y,0,170,0,0,0,0,0,5,2010,WD,Normal,232000.0
1371,50,RL,90.0,5400.0,Pave,Reg,Lvl,AllPub,Corner,Gtl,OldTown,Artery,Norm,1Fam,1.5Fin,4,6,1920,1950,Gable,CompShg,CBlock,CBlock,0.0,Fa,TA,PConc,TA,TA,No,ALQ,315.0,Rec,0,420.0,840,GasA,Ex,Y,SBrkr,840.0,534,0,1374.0,0,0,1,0,2,1,TA,6,Typ,0,None,Detchd,1967.0,Fin,1,338.0,TA,TA,Y,0,0,0,0,0,0,0,10,2009,WD,Normal,105000.0
1372,80,RL,80.0,9600.0,Pave,Reg,Lvl,AllPub,Inside,Gtl,NAmes,Norm,Norm,1Fam,SLvl,6,6,1955,1996,Hip,CompShg,AsbShng,AsbShng,0.0,TA,TA,CBlock,TA,TA,Av,BLQ,831.0,Unf,0,161.0,992,GasA,Gd,Y,SBrkr,1661.0,0,0,1661.0,1,0,1,0,3,1,Gd,8,Typ,1,TA,BuiltIn,1955.0,RFn,1,377.0,TA,TA,Y,0,28,0,0,0,0,0,10,2008,WD,Normal,165500.0
1373,60,RL,75.0,9750.0,Pave,Reg,Lvl,AllPub,Corner,Gtl,CollgCr,Norm,Norm,1Fam,2Story,7,6,1998,1998,Gable,CompShg,VinylSd,VinylSd,0.0,TA,TA,PConc,Gd,TA,Av,GLQ,975.0,Unf,0,133.0,1108,GasA,Ex,Y,SBrkr,1108.0,989,0,2097.0,1,0,2,1,3,1,Gd,8,Typ,1,TA,Detchd,1998.0,RFn,2,583.0,TA,TA,Y,253,170,0,0,0,0,0,6,2006,WD,Normal,274300.0
1374,20,RL,91.0,11400.0,Pave,Reg,Lvl,AllPub,Inside,Gtl,NoRidge,Norm,Norm,1Fam,1Story,10,5,2001,2002,Hip,CompShg,VinylSd,VinylSd,410.625,Ex,TA,PConc,Ex,TA,Gd,GLQ,1282.0,Unf,0,1351.0,2052,GasA,Ex,Y,SBrkr,2155.125,0,0,2633.0,1,0,2,1,2,1,Ex,8,Typ,2,Gd,Attchd,2001.0,RFn,3,804.0,TA,TA,Y,314,140,0,0,0,0,0,3,2007,WD,Normal,340037.5
1375,60,FV,85.0,10625.0,Pave,Reg,Lvl,AllPub,Inside,Gtl,Somerst,Norm,Norm,1Fam,2Story,7,5,2005,2005,Gable,CompShg,CemntBd,CmentBd,0.0,Gd,TA,PConc,Gd,TA,No,Unf,0.0,Unf,0,1026.0,1026,GasA,Ex,Y,SBrkr,1026.0,932,0,1958.0,0,0,2,1,3,1,Gd,9,Typ,1,Gd,Attchd,2005.0,Fin,3,936.0,TA,TA,Y,154,170,0,0,0,0,0,7,2008,WD,Normal,250000.0
1376,20,RL,89.0,10991.0,Pave,IR1,HLS,AllPub,Inside,Gtl,Timber,Norm,Norm,1Fam,1Story,8,5,2007,2007,Gable,CompShg,VinylSd,VinylSd,80.0,Gd,TA,PConc,Gd,TA,Gd,Unf,0.0,Unf,0,1571.0,1571,GasA,Ex,Y,SBrkr,1571.0,0,0,1571.0,0,0,2,0,3,1,Gd,7,Typ,1,Gd,Attchd,2007.0,Fin,3,722.0,TA,TA,Y,100,36,0,0,0,0,0,12,2007,New,Partial,239000.0
1377,30,RL,52.0,6292.0,Pave,Reg,Bnk,AllPub,Inside,Gtl,SWISU,Norm,Norm,1Fam,1Story,6,5,1930,1950,Gable,CompShg,Wd Sdng,Wd Sdng,0.0,TA,TA,BrkTil,Gd,TA,Mn,Rec,384.0,Unf,0,384.0,768,GasA,TA,N,SBrkr,790.0,0,0,790.0,0,0,1,0,2,1,TA,4,Typ,0,None,Detchd,1925.0,Unf,1,160.0,Fa,TA,Y,0,141,0,0,0,0,0,4,2008,WD,Normal,91000.0
1378,50,RL,60.0,10998.0,Pave,Reg,Lvl,AllPub,Inside,Gtl,Edwards,Norm,Norm,1Fam,1.5Fin,5,5,1941,1960,Gable,CompShg,Wd Sdng,Wd Sdng,0.0,TA,TA,CBlock,TA,TA,No,LwQ,408.0,BLQ,0,156.0,984,GasA,Ex,Y,SBrkr,984.0,620,0,1604.0,0,0,2,0,3,1,TA,6,Min2,0,None,Detchd,1977.0,Unf,2,660.0,TA,TA,Y,0,68,0,0,0,0,0,7,2009,WD,Normal,117000.0
1379,160,RM,30.0,1953.0,Pave,Reg,Lvl,AllPub,Inside,Gtl,BrDale,Norm,Norm,Twnhs,2Story,6,5,1973,1973,Gable,CompShg,HdBoard,HdBoard,408.0,TA,TA,CBlock,TA,Fa,No,BLQ,309.0,Unf,0,174.0,483,GasA,TA,Y,SBrkr,483.0,504,0,987.0,0,0,1,1,2,1,TA,5,Typ,0,None,Detchd,1973.0,Unf,1,264.0,TA,TA,Y,72,0,0,0,0,0,0,6,2006,WD,Normal,83000.0
1380,80,RL,73.0,9735.0,Pave,Reg,Lvl,AllPub,Inside,Gtl,Timber,Norm,Norm,1Fam,SLvl,5,5,2006,2007,Gable,CompShg,VinylSd,VinylSd,0.0,TA,TA,PConc,Gd,TA,No,Unf,0.0,Unf,0,384.0,384,GasA,Gd,Y,SBrkr,754.0,640,0,1394.0,0,0,2,1,3,1,Gd,7,Typ,0,None,BuiltIn,2007.0,Fin,2,400.0,TA,TA,Y,100,0,0,0,0,0,0,5,2008,WD,Normal,167500.0
1381,30,RL,45.0,8212.0,Pave,Reg,Lvl,AllPub,Inside,Gtl,Edwards,Norm,Norm,1Fam,1Story,3,3,1914,1950,Gable,CompShg,Stucco,Stucco,0.0,TA,Fa,BrkTil,TA,Fa,No,Rec,203.0,Unf,0,661.0,864,GasA,TA,N,FuseF,864.0,0,0,864.0,1,0,1,0,2,1,TA,5,Typ,0,None,Detchd,1938.0,Unf,1,200.0,TA,Fa,Y,0,0,0,0,0,0,0,6,2010,WD,Normal,58500.0
1382,20,RL,73.0,12925.0,Pave,IR1,Lvl,AllPub,Corner,Gtl,NAmes,Norm,Norm,1Fam,1Story,6,7,1970,1970,Gable,CompShg,BrkFace,Plywood,0.0,TA,TA,CBlock,TA,TA,Mn,BLQ,865.0,Unf,0,340.0,1205,GasA,Ex,Y,SBrkr,2117.0,0,0,2117.0,0,0,2,1,4,1,TA,7,Typ,2,Gd,Attchd,1970.0,Fin,2,550.0,TA,TA,Y,0,42,0,0,0,0,0,5,2008,WD,Normal,237500.0
1383,70,RM,60.0,7200.0,Pave,Reg,Lvl,AllPub,Corner,Gtl,OldTown,Norm,Norm,1Fam,2Story,7,7,1920,1950,Hip,CompShg,Wd Sdng,Wd Sdng,0.0,TA,TA,BrkTil,Fa,TA,No,Unf,0.0,Unf,0,596.0,596,GasA,Ex,Y,SBrkr,998.0,764,0,1762.0,1,0,1,1,4,1,Gd,8,Typ,0,None,Detchd,1989.0,Unf,2,576.0,TA,TA,N,36,0,0,0,0,0,0,10,2006,WD,Normal,157000.0
1384,30,RL,71.0,17673.5,Pave,Reg,Lvl,AllPub,Inside,Gtl,Sawyer,Norm,Norm,1Fam,1Story,5,7,1918,2007,Gable,CompShg,Wd Sdng,Wd Sdng,0.0,TA,Gd,BrkTil,TA,TA,No,Unf,0.0,Unf,0,816.0,816,GasA,Ex,Y,SBrkr,1416.0,0,0,1416.0,0,0,2,0,3,1,Gd,7,Typ,0,None,Attchd,2007.0,Unf,2,576.0,TA,TA,N,0,0,0,0,0,0,0,8,2007,WD,Normal,112000.0
1385,50,RL,60.0,9060.0,Pave,Reg,Lvl,AllPub,Inside,Gtl,Edwards,Norm,Norm,1Fam,1.5Fin,6,5,1939,1950,Gable,CompShg,WdShing,Wd Shng,0.0,TA,TA,BrkTil,TA,TA,Mn,Rec,204.0,Unf,0,356.0,560,GasA,TA,Y,SBrkr,698.0,560,0,1258.0,0,0,1,0,2,1,TA,6,Typ,0,None,Detchd,1939.0,Unf,1,280.0,TA,TA,P,0,0,0,0,0,0,0,10,2009,WD,Normal,105000.0
1386,50,RM,40.0,5436.0,Pave,Reg,Lvl,AllPub,Inside,Gtl,IDOTRR,Norm,Norm,1Fam,1.5Fin,4,8,1922,2007,Gable,CompShg,VinylSd,VinylSd,0.0,TA,Gd,BrkTil,TA,TA,No,BLQ,735.0,Unf,0,61.0,796,GasA,Gd,Y,SBrkr,796.0,358,0,1154.0,1,0,1,0,3,1,Gd,7,Typ,0,None,Detchd,1922.0,Unf,1,240.0,TA,TA,N,0,96,0,0,0,0,0,5,2010,WD,Normal,125500.0
1387,60,RL,80.0,16692.0,Pave,IR1,Lvl,AllPub,Inside,Gtl,NWAmes,RRAn,Norm,1Fam,2Story,7,5,1978,1978,Gable,CompShg,Plywood,Plywood,184.0,TA,TA,CBlock,Gd,TA,No,BLQ,790.0,LwQ,0,133.0,1392,GasA,TA,Y,SBrkr,1392.0,1392,0,2747.625,1,0,3,1,5,1,Gd,12,Typ,2,TA,Attchd,1978.0,RFn,2,564.0,TA,TA,Y,0,112,0,0,0,519,2000,7,2006,WD,Normal,250000.0
1388,50,RM,60.0,8520.0,Pave,Reg,Lvl,AllPub,Inside,Gtl,OldTown,Artery,Norm,1Fam,1.5Fin,6,7,1916,1950,Gable,CompShg,Stucco,Stucco,0.0,TA,Gd,BrkTil,TA,TA,No,Rec,168.0,LwQ,0,0.0,714,GasW,TA,N,SBrkr,1664.0,862,0,2526.0,0,0,2,0,5,1,Gd,10,Typ,1,Gd,Detchd,1916.0,Unf,1,216.0,TA,TA,Y,88,15,0,0,0,0,0,8,2007,CWD,Family,136000.0
1389,20,RL,42.0,14892.0,Pave,IR1,HLS,AllPub,CulDSac,Gtl,Gilbert,Norm,Norm,1Fam,1Story,9,5,2006,2007,Gable,CompShg,VinylSd,VinylSd,160.0,Ex,TA,PConc,Ex,TA,Gd,GLQ,1320.0,Unf,0,426.0,1746,GasA,Ex,Y,SBrkr,1746.0,0,0,1746.0,1,0,2,0,3,1,Ex,7,Typ,2,Gd,Attchd,2006.0,Fin,3,758.0,TA,TA,Y,201,39,0,0,0,0,0,10,2009,WD,Normal,340037.5
1390,50,RM,60.0,6000.0,Pave,Reg,Lvl,AllPub,Inside,Gtl,BrkSide,Norm,Norm,1Fam,1.5Fin,6,6,1941,1950,Gable,CompShg,Wd Sdng,Wd Sdng,0.0,TA,Gd,BrkTil,TA,Gd,No,ALQ,375.0,Unf,0,360.0,735,GasA,Ex,Y,SBrkr,869.0,349,0,1218.0,0,1,1,0,3,1,TA,6,Typ,1,Gd,Detchd,2003.0,Unf,2,440.0,TA,TA,Y,0,0,0,0,0,0,0,3,2007,WD,Normal,131000.0
1391,20,RL,70.0,9100.0,Pave,Reg,Lvl,AllPub,Inside,Gtl,CollgCr,Norm,Norm,1Fam,1Story,7,5,2000,2000,Gable,CompShg,VinylSd,VinylSd,244.0,Gd,TA,PConc,Gd,TA,Av,GLQ,1400.0,Unf,0,125.0,1525,GasA,Ex,Y,SBrkr,1525.0,0,0,1525.0,1,0,2,0,3,1,Gd,6,Typ,0,None,Attchd,2000.0,RFn,2,541.0,TA,TA,Y,219,36,0,0,0,0,0,9,2006,WD,Normal,235000.0
1392,90,RL,65.0,8944.0,Pave,Reg,Lvl,AllPub,Inside,Gtl,NAmes,Norm,Norm,Duplex,1Story,5,5,1967,1967,Gable,CompShg,Plywood,Plywood,0.0,TA,TA,CBlock,TA,TA,No,Unf,0.0,Unf,0,1584.0,1584,GasA,TA,Y,SBrkr,1584.0,0,0,1584.0,0,0,2,0,4,2,TA,8,Mod,0,None,Detchd,1967.0,Unf,3,792.0,TA,TA,Y,0,152,0,0,0,0,0,4,2009,WD,Normal,124000.0
1393,85,RL,68.0,7838.0,Pave,Reg,Lvl,AllPub,Inside,Gtl,NAmes,Norm,Norm,1Fam,SFoyer,5,5,1967,1967,Gable,CompShg,HdBoard,HdBoard,0.0,TA,TA,CBlock,TA,TA,Av,ALQ,769.0,Unf,0,95.0,864,GasA,TA,Y,SBrkr,900.0,0,0,900.0,1,0,1,0,3,1,TA,6,Typ,1,Po,Attchd,1967.0,RFn,1,288.0,TA,TA,Y,175,144,0,0,0,0,0,12,2006,WD,Normal,123000.0
1394,190,RM,60.0,10800.0,Pave,Reg,Lvl,AllPub,Inside,Gtl,OldTown,Norm,Norm,2fmCon,1.5Fin,6,7,1905,2000,Gable,CompShg,Wd Sdng,Wd Sdng,0.0,TA,TA,BrkTil,Fa,TA,No,Unf,0.0,Unf,0,482.0,482,GasA,Ex,N,SBrkr,1221.0,691,0,1912.0,0,0,2,0,3,2,TA,7,Typ,1,TA,Detchd,2003.0,Unf,2,672.0,Gd,TA,Y,0,25,0,0,0,0,0,4,2008,WD,Normal,163000.0
1395,120,RL,53.0,4045.0,Pave,Reg,Lvl,AllPub,Inside,Gtl,Blmngtn,Norm,Norm,TwnhsE,1Story,7,5,2006,2006,Hip,CompShg,VinylSd,VinylSd,45.0,Gd,TA,PConc,Gd,TA,Av,GLQ,1070.0,Unf,0,286.0,1356,GasA,Ex,Y,SBrkr,1500.0,0,0,1500.0,1,0,2,0,2,1,Gd,6,Typ,1,Gd,Attchd,2006.0,Fin,3,648.0,TA,TA,Y,161,20,0,0,0,0,0,10,2006,New,Partial,246578.0
1396,60,RL,88.0,12665.0,Pave,IR1,Lvl,AllPub,Inside,Gtl,Timber,Norm,Norm,1Fam,2Story,8,5,2005,2006,Hip,CompShg,VinylSd,VinylSd,245.0,Gd,TA,PConc,Gd,Gd,Gd,Unf,0.0,Unf,0,1094.0,1094,GasA,Ex,Y,SBrkr,1133.0,1349,0,2482.0,0,0,2,1,4,1,Gd,9,Typ,1,Gd,BuiltIn,2005.0,Fin,3,642.0,TA,TA,Y,144,39,0,0,0,0,0,2,2007,WD,Normal,281213.0
1397,20,RL,85.0,17673.5,Pave,IR1,Bnk,AllPub,Inside,Sev,Timber,Norm,Norm,1Fam,1Story,5,5,1948,1950,Gable,CompShg,Wd Sdng,Wd Sdng,0.0,TA,TA,CBlock,TA,TA,Av,BLQ,353.0,Rec,0,60.0,747,GasA,TA,Y,SBrkr,1687.0,0,0,1687.0,1,0,1,0,3,1,TA,7,Min1,2,TA,Detchd,1966.0,Unf,2,572.0,TA,TA,N,0,0,0,0,0,0,0,6,2010,WD,Normal,160000.0
1398,70,RM,51.0,6120.0,Pave,Reg,Lvl,AllPub,Inside,Gtl,BrkSide,Norm,Norm,1Fam,2Story,5,8,1920,2004,Gable,CompShg,MetalSd,MetalSd,0.0,TA,TA,BrkTil,TA,TA,Mn,Unf,0.0,Unf,0,939.0,939,GasA,Ex,Y,SBrkr,939.0,574,0,1513.0,0,0,1,1,4,1,TA,8,Typ,0,None,Detchd,1933.0,Unf,1,180.0,Fa,Fa,N,24,0,0,0,0,0,0,5,2007,WD,Normal,137500.0
1399,50,RL,60.0,7200.0,Pave,Reg,Lvl,AllPub,Inside,Gtl,NAmes,Norm,Norm,1Fam,1.5Fin,5,4,1950,1982,Gable,CompShg,VinylSd,Wd Sdng,0.0,TA,TA,CBlock,TA,TA,No,Rec,180.0,BLQ,0,676.0,1208,GasA,Gd,Y,FuseA,1136.0,768,0,1904.0,1,0,1,1,3,1,TA,7,Min1,0,None,Attchd,1950.0,Unf,1,240.0,TA,TA,Y,0,0,0,0,0,0,0,5,2009,WD,Normal,138000.0
1400,50,RL,51.0,6171.0,Pave,Reg,Lvl,AllPub,Inside,Gtl,SWISU,Norm,Norm,1Fam,1.5Fin,6,6,1925,1990,Gable,CompShg,WdShing,Wd Shng,0.0,TA,TA,BrkTil,TA,TA,No,BLQ,264.0,Unf,0,712.0,976,GasA,Ex,Y,SBrkr,1160.0,448,0,1608.0,0,0,2,1,3,1,Gd,7,Typ,1,Gd,Detchd,1925.0,Unf,1,216.0,Fa,TA,Y,147,16,0,0,0,0,0,10,2009,WD,Normal,137450.0
1401,50,RM,50.0,6000.0,Pave,Reg,Lvl,AllPub,Corner,Gtl,BrkSide,Norm,Norm,1Fam,1.5Fin,6,7,1929,1950,Gable,CompShg,WdShing,Wd Shng,0.0,TA,TA,BrkTil,TA,TA,No,Unf,0.0,Unf,0,862.0,862,GasA,TA,Y,SBrkr,950.0,208,0,1158.0,0,0,1,0,3,1,TA,5,Typ,1,Gd,BuiltIn,1929.0,RFn,1,208.0,TA,TA,Y,0,0,0,0,0,0,0,7,2008,WD,Normal,120000.0
1402,60,RL,62.0,7415.0,Pave,IR1,Lvl,AllPub,Inside,Gtl,Gilbert,Norm,Norm,1Fam,2Story,6,5,2004,2004,Gable,CompShg,VinylSd,VinylSd,0.0,TA,TA,PConc,TA,TA,No,GLQ,759.0,Unf,0,80.0,839,GasA,Ex,Y,SBrkr,864.0,729,0,1593.0,1,0,2,1,3,1,TA,8,Typ,1,TA,Attchd,2004.0,Fin,2,398.0,TA,TA,Y,100,75,0,0,0,0,0,4,2008,WD,Normal,193000.0
1403,20,RL,64.0,6762.0,Pave,Reg,Lvl,AllPub,Inside,Gtl,CollgCr,Norm,Norm,1Fam,1Story,7,5,2006,2006,Gable,CompShg,VinylSd,VinylSd,0.0,Gd,TA,PConc,Gd,Gd,Av,Unf,0.0,Unf,0,1286.0,1286,GasA,Ex,Y,SBrkr,1294.0,0,0,1294.0,0,0,2,0,2,1,Gd,6,Typ,1,Gd,Attchd,2006.0,RFn,2,662.0,TA,TA,Y,168,55,0,0,0,0,0,7,2006,New,Partial,193879.0
1404,20,RL,49.0,15256.0,Pave,IR1,Lvl,AllPub,CulDSac,Gtl,Somerst,RRAn,Norm,1Fam,1Story,8,5,2007,2007,Gable,CompShg,VinylSd,VinylSd,84.0,Gd,TA,PConc,Gd,TA,Gd,GLQ,929.0,Unf,0,556.0,1485,GasA,Ex,Y,SBrkr,1464.0,0,0,1464.0,1,0,2,0,3,1,Gd,6,Typ,0,None,Attchd,2007.0,Unf,3,754.0,TA,TA,Y,168,160,0,0,0,0,0,8,2007,WD,Normal,282922.0
1405,50,RL,60.0,10410.0,Pave,Reg,Lvl,AllPub,Corner,Gtl,OldTown,Artery,Norm,1Fam,1.5Fin,3,4,1915,1950,Gable,CompShg,Wd Sdng,Wd Sdng,0.0,TA,TA,PConc,TA,TA,No,Unf,0.0,Unf,0,672.0,672,GasA,TA,Y,SBrkr,694.0,520,0,1214.0,0,0,1,0,3,1,TA,6,Typ,0,None,Detchd,1998.0,Unf,3,936.0,TA,TA,Y,216,0,0,0,0,0,0,1,2006,WD,Family,105000.0
1406,120,RM,44.0,3842.0,Pave,IR1,HLS,AllPub,Inside,Mod,Crawfor,Norm,Norm,TwnhsE,1Story,8,5,2004,2005,Hip,CompShg,CemntBd,CmentBd,174.0,Gd,TA,PConc,Ex,TA,Gd,GLQ,1373.0,Unf,0,221.0,1594,GasA,Ex,Y,SBrkr,1646.0,0,0,1646.0,1,1,2,0,2,1,Gd,5,Typ,1,Gd,Attchd,2004.0,Fin,2,482.0,TA,TA,Y,128,53,0,0,0,0,0,1,2008,WD,Normal,275000.0
1407,85,RL,70.0,8445.0,Pave,Reg,Lvl,AllPub,Corner,Gtl,CollgCr,Norm,Norm,1Fam,SFoyer,5,7,1972,2007,Gable,CompShg,HdBoard,Wd Shng,0.0,TA,TA,CBlock,Gd,TA,Av,GLQ,656.0,Unf,0,112.0,768,GasA,TA,Y,SBrkr,768.0,0,0,768.0,1,0,1,0,2,1,TA,5,Typ,0,None,Detchd,1988.0,Unf,2,396.0,TA,TA,Y,58,0,0,0,0,0,0,3,2009,WD,Normal,133000.0
1408,20,RL,73.0,8780.0,Pave,IR1,Lvl,AllPub,Corner,Gtl,Mitchel,Norm,Norm,1Fam,1Story,5,5,1985,1985,Gable,CompShg,HdBoard,Plywood,0.0,TA,TA,CBlock,TA,TA,No,ALQ,625.0,Unf,0,208.0,833,GasA,Ex,Y,SBrkr,833.0,0,0,833.0,1,0,1,0,3,1,TA,5,Typ,0,None,None,1893.5,None,0,0.0,None,None,Y,0,0,0,0,0,0,0,3,2009,WD,Normal,112000.0
1409,70,RM,60.0,7740.0,Pave,Reg,Lvl,AllPub,Inside,Gtl,OldTown,Norm,Norm,1Fam,2Story,4,7,1910,1950,Gable,CompShg,VinylSd,VinylSd,0.0,TA,TA,CBlock,Fa,TA,No,Unf,0.0,Unf,0,622.0,622,GasA,Gd,Y,SBrkr,741.0,622,0,1363.0,0,0,1,0,3,1,TA,6,Typ,0,None,Detchd,1966.0,Unf,2,528.0,TA,TA,Y,0,0,0,0,0,0,0,6,2010,WD,Normal,125500.0
1410,60,RL,46.0,17673.5,Pave,IR1,Lvl,AllPub,CulDSac,Gtl,NWAmes,Norm,Norm,1Fam,2Story,7,6,1986,1991,Gable,CompShg,Plywood,Plywood,123.0,TA,Gd,CBlock,Gd,TA,No,Unf,0.0,Unf,0,791.0,791,GasA,Gd,Y,SBrkr,1236.0,857,0,2093.0,0,0,2,1,3,1,TA,7,Typ,1,TA,Attchd,1986.0,Fin,2,542.0,TA,TA,Y,364,63,0,0,0,0,0,11,2008,WD,Normal,215000.0
1411,60,RL,79.0,12420.0,Pave,Reg,Lvl,AllPub,Inside,Gtl,CollgCr,Norm,Norm,1Fam,2Story,7,5,2001,2001,Gable,CompShg,VinylSd,VinylSd,0.0,Gd,TA,PConc,Gd,TA,No,GLQ,666.0,Unf,0,278.0,944,GasA,Ex,Y,SBrkr,944.0,896,0,1840.0,1,0,2,1,3,1,Gd,6,Typ,0,None,Attchd,2001.0,RFn,2,622.0,TA,TA,Y,0,45,0,0,0,0,0,6,2009,WD,Normal,230000.0
1412,50,RL,80.0,9600.0,Pave,Reg,Lvl,AllPub,Inside,Gtl,NAmes,Norm,Norm,1Fam,1.5Fin,6,8,1950,2005,Gable,CompShg,VinylSd,VinylSd,0.0,TA,Gd,CBlock,TA,TA,No,BLQ,120.0,Unf,0,736.0,856,GasA,Ex,Y,SBrkr,1112.0,556,0,1668.0,0,0,1,1,3,1,TA,6,Min2,0,None,Attchd,1950.0,Unf,1,271.0,TA,TA,Y,0,0,0,0,0,0,0,9,2009,WD,Normal,140000.0
1413,90,RL,60.0,7200.0,Pave,Reg,Lvl,AllPub,Inside,Gtl,NAmes,Norm,Norm,Duplex,1Story,4,5,1949,1950,Gable,CompShg,BrkFace,Stone,0.0,TA,TA,Slab,None,None,None,None,0.0,None,0,0.0,42,Wall,Fa,N,FuseF,1040.0,0,0,1040.0,0,0,2,0,2,2,TA,6,Typ,0,None,Detchd,1956.0,Unf,2,420.0,TA,TA,Y,0,0,0,0,0,0,0,6,2009,WD,Normal,90000.0
1414,20,RL,88.0,10994.0,Pave,IR1,Lvl,AllPub,Corner,Gtl,SawyerW,Norm,Norm,1Fam,1Story,8,5,2005,2006,Gable,CompShg,VinylSd,VinylSd,366.0,Gd,TA,PConc,Gd,Gd,No,GLQ,976.0,Unf,0,868.0,1844,GasA,Ex,Y,SBrkr,1844.0,0,0,1844.0,1,0,2,0,2,1,Gd,7,Typ,1,Gd,Attchd,2005.0,Fin,2,620.0,TA,TA,Y,165,44,0,0,0,0,0,9,2009,COD,Abnorml,257000.0
1415,50,RL,64.0,13053.0,Pave,Reg,Bnk,AllPub,Inside,Gtl,BrkSide,Norm,Norm,1Fam,1.5Fin,6,7,1923,2000,Gambrel,CompShg,Wd Sdng,Wd Sdng,0.0,TA,TA,BrkTil,TA,TA,No,Unf,0.0,Unf,0,833.0,833,GasA,Gd,Y,SBrkr,1053.0,795,0,1848.0,0,0,1,1,4,1,Gd,8,Typ,1,Gd,Detchd,1922.0,Unf,2,370.0,TA,TA,N,0,0,0,0,0,0,0,6,2008,WD,Normal,207000.0
1416,120,RL,51.0,3635.0,Pave,Reg,Lvl,AllPub,Inside,Gtl,Blmngtn,Norm,Norm,TwnhsE,1Story,7,5,2007,2007,Hip,CompShg,VinylSd,VinylSd,130.0,Gd,TA,PConc,Gd,TA,No,ALQ,988.0,Unf,0,398.0,1386,GasA,Ex,Y,SBrkr,1569.0,0,0,1569.0,0,1,2,0,1,1,Gd,7,Typ,1,TA,Attchd,2007.0,RFn,3,660.0,TA,TA,Y,143,20,0,0,0,0,0,5,2009,WD,Normal,175900.0
1417,190,RM,60.0,11340.0,Pave,Reg,Lvl,AllPub,Inside,Gtl,OldTown,Norm,Norm,2fmCon,2Story,4,6,1885,1950,Gable,CompShg,VinylSd,AsbShng,0.0,TA,TA,PConc,TA,TA,No,Unf,0.0,Unf,0,777.0,777,GasA,Gd,Y,SBrkr,1246.0,1044,0,2290.0,0,0,2,0,4,2,TA,11,Typ,0,None,Detchd,1971.0,Unf,2,560.0,TA,TA,N,0,0,0,0,0,0,0,4,2010,WD,Normal,122500.0
1418,60,RL,91.0,16545.0,Pave,IR1,Lvl,AllPub,Inside,Gtl,NoRidge,Norm,Norm,1Fam,2Story,8,5,1998,1998,Gable,CompShg,VinylSd,VinylSd,410.625,Gd,TA,PConc,Gd,TA,Mn,GLQ,781.0,Unf,0,503.0,1284,GasA,Ex,Y,SBrkr,1310.0,1140,0,2450.0,1,0,2,1,3,1,Gd,7,Typ,1,TA,Attchd,1998.0,Fin,3,938.25,TA,TA,Y,0,126,0,0,0,0,0,5,2009,WD,Normal,340000.0
1419,20,RL,71.0,9204.0,Pave,Reg,Lvl,AllPub,Inside,Gtl,NAmes,Norm,Norm,1Fam,1Story,5,5,1963,1963,Gable,CompShg,HdBoard,HdBoard,0.0,TA,TA,CBlock,TA,TA,No,BLQ,25.0,Rec,0,247.0,1144,GasA,TA,Y,SBrkr,1144.0,0,0,1144.0,1,0,1,1,3,1,TA,6,Typ,0,None,Detchd,1962.0,Unf,1,336.0,TA,TA,Y,0,88,0,0,0,0,0,8,2008,COD,Normal,124000.0
1420,20,RL,74.0,16381.0,Pave,IR1,Lvl,AllPub,Inside,Gtl,Crawfor,Norm,Norm,1Fam,1Story,6,5,1969,1969,Gable,CompShg,Plywood,Plywood,312.0,Gd,Gd,CBlock,TA,TA,Av,Rec,1110.0,Unf,0,734.0,1844,GasA,Gd,Y,SBrkr,1844.0,0,0,1844.0,1,0,2,0,3,1,Gd,7,Typ,1,TA,Attchd,1969.0,RFn,2,540.0,TA,TA,Y,0,73,0,0,0,0,0,12,2006,WD,Normal,223000.0
1421,60,RL,90.0,11700.0,Pave,Reg,Lvl,AllPub,Corner,Gtl,NWAmes,Norm,Norm,1Fam,2Story,6,6,1968,1968,Gable,CompShg,HdBoard,HdBoard,410.625,TA,TA,CBlock,TA,TA,No,ALQ,404.0,Unf,0,304.0,708,GasA,Gd,Y,SBrkr,708.0,708,0,1416.0,0,0,2,1,3,1,TA,7,Typ,1,TA,Attchd,1968.0,RFn,2,776.0,TA,TA,Y,0,169,0,0,0,0,0,5,2006,WD,Normal,179900.0
1422,120,RL,53.0,4043.0,Pave,Reg,Lvl,AllPub,Inside,Gtl,NPkVill,Norm,Norm,TwnhsE,1Story,6,5,1977,1977,Gable,CompShg,Plywood,Plywood,0.0,TA,TA,CBlock,Gd,TA,No,ALQ,360.0,Unf,0,709.0,1069,GasA,TA,Y,SBrkr,1069.0,0,0,1069.0,0,0,2,0,2,1,TA,4,Typ,1,Fa,Attchd,1977.0,RFn,2,440.0,TA,TA,Y,0,55,0,0,0,0,0,7,2010,WD,Normal,127500.0
1423,120,RM,37.0,4435.0,Pave,Reg,Lvl,AllPub,Inside,Gtl,CollgCr,Norm,Norm,TwnhsE,1Story,6,5,2003,2003,Gable,CompShg,VinylSd,VinylSd,170.0,Gd,TA,PConc,Gd,TA,Av,GLQ,686.0,Unf,0,162.0,848,GasA,Ex,Y,SBrkr,848.0,0,0,848.0,1,0,1,0,1,1,Gd,3,Typ,0,None,Attchd,2003.0,Fin,2,420.0,TA,TA,Y,140,0,0,0,0,0,0,3,2008,WD,Normal,136500.0
1424,80,RL,65.5,17673.5,Pave,IR1,Lvl,AllPub,CulDSac,Gtl,Edwards,Norm,Norm,1Fam,SLvl,6,7,1966,1966,Flat,Tar&Grv,Plywood,Plywood,0.0,Gd,Gd,CBlock,Gd,TA,Av,Unf,0.0,Unf,0,697.0,697,GasA,TA,Y,SBrkr,1575.0,626,0,2201.0,0,0,2,0,4,1,Gd,8,Typ,1,Gd,Attchd,1966.0,Unf,2,432.0,Gd,Gd,Y,420,170,0,0,0,738,0,8,2006,WD,Alloca,274970.0
1425,20,RL,73.0,9503.0,Pave,Reg,Lvl,AllPub,Inside,Gtl,NAmes,Norm,Norm,1Fam,1Story,5,5,1958,1983,Hip,CompShg,HdBoard,HdBoard,0.0,TA,TA,CBlock,TA,TA,No,ALQ,457.0,Rec,0,193.0,1024,GasA,TA,Y,SBrkr,1344.0,0,0,1344.0,1,0,1,0,2,1,TA,6,Min1,1,TA,Detchd,1970.0,Unf,1,484.0,TA,TA,Y,316,28,0,0,0,0,0,6,2007,WD,Normal,144000.0
1426,20,RL,80.0,10721.0,Pave,IR1,Lvl,AllPub,Inside,Gtl,NAmes,Norm,Norm,1Fam,1Story,6,6,1959,1959,Hip,CompShg,HdBoard,HdBoard,243.0,Gd,TA,CBlock,TA,TA,No,Unf,0.0,Unf,0,1252.0,1252,GasA,Ex,Y,SBrkr,1252.0,0,0,1252.0,0,0,1,0,3,1,Gd,7,Typ,0,None,Detchd,1960.0,Unf,2,528.0,TA,TA,Y,0,39,0,0,0,0,0,10,2008,WD,Normal,142000.0
1427,60,RL,81.0,10944.0,Pave,IR1,Lvl,AllPub,Inside,Gtl,NoRidge,Norm,Norm,1Fam,2Story,7,5,1994,1994,Gable,CompShg,VinylSd,VinylSd,410.625,Gd,TA,PConc,Gd,TA,No,GLQ,1000.0,Unf,0,223.0,1223,GasA,Ex,Y,SBrkr,1223.0,904,0,2127.0,1,0,2,1,3,1,Gd,5,Typ,2,TA,Attchd,1994.0,RFn,2,525.0,TA,TA,Y,171,132,0,0,0,0,0,8,2008,WD,Normal,271000.0
1428,50,RL,60.0,10930.0,Pave,Reg,Bnk,AllPub,Inside,Gtl,NAmes,Artery,Norm,1Fam,1.5Fin,5,6,1945,1950,Gable,CompShg,MetalSd,MetalSd,0.0,TA,TA,CBlock,TA,TA,No,BLQ,580.0,Unf,0,333.0,913,GasA,TA,Y,FuseA,1048.0,510,0,1558.0,1,0,1,1,3,1,TA,6,Typ,1,TA,Attchd,1962.0,Unf,1,288.0,TA,TA,Y,0,0,0,0,0,0,0,4,2008,WD,Normal,140000.0
1429,30,RM,60.0,7200.0,Pave,Reg,Lvl,AllPub,Corner,Gtl,OldTown,Norm,Norm,1Fam,1Story,5,7,1940,1992,Gable,CompShg,MetalSd,MetalSd,294.0,TA,Gd,CBlock,TA,TA,No,BLQ,510.0,Unf,0,278.0,788,GasA,TA,Y,SBrkr,804.0,0,0,804.0,1,0,1,0,2,1,Gd,4,Typ,2,Gd,Attchd,1940.0,Unf,1,240.0,TA,TA,Y,0,0,0,0,0,0,0,2,2010,WD,Abnorml,119000.0
1430,20,RL,80.0,12546.0,Pave,IR1,Lvl,AllPub,Corner,Gtl,NWAmes,Norm,Norm,1Fam,1Story,6,7,1981,1981,Gable,CompShg,MetalSd,MetalSd,310.0,Gd,Gd,CBlock,Gd,TA,No,BLQ,678.0,Unf,0,762.0,1440,GasA,Ex,Y,SBrkr,1440.0,0,0,1440.0,0,0,2,0,3,1,Gd,7,Typ,1,TA,Attchd,1981.0,Fin,2,467.0,TA,TA,Y,0,0,0,0,0,0,0,4,2007,WD,Normal,182900.0
1431,60,RL,60.0,17673.5,Pave,IR3,Lvl,AllPub,Inside,Gtl,Gilbert,RRAn,Norm,1Fam,2Story,5,5,2005,2005,Gable,CompShg,VinylSd,VinylSd,0.0,Gd,TA,PConc,Gd,Gd,Av,Unf,0.0,Unf,0,732.0,732,GasA,Ex,Y,SBrkr,734.0,1104,0,1838.0,0,0,2,1,4,1,TA,7,Typ,1,Gd,BuiltIn,2005.0,Fin,2,372.0,TA,TA,Y,100,40,0,0,0,0,0,7,2006,WD,Normal,192140.0
1432,120,RL,30.0,4928.0,Pave,IR1,Lvl,AllPub,Inside,Gtl,NPkVill,Norm,Norm,TwnhsE,1Story,6,6,1976,1976,Gable,CompShg,Plywood,Plywood,0.0,TA,TA,CBlock,Gd,TA,No,LwQ,958.0,Unf,0,0.0,958,GasA,TA,Y,SBrkr,958.0,0,0,958.0,0,0,2,0,2,1,TA,5,Typ,0,None,Attchd,1976.0,RFn,2,440.0,TA,TA,Y,0,60,0,0,0,0,0,10,2009,WD,Normal,143750.0
1433,30,RL,60.0,10800.0,Pave,Reg,Lvl,AllPub,Inside,Gtl,OldTown,Norm,Norm,1Fam,1Story,4,6,1927,2007,Gable,CompShg,Wd Sdng,Wd Sdng,0.0,TA,TA,BrkTil,TA,TA,No,Unf,0.0,Unf,0,656.0,656,GasA,TA,Y,SBrkr,968.0,0,0,968.0,0,0,2,0,4,1,TA,5,Typ,0,None,Detchd,1928.0,Unf,1,216.0,Fa,Fa,Y,0,0,0,0,0,0,0,8,2007,WD,Normal,64500.0
1434,60,RL,93.0,10261.0,Pave,IR1,Lvl,AllPub,Inside,Gtl,Gilbert,Norm,Norm,1Fam,2Story,6,5,2000,2000,Gable,CompShg,VinylSd,VinylSd,318.0,TA,TA,PConc,Gd,TA,No,Unf,0.0,Unf,0,936.0,936,GasA,Ex,Y,SBrkr,962.0,830,0,1792.0,1,0,2,1,3,1,TA,8,Typ,1,TA,Attchd,2000.0,Fin,2,451.0,TA,TA,Y,0,0,0,0,0,0,0,5,2008,WD,Normal,186500.0
1435,20,RL,80.0,17400.0,Pave,Reg,Low,AllPub,Inside,Mod,Mitchel,Norm,Norm,1Fam,1Story,5,5,1977,1977,Gable,CompShg,BrkFace,BrkFace,0.0,TA,TA,CBlock,TA,TA,No,ALQ,936.0,Unf,0,190.0,1126,GasA,Fa,Y,SBrkr,1126.0,0,0,1126.0,1,0,2,0,3,1,TA,5,Typ,1,Gd,Attchd,1977.0,RFn,2,484.0,TA,TA,P,295,41,0,0,0,0,0,5,2006,WD,Normal,160000.0
1436,20,RL,80.0,8400.0,Pave,Reg,Lvl,AllPub,Inside,Gtl,NAmes,Norm,Norm,1Fam,1Story,6,9,1962,2005,Gable,CompShg,Wd Sdng,Wd Sdng,237.0,Gd,Gd,CBlock,TA,TA,No,Unf,0.0,Unf,0,1319.0,1319,GasA,TA,Y,SBrkr,1537.0,0,0,1537.0,1,0,1,1,3,1,Gd,7,Typ,1,Gd,Attchd,1962.0,RFn,2,462.0,TA,TA,Y,0,36,0,0,0,0,0,7,2008,COD,Abnorml,174000.0
1437,20,RL,60.0,9000.0,Pave,Reg,Lvl,AllPub,FR2,Gtl,NAmes,Norm,Norm,1Fam,1Story,4,6,1971,1971,Gable,CompShg,HdBoard,HdBoard,0.0,TA,TA,PConc,TA,TA,No,ALQ,616.0,Unf,0,248.0,864,GasA,TA,Y,SBrkr,864.0,0,0,864.0,0,0,1,0,3,1,TA,5,Typ,0,None,Detchd,1974.0,Unf,2,528.0,TA,TA,Y,0,0,0,0,0,0,0,5,2007,WD,Normal,120500.0
1438,20,RL,96.0,12444.0,Pave,Reg,Lvl,AllPub,FR2,Gtl,NridgHt,Norm,Norm,1Fam,1Story,8,5,2008,2008,Hip,CompShg,VinylSd,VinylSd,410.625,Ex,TA,PConc,Ex,TA,Av,GLQ,1336.0,Unf,0,596.0,1932,GasA,Ex,Y,SBrkr,1932.0,0,0,1932.0,1,0,2,0,2,1,Ex,7,Typ,1,Gd,Attchd,2008.0,Fin,3,774.0,TA,TA,Y,0,66,0,304,0,0,0,11,2008,New,Partial,340037.5
1439,20,RM,90.0,7407.0,Pave,Reg,Lvl,AllPub,Inside,Gtl,OldTown,Artery,Norm,1Fam,1Story,6,7,1957,1996,Gable,CompShg,MetalSd,MetalSd,0.0,TA,TA,CBlock,TA,TA,No,GLQ,600.0,Unf,0,312.0,912,GasA,TA,Y,FuseA,1236.0,0,0,1236.0,1,0,1,0,2,1,TA,6,Typ,0,None,Attchd,1957.0,Unf,2,923.0,TA,TA,Y,0,158,0,0,0,0,0,4,2010,WD,Normal,149700.0
1440,60,RL,80.0,11584.0,Pave,Reg,Lvl,AllPub,Inside,Gtl,NWAmes,Norm,Norm,1Fam,SLvl,7,6,1979,1979,Hip,CompShg,HdBoard,HdBoard,96.0,TA,TA,CBlock,TA,TA,No,GLQ,315.0,Rec,0,114.0,539,GasA,TA,Y,SBrkr,1040.0,685,0,1725.0,0,0,2,1,3,1,TA,6,Typ,1,TA,Attchd,1979.0,RFn,2,550.0,TA,TA,Y,0,88,0,0,0,0,0,11,2007,WD,Normal,197000.0
1441,70,RL,79.0,11526.0,Pave,IR1,Bnk,AllPub,Inside,Mod,Crawfor,Norm,Norm,1Fam,2.5Fin,6,7,1922,1994,Gable,CompShg,MetalSd,MetalSd,0.0,TA,TA,BrkTil,Ex,TA,No,Unf,0.0,Unf,0,588.0,588,GasA,Fa,Y,SBrkr,1423.0,748,384,2555.0,0,0,2,0,3,1,TA,11,Min1,1,Gd,Detchd,1993.0,Fin,2,672.0,TA,TA,Y,420,0,0,0,0,0,0,9,2008,WD,Normal,191000.0
1442,120,RM,70.0,4426.0,Pave,Reg,Lvl,AllPub,Inside,Gtl,CollgCr,Norm,Norm,TwnhsE,1Story,6,5,2004,2004,Gable,CompShg,VinylSd,VinylSd,147.0,Gd,TA,PConc,Gd,TA,Av,GLQ,697.0,Unf,0,151.0,848,GasA,Ex,Y,SBrkr,848.0,0,0,848.0,1,0,1,0,1,1,Gd,3,Typ,1,TA,Attchd,2004.0,RFn,2,420.0,TA,TA,Y,149,0,0,0,0,0,0,5,2008,WD,Normal,149300.0
1443,60,FV,85.0,11003.0,Pave,Reg,Lvl,AllPub,Inside,Gtl,Somerst,Norm,Norm,1Fam,2Story,10,5,2008,2008,Gable,CompShg,VinylSd,VinylSd,160.0,Ex,TA,PConc,Ex,TA,Av,GLQ,765.0,Unf,0,252.0,1017,GasA,Ex,Y,SBrkr,1026.0,981,0,2007.0,1,0,2,1,3,1,Ex,10,Typ,1,Ex,Attchd,2008.0,Fin,3,812.0,TA,TA,Y,168,52,0,0,0,0,0,4,2009,WD,Normal,310000.0
1444,30,RL,52.0,8854.0,Pave,Reg,Lvl,AllPub,Inside,Gtl,BrkSide,Norm,Norm,1Fam,1.5Unf,6,6,1916,1950,Gable,CompShg,Wd Sdng,Wd Sdng,0.0,TA,TA,BrkTil,TA,TA,No,Unf,0.0,Unf,0,952.0,952,Grav,Fa,N,FuseF,952.0,0,0,952.0,0,0,1,0,2,1,Fa,4,Typ,1,Gd,Detchd,1916.0,Unf,1,192.0,Fa,Po,P,0,98,0,0,0,0,0,5,2009,WD,Normal,121000.0
1445,20,RL,63.0,8500.0,Pave,Reg,Lvl,AllPub,FR2,Gtl,CollgCr,Norm,Norm,1Fam,1Story,7,5,2004,2004,Gable,CompShg,VinylSd,VinylSd,106.0,Gd,TA,PConc,Gd,TA,Av,Unf,0.0,Unf,0,1422.0,1422,GasA,Ex,Y,SBrkr,1422.0,0,0,1422.0,0,0,2,0,3,1,Gd,7,Typ,0,None,Attchd,2004.0,RFn,2,626.0,TA,TA,Y,192,60,0,0,0,0,0,11,2007,WD,Normal,179600.0
1446,85,RL,70.0,8400.0,Pave,Reg,Lvl,AllPub,Inside,Gtl,Sawyer,Norm,Norm,1Fam,SFoyer,6,5,1966,1966,Gable,CompShg,VinylSd,VinylSd,0.0,TA,TA,CBlock,TA,TA,Gd,LwQ,187.0,Rec,0,0.0,814,GasA,Gd,Y,SBrkr,913.0,0,0,913.0,1,0,1,0,3,1,TA,6,Typ,0,None,Detchd,1990.0,Unf,1,240.0,TA,TA,Y,0,0,0,0,0,0,0,5,2007,WD,Normal,129000.0
1447,20,RL,73.0,17673.5,Pave,IR1,Lvl,AllPub,CulDSac,Gtl,Mitchel,Norm,Norm,1Fam,1Story,5,7,1962,1962,Gable,CompShg,HdBoard,HdBoard,189.0,TA,TA,CBlock,TA,TA,No,Rec,593.0,Unf,0,595.0,1188,GasA,TA,Y,SBrkr,1188.0,0,0,1188.0,0,0,1,0,3,1,TA,6,Typ,0,None,Attchd,1962.0,Unf,1,312.0,TA,TA,P,261,39,0,0,0,0,0,4,2010,WD,Normal,157900.0
1448,60,RL,80.0,10000.0,Pave,Reg,Lvl,AllPub,Inside,Gtl,CollgCr,Norm,Norm,1Fam,2Story,8,5,1995,1996,Gable,CompShg,VinylSd,VinylSd,410.625,Gd,TA,PConc,Gd,TA,No,GLQ,1079.0,Unf,0,141.0,1220,GasA,Ex,Y,SBrkr,1220.0,870,0,2090.0,1,0,2,1,3,1,Gd,8,Typ,1,TA,Attchd,1995.0,RFn,2,556.0,TA,TA,Y,0,65,0,0,0,0,0,12,2007,WD,Normal,240000.0
1449,50,RL,70.0,11767.0,Pave,Reg,Lvl,AllPub,Inside,Gtl,Edwards,Norm,Norm,1Fam,2Story,4,7,1910,2000,Gable,CompShg,MetalSd,HdBoard,0.0,TA,TA,CBlock,Fa,TA,No,Unf,0.0,Unf,0,560.0,560,GasA,Gd,N,SBrkr,796.0,550,0,1346.0,0,0,1,1,2,1,TA,6,Min2,0,None,Detchd,1950.0,Unf,1,384.0,Fa,TA,Y,168,24,0,0,0,0,0,5,2007,WD,Normal,112000.0
1450,180,RM,30.0,1533.0,Pave,Reg,Lvl,AllPub,Inside,Gtl,MeadowV,Norm,Norm,Twnhs,SFoyer,5,7,1970,1970,Gable,CompShg,CemntBd,CmentBd,0.0,TA,TA,CBlock,Gd,TA,Av,GLQ,553.0,Unf,0,77.0,630,GasA,Ex,Y,SBrkr,630.0,0,0,630.0,1,0,1,0,1,1,Ex,3,Typ,0,None,None,1893.5,None,0,0.0,None,None,Y,0,0,0,0,0,0,0,8,2006,WD,Abnorml,92000.0
1451,90,RL,60.0,9000.0,Pave,Reg,Lvl,AllPub,FR2,Gtl,NAmes,Norm,Norm,Duplex,2Story,5,5,1974,1974,Gable,CompShg,VinylSd,VinylSd,0.0,TA,TA,CBlock,Gd,TA,No,Unf,0.0,Unf,0,896.0,896,GasA,TA,Y,SBrkr,896.0,896,0,1792.0,0,0,2,2,4,2,TA,8,Typ,0,None,None,1893.5,None,0,0.0,None,None,Y,32,45,0,0,0,0,0,9,2009,WD,Normal,136000.0
1452,20,RL,78.0,9262.0,Pave,Reg,Lvl,AllPub,Inside,Gtl,Somerst,Norm,Norm,1Fam,1Story,8,5,2008,2009,Gable,CompShg,CemntBd,CmentBd,194.0,Gd,TA,PConc,Gd,TA,No,Unf,0.0,Unf,0,1573.0,1573,GasA,Ex,Y,SBrkr,1578.0,0,0,1578.0,0,0,2,0,3,1,Ex,7,Typ,1,Gd,Attchd,2008.0,Fin,3,840.0,TA,TA,Y,0,36,0,0,0,0,0,5,2009,New,Partial,287090.0
1453,180,RM,35.0,3675.0,Pave,Reg,Lvl,AllPub,Inside,Gtl,Edwards,Norm,Norm,TwnhsE,SLvl,5,5,2005,2005,Gable,CompShg,VinylSd,VinylSd,80.0,TA,TA,PConc,Gd,TA,Gd,GLQ,547.0,Unf,0,0.0,547,GasA,Gd,Y,SBrkr,1072.0,0,0,1072.0,1,0,1,0,2,1,TA,5,Typ,0,None,Basment,2005.0,Fin,2,525.0,TA,TA,Y,0,28,0,0,0,0,0,5,2006,WD,Normal,145000.0
1454,20,RL,90.0,17217.0,Pave,Reg,Lvl,AllPub,Inside,Gtl,Mitchel,Norm,Norm,1Fam,1Story,5,5,2006,2006,Gable,CompShg,VinylSd,VinylSd,0.0,TA,TA,PConc,Gd,TA,No,Unf,0.0,Unf,0,1140.0,1140,GasA,Ex,Y,SBrkr,1140.0,0,0,1140.0,0,0,1,0,3,1,TA,6,Typ,0,None,None,1893.5,None,0,0.0,None,None,Y,36,56,0,0,0,0,0,7,2006,WD,Abnorml,84500.0
1455,20,FV,62.0,7500.0,Pave,Reg,Lvl,AllPub,Inside,Gtl,Somerst,Norm,Norm,1Fam,1Story,7,5,2004,2005,Gable,CompShg,VinylSd,VinylSd,0.0,Gd,TA,PConc,Gd,TA,No,GLQ,410.0,Unf,0,811.0,1221,GasA,Ex,Y,SBrkr,1221.0,0,0,1221.0,1,0,2,0,2,1,Gd,6,Typ,0,None,Attchd,2004.0,RFn,2,400.0,TA,TA,Y,0,113,0,0,0,0,0,10,2009,WD,Normal,185000.0
1456,60,RL,62.0,7917.0,Pave,Reg,Lvl,AllPub,Inside,Gtl,Gilbert,Norm,Norm,1Fam,2Story,6,5,1999,2000,Gable,CompShg,VinylSd,VinylSd,0.0,TA,TA,PConc,Gd,TA,No,Unf,0.0,Unf,0,953.0,953,GasA,Ex,Y,SBrkr,953.0,694,0,1647.0,0,0,2,1,3,1,TA,7,Typ,1,TA,Attchd,1999.0,RFn,2,460.0,TA,TA,Y,0,40,0,0,0,0,0,8,2007,WD,Normal,175000.0
1457,20,RL,85.0,13175.0,Pave,Reg,Lvl,AllPub,Inside,Gtl,NWAmes,Norm,Norm,1Fam,1Story,6,6,1978,1988,Gable,CompShg,Plywood,Plywood,119.0,TA,TA,CBlock,Gd,TA,No,ALQ,790.0,Rec,0,589.0,1542,GasA,TA,Y,SBrkr,2073.0,0,0,2073.0,1,0,2,0,3,1,TA,7,Min1,2,TA,Attchd,1978.0,Unf,2,500.0,TA,TA,Y,349,0,0,0,0,0,0,2,2010,WD,Normal,210000.0
1458,70,RL,66.0,9042.0,Pave,Reg,Lvl,AllPub,Inside,Gtl,Crawfor,Norm,Norm,1Fam,2Story,7,9,1941,2006,Gable,CompShg,CemntBd,CmentBd,0.0,Ex,Gd,Stone,TA,Gd,No,GLQ,275.0,Unf,0,877.0,1152,GasA,Ex,Y,SBrkr,1188.0,1152,0,2340.0,0,0,2,0,4,1,Gd,9,Typ,2,Gd,Attchd,1941.0,RFn,1,252.0,TA,TA,Y,0,60,0,0,0,0,2500,5,2010,WD,Normal,266500.0
1459,20,RL,68.0,9717.0,Pave,Reg,Lvl,AllPub,Inside,Gtl,NAmes,Norm,Norm,1Fam,1Story,5,6,1950,1996,Hip,CompShg,MetalSd,MetalSd,0.0,TA,TA,CBlock,TA,TA,Mn,GLQ,49.0,Rec,0,0.0,1078,GasA,Gd,Y,FuseA,1078.0,0,0,1078.0,1,0,1,0,2,1,Gd,5,Typ,0,None,Attchd,1950.0,Unf,1,240.0,TA,TA,Y,366,0,0,0,0,0,0,4,2010,WD,Normal,142125.0
1460,20,RL,75.0,9937.0,Pave,Reg,Lvl,AllPub,Inside,Gtl,Edwards,Norm,Norm,1Fam,1Story,5,6,1965,1965,Gable,CompShg,HdBoard,HdBoard,0.0,Gd,TA,CBlock,TA,TA,No,BLQ,830.0,LwQ,0,136.0,1256,GasA,Gd,Y,SBrkr,1256.0,0,0,1256.0,1,0,1,1,3,1,TA,6,Typ,0,None,Attchd,1965.0,Fin,1,276.0,TA,TA,Y,420,68,0,0,0,0,0,6,2008,WD,Normal,147500.0
