id,name,released,rating,ratings_count,metacritic,playtime,genres
3498,Grand Theft Auto V,2013-09-17,4.47,7441,92.0,74,Action
3328,The Witcher 3: Wild Hunt,2015-05-18,4.64,7276,92.0,43,"Action, RPG"
4200,Portal 2,2011-04-18,4.57,6140,95.0,11,"Shooter, Puzzle"
4291,Counter-Strike: Global Offensive,2012-08-21,3.57,3645,81.0,64,Shooter
13536,Portal,2007-10-09,4.49,5055,90.0,4,"Action, Puzzle"
5286,Tomb Raider,2013-03-05,4.06,4114,86.0,10,Action
12020,Left 4 Dead 2,2009-11-17,4.1,3416,89.0,9,"Action, Shooter"
28,Red Dead Redemption 2,2018-10-26,4.59,5568,96.0,21,Action
5679,The Elder Scrolls V: Skyrim,2011-11-11,4.42,4957,94.0,46,"Action, RPG"
13537,Half-Life 2,2004-11-16,4.47,4122,96.0,7,"Action, Shooter"
4062,BioShock Infinite,2013-03-26,4.38,4186,94.0,12,"Action, Shooter"
802,Borderlands 2,2012-09-18,4.01,3328,89.0,11,"Action, Shooter, RPG"
3439,Life is Strange,2015-01-29,4.12,3783,83.0,6,Adventure
4286,BioShock,2007-08-21,4.36,3375,96.0,3,"Action, Shooter"
58175,God of War (2018),2018-04-20,4.54,5213,94.0,15,Action
32,Destiny 2,2017-09-06,3.52,2673,82.0,6,"Action, Shooter"
3070,Fallout 4,2015-11-09,3.81,3446,84.0,38,"Action, RPG"
1030,Limbo,2010-07-21,4.14,3412,88.0,3,"Action, Adventure, Indie, Puzzle, Platformer"
3939,PAYDAY 2,2013-08-13,3.52,2248,79.0,9,"Action, Shooter"
2454,DOOM (2016),2016-05-12,4.38,3642,85.0,10,"Action, Shooter"
41494,Cyberpunk 2077,2020-12-10,4.23,3061,73.0,29,"Action, Shooter, RPG"
11859,Team Fortress 2,2007-10-10,3.68,2937,92.0,8,"Action, Shooter"
422,Terraria,2011-05-16,4.08,2481,81.0,15,"Action, Indie, Platformer"
4459,Grand Theft Auto IV,2008-04-29,4.26,3125,95.0,10,"Action, Adventure"
10213,Dota 2,2013-07-09,3.07,2866,90.0,14,"Action, Massively Multiplayer"
766,Warframe,2013-03-25,3.42,2118,73.0,8,"Action, Shooter, RPG, Massively Multiplayer"
3272,Rocket League,2015-07-07,3.93,2869,86.0,21,"Sports, Racing, Indie"
278,Horizon Zero Dawn,2017-02-28,4.27,3785,89.0,11,"Action, RPG"
29028,Metro 2033,2010-03-16,3.94,2299,79.0,2,"Action, Shooter"
7689,Rise of the Tomb Raider,2015-11-10,4.04,2821,86.0,14,Action
3287,Batman: Arkham Knight,2015-06-23,4.24,2697,81.0,19,Action
416,Grand Theft Auto: San Andreas,2004-10-26,4.5,4106,93.0,2,Action
3192,Metal Gear Solid V: The Phantom Pain,2015-09-01,4.16,2539,91.0,22,"Action, Shooter"
16944,The Witcher 2: Assassins of Kings Enhanced Edition,2012-04-16,4.17,2185,88.0,7,RPG
290856,Apex Legends,2019-02-04,3.63,2423,80.0,5,"Action, Shooter"
9767,Hollow Knight,2017-02-23,4.4,2772,88.0,7,"Action, Indie, Platformer"
17822,The Witcher: Enhanced Edition Director's Cut,2008-09-16,4.06,2056,86.0,5,"Action, RPG"
11973,Middle-earth: Shadow of Mordor,2014-09-30,3.91,2569,85.0,13,"Action, RPG"
23027,The Walking Dead: Season 1,2012-04-23,4.36,2497,92.0,8,"Action, Adventure"
41,Little Nightmares,2017-04-27,4.03,1647,81.0,3,"Action, Adventure, Platformer"
19103,Half-Life 2: Lost Coast,2005-10-27,3.46,1173,,1,Action
4427,BioShock 2,2010-02-09,4.07,1966,88.0,3,"Action, Shooter"
18080,Half-Life,1998-11-19,4.38,2454,96.0,3,"Action, Shooter"
19710,Half-Life 2: Episode One,2006-06-01,4.38,2074,87.0,4,"Action, Shooter"
19709,Half-Life 2: Episode Two,2007-10-10,4.46,2026,90.0,5,"Action, Shooter, Puzzle"
2551,Dark Souls III,2016-04-11,4.4,2803,89.0,29,"Action, RPG"
11936,Half-Life 2: Deathmatch,2004-11-01,3.29,907,,1,Action
654,Stardew Valley,2016-02-25,4.39,2484,89.0,13,"RPG, Simulation, Indie"
4252,Mirror's Edge,2008-11-11,4.07,2385,81.0,3,Action
3612,Hotline Miami,2012-10-22,4.38,2664,85.0,5,"Action, Shooter, Arcade, Indie"
10754,BioShock Remastered,2016-09-15,4.24,1430,,4,Shooter
10035,Hitman,2016-03-11,3.93,2037,83.0,7,"Action, Shooter, Simulation"
3790,Outlast,2013-09-03,3.76,1870,80.0,3,"Action, Indie"
4161,Far Cry 3,2012-11-28,4.26,3017,88.0,16,"Action, Shooter"
1447,Deus Ex: Mankind Divided,2016-08-22,3.96,2022,83.0,7,"Action, RPG"
10142,PlayerUnknown’s Battlegrounds,2017-12-20,3.28,2010,81.0,29,"Action, Shooter, Massively Multiplayer"
10533,Path of Exile,2013-10-23,3.65,1647,86.0,6,"Action, RPG, Massively Multiplayer, Indie"
58134,Marvel's Spider-Man,2018-09-07,4.45,3751,87.0,6,Action
19487,Alan Wake,2010-05-14,4.09,2300,83.0,5,"Action, Shooter, Adventure"
29177,Detroit: Become Human,2018-05-25,4.34,3354,79.0,10,"Action, Adventure"
3696,Wolfenstein: The New Order,2014-05-19,4.18,2524,81.0,12,"Action, Shooter"
9721,Garry's Mod,2004-12-24,3.81,1610,,14,"Action, Adventure, Simulation, Casual, Indie"
13668,Amnesia: The Dark Descent,2010-09-08,3.65,1239,85.0,2,"Action, Adventure, Indie"
4332,Spec Ops: The Line,2012-06-26,4.1,1955,76.0,5,"Action, Shooter"
11935,Half-Life Deathmatch: Source,2006-05-01,3.21,727,,1,Action
4386,Saints Row: The Third,2011-11-15,3.95,2079,84.0,14,"Action, Adventure"
5563,Fallout: New Vegas,2010-10-19,4.43,2651,84.0,12,"Action, Shooter, RPG"
39,Prey,2017-05-05,4.28,2249,80.0,10,"Action, Shooter, RPG"
4828,Borderlands,2009-10-20,3.82,2126,81.0,10,"Action, Shooter, RPG"
12447,The Elder Scrolls V: Skyrim Special Edition,2016-10-27,4.45,1971,74.0,9,"Action, RPG"
864,Dishonored 2,2016-11-10,4.26,2038,86.0,12,"Action, RPG"
4248,Dishonored,2012-09-25,4.38,2750,91.0,9,"Action, Adventure, RPG"
9882,Don't Starve Together,2016-04-21,3.77,1403,83.0,7,"Action, Simulation, Indie"
430,Grand Theft Auto: Vice City,2002-10-27,4.44,3128,94.0,2,Action
12536,Hellblade: Senua's Sacrifice,2017-08-07,4.22,2317,83.0,6,"Action, Adventure, Indie"
10243,Company of Heroes 2,2013-06-25,3.1,875,80.0,4,Strategy
17540,Injustice: Gods Among Us Ultimate Edition,2013-11-12,3.53,1428,80.0,5,"Action, Arcade, Fighting"
3841,Assassin’s Creed IV: Black Flag,2013-10-29,4.16,2669,85.0,25,Action
5583,Hitman: Absolution,2012-11-19,3.76,1656,79.0,7,"Action, Shooter"
13633,Sid Meier's Civilization V,2010-09-21,4.29,2033,90.0,27,Strategy
58812,Control,2019-08-27,4.14,2063,84.0,6,"Action, Shooter, Adventure"
4514,L.A. Noire,2011-05-17,4.16,2080,83.0,7,"Action, Adventure"
3144,Super Meat Boy,2010-10-20,3.98,1778,87.0,3,"Indie, Platformer"
257201,Star Wars Jedi: Fallen Order,2019-11-15,4.13,2293,80.0,8,"Action, Adventure"
362,For Honor,2017-02-13,3.3,1684,76.0,8,"Action, Massively Multiplayer"
2462,Uncharted 4: A Thief’s End,2016-05-10,4.48,3767,93.0,0,"Action, Shooter"
4570,Dead Space (2008),2008-10-13,4.39,2218,86.0,3,"Action, Shooter"
11934,Counter-Strike: Source,2004-11-01,3.75,1530,88.0,7,Shooter
4806,Mass Effect 2,2010-01-26,4.45,3100,94.0,22,"Action, RPG"
50738,Death Stranding,2019-11-08,4.31,2119,84.0,11,"Action, Adventure"
3017,Just Cause 3,2015-11-30,3.4,1591,74.0,7,"Action, Shooter"
3604,Metro: Last Light Redux,2014-08-25,4.13,1707,76.0,7,"Action, Shooter"
3603,Metro 2033 Redux,2014-08-25,4.1,1934,88.0,6,"Action, Shooter"
19301,Counter-Strike,2000-11-01,4.06,1655,88.0,3,"Action, Shooter"
3543,Borderlands: The Pre-Sequel,2014-10-13,3.57,1386,75.0,6,"Action, Shooter, RPG"
13535,Left 4 Dead,2008-11-17,4.11,1701,89.0,5,"Action, Shooter"
11142,BioShock 2 Remastered,2016-09-15,4.0,1014,,4,"Action, RPG"
274755,Hades,2020-09-17,4.42,2119,93.0,10,"Action, Adventure, RPG, Indie"
3747,Metal Gear Solid V: Ground Zeroes,2014-03-18,3.91,1720,80.0,3,"Action, Shooter"
10141,NieR:Automata,2017-03-17,4.37,2186,86.0,13,"Action, RPG"
22509,Minecraft,2009-05-10,4.43,3168,83.0,26,"Action, Simulation, Arcade, Massively Multiplayer, Indie"
108,Mortal Kombat X,2015-04-07,3.86,2115,76.0,7,"Action, Fighting"
4166,Mass Effect,2007-11-16,4.39,2713,89.0,9,"Action, RPG"
3636,The Last Of Us Remastered,2014-07-29,4.69,2858,95.0,16,"Action, Adventure"
4513,Just Cause 2,2010-03-23,3.62,1368,84.0,3,"Action, Shooter"
326292,Fall Guys: Ultimate Knockout,2020-08-04,3.74,1359,80.0,6,"Action, Sports, Casual, Massively Multiplayer, Indie"
11147,ARK: Survival Of The Fittest,2016-03-15,2.6,523,,1,"Action, RPG, Strategy, Massively Multiplayer, Indie"
46889,Monster Hunter: World,2018-01-26,4.0,1640,89.0,15,"Action, Adventure, RPG"
3191,Mad Max,2015-08-31,3.78,1764,73.0,11,"Action, Adventure"
480,Resident Evil 7: Biohazard,2017-01-23,4.33,2000,85.0,10,"Action, Shooter, Adventure"
25,Middle-earth: Shadow of War,2017-09-27,3.86,1391,82.0,13,"Action, RPG"
613,Bastion,2011-07-20,4.15,1672,86.0,4,"Action, Adventure, RPG, Indie"
923,Titanfall 2,2016-10-28,4.32,2086,87.0,5,"Action, Shooter"
17576,Batman: Arkham City - Game of the Year Edition,2012-09-07,4.4,1475,91.0,9,"Action, Adventure"
10989,Paladins,2016-09-15,3.08,1424,78.0,6,"Action, Shooter"
9810,ARK: Survival Evolved,2015-06-02,3.08,675,70.0,6,"Action, Adventure, RPG, Massively Multiplayer, Indie"
3387,Bloodborne,2015-03-24,4.41,2464,92.0,12,"Action, RPG"
10065,Cities: Skylines,2015-03-10,4.12,1539,85.0,9,"Strategy, Simulation"
3254,Journey,2012-03-13,4.32,2470,92.0,2,"Adventure, Family, Indie"
13627,Undertale,2015-09-14,4.35,1900,92.0,5,"RPG, Indie"
17572,Batman: Arkham Asylum Game of the Year Edition,2010-03-26,4.39,1586,91.0,8,"Action, Adventure, Platformer"
9743,Unturned,2014-07-07,2.73,1124,,3,"Action, Shooter"
45969,Warhammer: Vermintide 2,2018-03-08,3.61,779,82.0,7,"Action, Indie"
23585,Far Cry 5,2018-03-27,3.72,2196,80.0,19,"Action, Shooter"
13910,XCOM: Enemy Unknown,2012-10-09,4.2,1595,89.0,13,Strategy
13554,Fallout,1997-09-30,4.21,1233,,1,RPG
1416,Mafia II,2010-08-24,4.25,2221,77.0,13,"Action, Shooter"
18240,Brothers: A Tale of Two Sons,2013-08-07,4.18,1645,90.0,3,"Action, Adventure, Indie"
3687,Watch Dogs,2014-05-27,3.6,2231,77.0,16,"Action, Adventure"
2743,Heavy Rain,2010-02-17,4.12,2490,80.0,5,"Action, Adventure"
51329,Shadow of the Tomb Raider,2018-09-14,3.92,1665,78.0,10,"Action, Adventure"
50734,Sekiro: Shadows Die Twice,2019-03-22,4.38,2148,90.0,16,"Action, RPG"
1450,INSIDE,2016-06-28,4.38,2600,87.0,4,"Action, Adventure, Indie, Puzzle, Platformer"
5525,Brutal Legend,2009-10-12,3.64,1096,80.0,5,"Action, Strategy"
28201,Metro Exodus,2019-02-13,4.17,1717,81.0,6,"Action, Shooter"
28179,SEGA Mega Drive and Genesis Classics,2010-06-01,2.99,572,76.0,2,"Action, Adventure, RPG, Fighting, Platformer"
2361,Psychonauts,2005-04-01,4.05,985,87.0,4,"Action, Platformer"
4280,Max Payne 3,2012-05-15,4.26,1947,87.0,10,"Action, Shooter"
9830,Brawlhalla,2014-04-30,3.22,1114,,2,"Action, Casual, Fighting, Indie"
2819,Firewatch,2016-02-08,4.3,2511,81.0,5,"Adventure, Indie"
58616,Assassin's Creed Odyssey,2018-10-05,3.97,2112,85.0,31,"Action, RPG"
28568,Assassin's Creed II,2009-11-17,4.43,2986,89.0,14,Action
2093,No Man's Sky,2016-08-09,3.71,1591,75.0,15,"Action, Adventure, RPG, Simulation, Massively Multiplayer, Indie"
3931,Saints Row IV,2013-08-20,3.82,1647,86.0,13,"Action, Adventure"
8488,Tom Clancy's Rainbow Six Siege,2015-12-01,3.88,1523,75.0,32,"Action, Shooter"
3556,Alien: Isolation,2014-10-05,4.21,1474,81.0,4,"Action, Adventure"
326243,Elden Ring,2022-02-25,4.38,1498,95.0,62,"Action, RPG"
262382,Disco Elysium,2019-10-14,4.37,1364,91.0,6,"Adventure, RPG, Indie"
28154,Cuphead,2017-09-29,4.37,2050,87.0,6,"Action, Indie, Platformer"
4223,The Darkness II,2012-02-07,3.71,1127,77.0,3,Action
58654,Hitman 2,2018-11-13,4.04,1228,83.0,5,"Action, Shooter"
2235,Batman: Arkham Origins,2013-10-25,3.95,1601,74.0,12,Action
3678,War Thunder,2013-08-15,3.19,1043,81.0,6,"Action, Shooter, Massively Multiplayer"
4502,Darksiders,2010-01-05,3.76,1218,83.0,3,Action
28153,Assassin's Creed Origins,2017-10-27,3.96,2120,81.0,28,"Action, RPG"
58777,DOOM Eternal,2020-03-19,4.37,1433,86.0,12,"Action, Shooter"
11052,Titan Quest Anniversary Edition,2016-08-31,3.78,799,,5,"Action, RPG"
356714,Among Us,2018-07-25,3.83,1350,82.0,5,"Action, Simulation, Casual"
58751,Halo Infinite,2021-12-08,3.64,728,84.0,2,"Action, Shooter, Adventure"
10340,Crusader Kings II,2012-02-13,3.61,752,82.0,3,"Strategy, Simulation"
1682,The Wolf Among Us,2013-10-10,4.38,2187,82.0,9,Adventure
1010,Transistor,2014-05-20,4.16,1473,83.0,4,"Action, RPG, Indie"
998,Battlefield 1,2016-10-21,3.84,1984,88.0,6,"Action, Shooter"
3876,Deus Ex: Human Revolution - Director's Cut,2013-10-22,4.3,1381,91.0,6,"Action, RPG"
3497,Far Cry 4,2014-11-18,3.82,1951,80.0,17,Shooter
2792,Layers of Fear,2016-02-16,3.54,1121,72.0,3,"Adventure, Indie"
4003,GRID 2,2013-05-27,3.3,831,80.0,3,"Racing, Arcade"
13461,Resident Evil 5,2009-03-05,3.82,1652,86.0,11,"Action, Shooter"
1256,XCOM 2,2016-02-04,4.1,1317,88.0,15,"RPG, Strategy"
17959,Ori and the Blind Forest: Definitive Edition,2016-04-27,4.42,1729,88.0,6,"Adventure, Platformer"
15002,The Stanley Parable,2013-10-17,4.37,2039,88.0,3,"Adventure, Indie"
18613,Counter-Strike: Condition Zero,2004-03-01,3.14,827,65.0,1,Action
4527,Call of Duty: Modern Warfare 2,2009-11-10,4.27,2088,86.0,22,Shooter
12024,Insurgency,2014-01-22,3.42,971,74.0,4,"Action, Shooter, Indie"
4599,Saints Row 2,2008-10-14,3.57,898,78.0,2,"Action, Shooter"
22571,Black Desert Online,2014-12-01,2.92,655,73.0,4,"Action, Adventure, RPG, Strategy, Simulation, Massively Multiplayer"
28172,Kingdom Come: Deliverance,2018-02-13,4.05,1486,71.0,10,"Action, Adventure, RPG"
13305,Assassin’s Creed III,2012-10-30,3.75,2196,80.0,22,Action
4544,Red Dead Redemption,2010-05-18,4.41,2234,95.0,6,"Action, Shooter"
10297,Sid Meier’s Civilization VI,2016-10-20,4.16,1437,88.0,15,"Strategy, Simulation"
51325,The Last of Us Part II,2020-06-19,4.41,2050,93.0,0,"Action, Shooter, Adventure"
19590,Ori and the Blind Forest,2015-03-10,4.37,1540,88.0,6,"Adventure, Platformer"
13268,Amnesia: A Machine for Pigs,2013-09-09,3.23,686,72.0,2,"Action, Adventure, Indie"
10560,Total War: SHOGUN 2,2011-03-14,3.63,633,90.0,5,Strategy
3853,Trine 2: Complete Story,2013-06-05,3.72,899,84.0,4,"Action, Indie, Puzzle, Platformer"
3168,SOMA,2015-09-21,4.17,1447,84.0,6,"Action, Adventure, Indie"
11435,Viscera Cleanup Detail: Shadow Warrior,2013-09-26,2.59,577,,2,"Action, Simulation, Indie"
10061,Watch Dogs 2,2016-11-28,3.84,1781,79.0,17,"Action, Adventure"
3766,Thief,2014-02-25,3.26,1284,70.0,5,"Action, Adventure"
1090,This War of Mine,2014-11-14,4.07,1254,83.0,4,"Adventure, Simulation, Indie"
3990,The Last Of Us,2013-06-14,4.54,3414,95.0,15,"Action, Adventure"
4013,Call of Juarez: Gunslinger,2013-05-14,3.81,849,79.0,5,"Action, Shooter"
432,Grand Theft Auto III,2001-10-22,4.16,1652,93.0,1,"Action, Shooter"
11726,Dead Cells,2018-08-07,4.23,1753,88.0,10,"Action, RPG, Indie, Platformer"
28202,Wolfenstein II: The New Colossus,2017-10-25,4.09,1779,86.0,11,"Action, Shooter"
1358,"Papers, Please",2013-08-08,4.37,1786,85.0,4,"Simulation, Educational, Indie, Puzzle"
906,Call of Duty: Black Ops III,2015-11-06,3.27,1511,73.0,16,"Action, Shooter"
17352,Killing Floor,2009-05-14,3.45,856,72.0,5,Action
952,Shadowrun Returns,2013-07-24,3.5,732,76.0,4,"RPG, Strategy, Indie"
10073,Divinity: Original Sin 2,2017-09-14,4.38,1688,95.0,22,"RPG, Strategy"
10548,Darksiders Warmastered Edition,2016-11-29,3.68,940,79.0,5,"Action, RPG"
18272,Magicka,2011-01-25,3.79,1092,74.0,5,"Action, RPG"
3474,Lara Croft and the Temple of Osiris,2014-12-08,3.09,654,73.0,2,"Action, Adventure, Puzzle"
43877,Quake Champions,2017-08-22,3.26,1020,,2,"Action, Shooter"
10419,Subnautica,2018-01-23,4.24,1490,83.0,10,"Adventure, Indie"
59359,A Plague Tale: Innocence,2019-05-13,4.14,1544,82.0,7,"Action, Adventure"
28492,Dead Island,2011-09-06,3.48,1367,74.0,7,"Action, Shooter, RPG"
3757,South Park: The Stick of Truth,2014-03-04,4.22,1724,84.0,12,"Adventure, RPG"
559,Fallout Shelter,2015-06-15,3.43,1540,63.0,3,"RPG, Simulation"
56184,Resident Evil 4 (2005),2005-01-11,4.4,1862,83.0,5,"Action, Shooter"
8146,Assassin's Creed Unity,2014-11-11,3.63,1726,71.0,14,Action
3740,FEZ,2012-04-13,4.01,1179,91.0,2,"Action, Adventure, Indie, Puzzle, Platformer"
1244,Darkest Dungeon,2016-01-18,4.17,1363,84.0,8,"RPG, Strategy, Indie"
19542,Half-Life: Blue Shift,2001-06-01,3.73,762,71.0,2,"Action, Shooter"
15859,Star Wars: Knights of the Old Republic,2003-07-15,4.35,1482,88.0,2,"Action, RPG"
21265,Half-Life: Opposing Force,1999-11-19,3.87,748,,3,"Action, Shooter"
14348,Dying Light: The Following - Enhanced Edition,2015-01-26,4.13,1113,87.0,17,"Action, RPG"
4954,Castle Crashers,2008-08-27,3.89,1219,84.0,4,"Action, Indie"
2572,DiRT Rally,2015-12-07,3.68,674,86.0,4,"Simulation, Sports, Racing"
865,Call of Duty: Black Ops,2010-11-09,4.06,1875,81.0,9,"Action, Shooter"
4639,Dragon Age: Origins,2009-11-03,4.39,1992,91.0,7,RPG
9475,Don't Starve,2013-04-22,3.85,1133,79.0,4,Indie
857,Halo: The Master Chief Collection,2014-11-11,4.25,1093,85.0,7,"Action, Adventure"
19384,The Binding of Isaac,2011-09-28,3.91,1190,84.0,5,"Action, RPG, Indie"
3015,Chivalry: Medieval Warfare,2012-10-16,3.41,840,79.0,4,"Action, Indie"
18241,DmC: Devil May Cry,2013-01-15,4.02,1570,85.0,6,"Action, Adventure"
3486,Syberia,2002-01-09,3.94,803,82.0,3,"Adventure, Puzzle"
6617,Quantum Break,2016-04-05,3.91,1353,66.0,6,"Action, Shooter"
4550,Dead Space 2,2011-01-25,4.38,1410,87.0,5,"Action, Shooter"
28623,Batman: Arkham City,2011-10-18,4.4,2193,94.0,20,Action
16112,Sleeping Dogs: Definitive Edition,2014-10-08,4.15,1192,76.0,6,"Action, Adventure"
5562,Fallout 3,2008-10-28,4.08,1962,91.0,4,"Shooter, RPG"
58755,Devil May Cry 5,2019-03-08,4.25,1545,88.0,9,Action
3932,The Bureau: XCOM Declassified,2013-08-20,3.05,658,66.0,3,"Action, Shooter"
3771,Rayman Legends,2013-08-29,4.16,1568,89.0,5,Platformer
3028,Beyond: Two Souls,2013-10-07,3.81,1793,73.0,4,"Action, Adventure"
492,Yakuza 0,2015-03-12,4.36,1150,85.0,8,"Action, RPG"
29338,Days Gone,2019-04-26,3.98,1411,74.0,10,Action
17875,Guacamelee! Super Turbo Championship Edition,2014-07-01,3.55,821,86.0,3,"Action, Indie, Platformer"
1169,Mafia III,2016-10-06,3.14,1384,62.0,9,"Action, Adventure"
7819,SUPERHOT,2016-02-24,4.2,1554,82.0,4,"Action, Shooter, Indie"
3842,Battlefield 4,2013-10-29,3.95,1619,81.0,6,Shooter
42,What Remains of Edith Finch,2017-04-23,4.38,2047,89.0,3,"Adventure, Indie"
42187,The Sims 4,2014-09-02,3.67,1169,67.0,4,"Strategy, Simulation, Casual"
17126,Torchlight II,2012-09-20,3.84,1074,88.0,10,"Action, RPG"
817974,Wallpaper Engine,2016-10-10,4.05,263,,13,Casual
1959,Goat Simulator,2014-04-01,3.18,1200,62.0,3,"Action, Simulation, Casual, Indie"
5703,Uncharted 3: Drake's Deception,2011-11-01,4.37,1958,92.0,12,Action
21924,Call of Duty: WWII,2017-11-03,3.55,1189,77.0,6,"Action, Shooter"
28199,Ori and the Will of the Wisps,2020-03-10,4.41,1322,91.0,11,"Action, Adventure, Platformer"
3408,Hotline Miami 2: Wrong Number,2015-03-09,4.28,1336,72.0,7,"Action, Shooter, Arcade, Indie"
2623,Resident Evil 6,2012-10-02,3.43,1287,67.0,8,"Action, Shooter"
19365,Homefront,2011-03-15,2.96,821,70.0,2,Shooter
3892,Sniper Elite V2,2012-05-01,3.4,853,66.0,4,"Action, Shooter"
5159,Resident Evil 2 (1998),1998-01-21,4.33,938,90.0,13,Action
22511,The Legend of Zelda: Breath of the Wild,2017-03-03,4.47,3222,97.0,121,"Action, Adventure, RPG"
1774,Grim Fandango Remastered,2015-01-26,4.0,908,84.0,5,"Adventure, Puzzle"
28559,Dragon Age: Inquisition,2014-11-18,3.79,1569,86.0,4,"Action, RPG, Strategy"
274762,The Outer Worlds,2019-10-25,3.85,1492,80.0,8,"Action, Shooter, Adventure, RPG"
2873,The Witness,2016-01-25,4.01,1287,87.0,4,"Adventure, Indie, Puzzle"
9609,Euro Truck Simulator 2,2012-10-19,4.13,925,79.0,12,"Simulation, Indie"
11276,Call of Duty: Modern Warfare 3,2011-11-08,3.79,1657,85.0,8,"Action, Shooter"
2733,Broforce,2015-10-15,4.02,1318,83.0,6,"Action, Indie, Platformer"
9600,The Forest,2018-04-30,3.74,940,,8,"Action, Adventure, Indie"
624,FTL: Faster Than Light,2012-09-14,4.25,966,84.0,6,"Strategy, Simulation, Indie"
11686,POSTAL 2,2003-04-13,3.91,1078,59.0,4,"Action, Shooter, Adventure, Indie"
58753,Forza Horizon 4,2018-10-02,4.37,1656,90.0,13,"Racing, Arcade"
16209,Kingdom: Classic,2015-09-21,3.4,583,74.0,4,"Strategy, Simulation, Indie"
15834,The Walking Dead: Season 2,2013-12-16,4.06,1480,80.0,10,"Action, Adventure"
23322,Surviving Mars,2018-03-14,3.46,468,75.0,4,"Strategy, Simulation"
58617,Borderlands 3,2019-09-13,3.87,980,83.0,11,"Action, Shooter, Adventure, RPG"
3371,Dark Souls II: Scholar of the First Sin,2015-04-01,4.14,1228,79.0,25,"Action, RPG"
4440,Deus Ex: Human Revolution,2011-08-22,4.36,1555,89.0,17,"Action, RPG"
22781,Syberia 2,2004-03-30,3.89,579,80.0,5,"Adventure, Puzzle"
16113,Sleeping Dogs,2012-08-14,4.14,1337,81.0,14,"Action, Adventure"
22121,Celeste,2018-01-25,4.37,1713,91.0,6,"Indie, Platformer"
4101,Bayonetta,2009-06-23,4.3,1160,90.0,5,"Action, Adventure"
18336,Alan Wake's American Nightmare,2012-02-22,3.41,830,73.0,3,"Action, Shooter"
13194,To the Moon,2011-01-10,4.29,1146,81.0,4,"Action, Adventure, RPG, Casual, Indie"
14446,Call of Duty: Black Ops II,2012-11-13,3.96,1443,74.0,5,"Action, Shooter"
16343,A Story About My Uncle,2014-05-28,3.15,644,73.0,3,"Adventure, Arcade, Casual, Indie, Platformer"
45821,Frostpunk,2018-04-24,4.19,1071,85.0,6,"Strategy, Simulation"
752,SMITE,2015-08-19,3.05,803,83.0,3,Action
2728,Tom Clancy’s The Division,2016-03-07,3.7,1348,80.0,27,"Action, Shooter, RPG"
306124,Borderlands Game of the Year Enhanced,2019-04-03,3.8,1038,78.0,3,"Action, Shooter, RPG"
58550,Ghost of Tsushima,2020-07-17,4.41,1169,83.0,0,"Action, Adventure, RPG"
20406,Team Fortress Classic,1999-04-01,2.92,386,,1,"Action, Shooter, Massively Multiplayer"
4123,Batman: Arkham Asylum,2009-08-25,4.4,2353,91.0,13,Action
15426,Black Mesa,2020-03-06,4.35,1076,86.0,6,"Action, Shooter, Indie"
4094,Metal Gear Rising: Revengeance,2013-02-19,4.25,1257,83.0,6,Action
12756,"Warhammer 40,000: Space Marine",2011-09-05,3.48,760,74.0,5,"Action, Shooter"
4573,PAYDAY The Heist,2011-10-18,3.35,780,76.0,4,"Action, Shooter"
2553,Ratchet & Clank,2016-04-12,4.05,1463,85.0,18,"Action, Shooter, Adventure"
42895,Assassin's Creed Syndicate,2015-10-23,3.67,1521,74.0,22,Action
9966,Dead by Daylight,2016-06-14,3.5,994,72.0,10,Action
3631,inFAMOUS Second Son,2014-03-21,3.91,1647,80.0,0,Action
14512,Age of Wonders III,2014-03-31,2.92,447,80.0,4,"RPG, Strategy"
30899,Mafia: The City of Lost Heaven,2002-08-28,4.36,1318,88.0,2,Action
2597,LEGO The Lord of the Rings,2012-10-30,3.56,626,80.0,2,"Action, Adventure"
18614,Half-Life: Source,2004-06-01,3.71,555,,1,Action
2115,Overcooked,2016-08-01,4.07,1357,81.0,4,"Simulation, Arcade, Casual, Indie"
17857,S.T.A.L.K.E.R.: Shadow of Chernobyl,2007-03-19,4.27,1363,82.0,3,"Action, Shooter, Adventure, RPG"
50778,A Way Out,2018-03-23,4.13,1633,78.0,6,"Action, Adventure"
9671,Rust,2018-02-09,3.37,865,66.0,15,"Action, Shooter, RPG, Massively Multiplayer, Indie"
28152,STAR WARS Battlefront II,2017-11-17,3.58,1374,74.0,4,"Action, Shooter, Adventure"
13247,Human: Fall Flat,2016-07-22,3.83,1038,70.0,5,"Action, Indie, Puzzle"
13913,Deus Ex: Game of the Year Edition,2000-06-22,4.12,576,90.0,1,"Action, Shooter, RPG"
2518,Max Payne,2001-07-25,4.45,2079,89.0,2,"Action, Shooter"
3209,Until Dawn,2015-08-25,4.1,1755,79.0,14,"Action, Adventure"
46956,Doki Doki Literature Club!,2017-09-22,4.06,1301,78.0,3,"Adventure, Indie"
19569,Hitman: Blood Money,2006-05-29,4.31,1044,82.0,2,"Action, Shooter"
11312,The Long Dark,2014-09-22,3.91,881,76.0,5,"Action, Adventure, Simulation, Indie"
14962,Dark Souls: Prepare To Die Edition,2012-08-23,4.37,1266,85.0,14,"Action, RPG"
750,FINAL FANTASY XV,2016-11-29,3.87,1431,82.0,5,RPG
18183,Company of Heroes,2006-09-11,3.68,564,93.0,7,Strategy
250,The Binding of Isaac: Rebirth,2014-11-03,4.31,1173,86.0,31,"Action, RPG"
5193,Oddworld: Abe's Oddysee,1997-09-19,3.55,560,85.0,3,"Action, Platformer"
452638,Stray,2022-07-19,4.15,1276,82.0,5,"Action, Adventure, Indie, Puzzle, Platformer"
14016,Tropico 4,2011-08-24,3.51,510,78.0,4,"Strategy, Simulation"
274480,Mortal Kombat 11,2019-04-22,3.97,1146,82.0,9,"Action, Adventure, Fighting"
670682,Counter-Strike: Condition Zero Deleted Scenes,2004-03-23,2.88,178,,1,Shooter
3368,Titan Souls,2015-04-13,3.33,528,74.0,1,"Action, Indie"
3346,Wolfenstein: The Old Blood,2015-05-04,4.0,1149,76.0,7,"Action, Shooter"
16359,Divinity: Original Sin - Enhanced Edition,2015-10-27,4.25,1031,94.0,8,"RPG, Indie"
51610,Dark Souls: Remastered,2018-05-23,4.48,1478,84.0,15,"Action, RPG"
17803,Ryse: Son of Rome,2013-11-22,3.59,981,61.0,6,"Action, Adventure"
455597,It Takes Two,2021-03-26,4.46,1762,88.0,10,"Action, Adventure, Platformer"
10449,Darksiders II Deathinitive Edition,2015-11-05,3.79,689,75.0,9,"Action, RPG"
3554,The Evil Within,2014-10-12,3.98,1178,68.0,6,"Action, Shooter, Adventure"
19299,Fallout 2,1998-09-30,4.34,1163,86.0,2,RPG
15858,Star Wars: Knights of the Old Republic II – The Sith Lords,2004-12-06,4.35,930,85.0,4,"Adventure, RPG"
9653,Hacknet,2015-08-11,3.19,489,82.0,3,"Simulation, Indie"
10090,Beholder,2016-11-08,3.8,732,75.0,4,"Adventure, RPG, Strategy, Indie"
9793,Guns of Icarus Online,2012-09-30,2.59,405,64.0,4,"Action, Simulation, Indie"
50781,Sea of Thieves,2018-03-20,3.69,1061,68.0,13,"Action, Adventure, Massively Multiplayer"
13628,Dear Esther: Landmark Edition,2017-02-14,3.31,436,,1,"Adventure, Casual, Indie"
12320,Prison Architect,2015-10-05,3.72,588,83.0,5,"Strategy, Simulation, Indie"
58813,Resident Evil 2,2019-01-25,4.5,2307,91.0,11,"Action, Adventure"
17380,Sid Meier's Civilization III Complete,2001-10-29,3.71,465,90.0,1,"Strategy, Simulation"
4729,Assassin's Creed,2007-11-13,3.92,2040,80.0,5,Action
19451,Fallout 3: Game of the Year Edition,2009-10-13,4.14,952,91.0,4,"Action, RPG"
10092,Minion Masters,2019-05-24,2.3,390,,5,"Action, Strategy, Indie"
3427,Murdered: Soul Suspect,2014-06-03,3.47,994,59.0,5,"Action, Adventure, RPG"
15274,Jotun: Valhalla Edition,2015-09-29,3.06,507,79.0,3,"Action, Indie"
3729,LEGO The Hobbit,2014-04-08,3.41,474,70.0,2,"Action, Adventure, Family"
10064,Assassin’s Creed Brotherhood,2010-11-16,4.28,1736,88.0,16,Action
12569,Starbound,2016-07-22,3.82,851,81.0,17,"Action, RPG, Casual, Indie"
19452,F.E.A.R.,2005-10-18,4.27,1044,88.0,2,"Action, Shooter"
5161,Braid,2008-08-06,4.16,1005,92.0,2,"Action, Arcade, Indie, Puzzle, Platformer"
3449,Resident Evil,1996-03-22,4.19,807,91.0,4,"Action, Shooter"
829,Killing Floor 2,2016-11-18,3.53,818,75.0,9,Action
14690,Trine Enchanted Edition,2009-07-02,3.83,734,80.0,4,"Action, Arcade, Indie, Platformer"
3912,Sanctum 2,2013-05-15,2.97,397,77.0,3,"Action, Shooter, Strategy, Indie"
10001,Serious Sam Fusion 2017 (beta),2017-03-20,3.05,328,,1,"Action, Indie"
2574,Enter the Gungeon,2016-04-04,4.07,1075,84.0,6,"Action, Shooter, Indie"
5578,GRID (2008),2008-06-03,3.68,530,87.0,1,Racing
14062,Red Orchestra 2: Heroes of Stalingrad with Rising Storm,2011-09-13,3.26,435,76.0,4,Action
17174,Resident Evil Revelations 2,2015-02-24,3.69,777,72.0,4,"Action, Adventure"
678,Neverwinter,2013-06-20,2.92,646,74.0,6,"Action, RPG, Massively Multiplayer"
19375,Far Cry 3: Blood Dragon,2013-04-30,4.0,1133,81.0,4,Shooter
397477,Resident Evil 3,2020-04-02,4.04,1091,80.0,8,"Action, Adventure"
442854,Mafia: Definitive Edition,2020-09-25,4.24,1134,78.0,10,"Action, Shooter"
47137,Fortnite Battle Royale,2017-09-26,3.29,1144,,0,"Action, Shooter"
3300,The Elder Scrolls Online: Tamriel Unlimited,2015-03-17,3.48,766,77.0,16,"Action, RPG, Massively Multiplayer"
2047,Lords of the Fallen (2014),2014-10-28,2.91,900,73.0,4,"Action, Adventure, RPG"
3697,Serious Sam 3: BFE,2011-11-22,3.46,777,72.0,4,"Action, Shooter, Indie"
14317,Endless Space - Collection,2012-07-04,3.09,357,77.0,5,Strategy
4179,Darksiders II,2012-08-14,3.74,974,83.0,5,"Action, RPG"
442855,Mafia II: Definitive Edition,2020-05-19,3.89,629,65.0,3,"Action, Adventure"
53341,Jet Set Radio,2000-06-29,3.42,508,94.0,1,"Action, Sports, Platformer"
11974,Mark of the Ninja,2012-09-07,3.99,769,91.0,5,"Action, Indie, Platformer"
28121,Slay the Spire,2019-01-22,4.35,1097,86.0,12,"RPG, Strategy, Card, Indie"
12019,BattleBlock Theater,2013-04-03,3.84,901,85.0,5,"Action, Adventure, Casual, Indie, Platformer"
2300,Drawful 2,2016-06-20,3.2,313,74.0,1,"Strategy, Casual, Indie"
2166,Game of Thrones - A Telltale Games Series,2014-12-02,3.23,975,66.0,7,"Action, Adventure"
259801,Final Fantasy VII,2020-04-10,4.37,833,87.0,0,"Action, Adventure, RPG"
295021,Orwell: Keeping an Eye On You,2016-10-27,3.28,559,77.0,3,"Adventure, Simulation, Indie, Puzzle"
9551,Deep Rock Galactic,2020-05-13,4.1,689,84.0,7,"Action, Indie"
685577,Vampire Survivors,2022-10-20,4.19,804,,11,"Action, RPG, Casual, Indie"
4000,Remember Me,2013-06-04,3.67,952,65.0,5,"Action, Adventure, Casual, Indie, Platformer"
4032,Dragon's Dogma: Dark Arisen,2013-04-23,3.92,680,81.0,7,"Action, Adventure, RPG"
19600,Far Cry 2,2008-10-21,3.46,1041,85.0,2,"Action, Shooter"
452649,Resident Evil: Village,2021-05-07,4.38,1070,83.0,15,"Action, Adventure"
10040,Stellaris,2016-05-08,4.11,693,78.0,10,"Strategy, Simulation"
7381,ABZU,2016-08-02,3.91,1098,83.0,3,"Adventure, Simulation, Indie"
295,Oxenfree,2016-01-14,3.91,923,80.0,4,"Adventure, RPG, Indie"
3647,Child of Light,2014-04-29,3.84,957,77.0,3,"RPG, Indie"
2100,Tales from the Borderlands: A Telltale Game Series,2015-10-21,4.18,1124,85.0,11,Adventure
3350,Broken Age,2014-01-28,3.65,689,81.0,5,"Adventure, Casual, Family, Indie, Puzzle"
5565,F.E.A.R. 3,2011-03-25,3.35,659,74.0,3,"Action, Shooter"
5687,The Playroom,2013-11-15,2.27,778,,0,Arcade
9575,VRChat,2017-02-01,3.14,532,,2,"Adventure, Simulation, Sports, Casual, Massively Multiplayer"
5564,F.E.A.R. 2: Project Origin,2009-02-10,3.86,688,79.0,4,"Action, Shooter"
3290,PlanetSide 2,2012-11-20,2.97,529,84.0,3,"Action, Shooter, Massively Multiplayer"
894,Destiny,2014-09-09,3.69,1063,76.0,24,"Action, Shooter"
42215,Dying Light,2015-01-27,4.09,1427,74.0,22,"Action, Adventure, RPG"
23557,Gwent: The Witcher Card Game,2018-10-23,3.59,1030,80.0,2,"RPG, Strategy, Board Games, Card"
23587,Sonic Mania,2017-08-15,3.86,858,85.0,3,"Action, Adventure, Casual, Platformer"
13820,The Elder Scrolls III: Morrowind,2002-05-01,4.37,1049,89.0,2,"Action, RPG"
17037,Monaco: What's Yours Is Mine,2013-04-24,2.99,366,83.0,3,"Action, Strategy, Casual, Indie"
4882,Lara Croft and the Guardian of Light,2010-08-05,3.43,504,82.0,2,"Action, Adventure"
12929,The Talos Principle,2014-12-11,4.16,849,85.0,5,"Adventure, Indie, Puzzle"
59313,Gris,2018-12-13,4.2,1076,83.0,3,"Adventure, Indie, Puzzle, Platformer"
4397,Battlefield 3,2011-10-25,4.08,1376,86.0,4,"Action, Shooter"
28110,Vampyr,2018-06-04,3.49,894,70.0,6,"Action, Adventure, RPG"
58764,Outer Wilds,2019-05-29,4.36,899,84.0,4,"Adventure, Indie, Puzzle"
6879,The Flame in the Flood,2016-02-23,2.89,396,73.0,2,"Action, Simulation, Indie"
58494,Battlefield V,2018-11-20,3.52,1018,77.0,5,"Action, Shooter, Adventure, Massively Multiplayer"
3052,STAR WARS Battlefront,2015-11-17,3.29,1148,73.0,3,"Action, Shooter, Adventure, Strategy"
248521,Valheim,2026-09-09,3.98,646,,12,"Action, Adventure, Indie"
704634,Uncharted: Legacy of Thieves Collection,2022-01-28,4.46,523,,7,"Action, Adventure"
41490,Divinity: Original Sin,2014-06-30,4.19,802,87.0,6,"RPG, Strategy, Indie"
4869,Tomb Raider: Underworld,2008-11-18,3.7,525,80.0,1,"Action, Adventure"
3561,Spelunky,2012-07-04,3.69,641,90.0,3,"Indie, Platformer"
4358,Assassin's Creed Revelations,2011-11-15,3.99,1475,80.0,14,Action
29153,Max Payne 2: The Fall of Max Payne,2003-10-14,4.42,1638,80.0,3,"Action, Shooter"
719,Deponia,2012-01-27,3.85,728,74.0,4,"Adventure, RPG, Indie, Puzzle"
10428,Heroes & Generals,2016-10-18,2.78,476,,2,"Action, Shooter, Massively Multiplayer, Indie"
3635,Rogue Legacy,2013-06-27,3.87,924,85.0,6,"Action, RPG, Indie, Platformer"
17885,Overlord,2007-06-26,3.82,637,81.0,1,"Action, RPG, Casual"
16199,Killer is Dead - Nightmare Edition,2014-05-23,3.22,402,,3,Action
19647,Crysis 2 - Maximum Edition,2011-03-22,3.7,617,,2,Action
13886,Star Wars: Battlefront II (2005),2005-10-30,4.21,852,78.0,2,"Action, Shooter"
34,Crash Bandicoot N. Sane Trilogy,2017-06-30,4.12,645,81.0,4,"Action, Platformer"
398423,Gothic Playable Teaser,2019-12-01,2.54,246,,1,RPG
10293,Tabletop Simulator,2015-06-05,4.06,674,,7,"RPG, Strategy, Simulation, Casual, Indie"
19491,Burnout Paradise: The Ultimate Box,2009-02-05,3.98,668,87.0,2,"Racing, Arcade"
892,Dust: An Elysian Tail,2012-08-15,3.63,626,84.0,4,"Action, RPG, Indie, Platformer"
4347,DiRT Showdown,2012-05-24,3.31,442,74.0,1,"Racing, Arcade"
382,Sniper Elite 4,2017-02-13,3.59,754,78.0,6,"Action, Shooter, Adventure"
49,Persona 5,2016-09-15,4.34,1451,93.0,105,"Action, Adventure, RPG"
58952,Life is Strange 2,2018-09-27,3.8,776,75.0,6,Adventure
1259,Machinarium,2009-10-16,4.18,930,85.0,3,"Adventure, Family, Indie, Puzzle"
11279,Day of Defeat: Source,2005-09-26,3.2,360,80.0,3,Action
324997,Baldur's Gate III,2023-08-03,4.43,1068,97.0,20,"Adventure, RPG, Strategy"
5342,Medal of Honor,2010-10-12,3.28,707,72.0,2,Shooter
1758,Valiant Hearts: The Great War,2014-06-24,4.36,1365,80.0,6,"Adventure, Puzzle"
622492,Forza Horizon 5,2021-11-08,4.28,782,,15,"Racing, Arcade"
4581,Crysis,2007-11-12,4.01,1126,91.0,3,"Action, Shooter"
19056,S.T.A.L.K.E.R.: Call of Pripyat,2009-10-02,4.27,950,80.0,3,"Shooter, RPG"
44525,Yakuza Kiwami,2016-01-21,4.1,782,83.0,10,"Action, Adventure, RPG, Fighting"
616765,Marvel's Guardians of the Galaxy,2021-10-26,4.28,904,,10,"Action, Shooter, Adventure"
15829,Pillars of Eternity,2015-03-26,3.96,728,89.0,9,RPG
45970,The LEGO NINJAGO Movie Video Game,2017-09-22,2.93,283,70.0,1,"Action, Adventure"
15566,Red Faction: Guerrilla,2009-06-02,3.67,629,82.0,4,"Action, Shooter"
4439,Mass Effect 3,2012-03-05,4.4,1791,90.0,30,"Action, RPG"
19057,S.T.A.L.K.E.R.: Clear Sky,2008-08-22,3.88,898,75.0,3,"Shooter, RPG"
1789,The Swapper,2013-05-13,3.53,529,87.0,3,"Action, Adventure, Indie, Puzzle, Platformer"
15642,The Elder Scrolls IV: Oblivion Game of the Year Edition,2009-06-16,4.32,683,94.0,5,RPG
3965,Binary Domain,2012-02-16,3.56,548,68.0,2,"Action, Shooter"
10767,Shadow Tactics: Blades of the Shogun,2016-12-05,4.08,466,85.0,4,"Strategy, Indie"
19592,Hitman 2: Silent Assassin,2002-10-01,3.95,653,87.0,1,"Action, Shooter"
884,Call of Duty: Modern Warfare Remastered,2016-10-05,3.98,1146,86.0,5,"Action, Shooter"
5528,Call of Duty: World at War,2008-11-11,3.97,1217,83.0,8,Shooter
5636,Rage,2011-10-03,3.42,836,79.0,5,"Action, Shooter"
58752,The Awesome Adventures of Captain Spirit,2018-06-25,3.61,933,77.0,2,Adventure
38,Injustice 2,2017-05-09,3.92,958,88.0,6,Fighting
9631,Sins of a Solar Empire: Rebellion,2012-06-12,2.73,327,82.0,5,"Strategy, Indie"
1140,World of Goo,2008-10-13,4.03,844,90.0,1,"Strategy, Educational, Family, Indie, Puzzle"
4491,Shadow of the Colossus (2011),2011-09-22,4.26,1017,91.0,3,Action
19410,Day of Defeat,2003-05-01,2.83,279,79.0,1,Action
3315,Magicka 2,2015-05-26,3.69,685,69.0,4,"Action, Adventure, RPG"
326251,Deathloop,2021-09-14,3.96,550,88.0,6,"Action, RPG"
4535,Call of Duty 4: Modern Warfare,2007-11-05,4.39,1858,92.0,6,"Action, Shooter"
391399,Tell Me Why,2020-08-27,3.19,300,76.0,2,Adventure
437059,Assassin's Creed Valhalla,2020-11-10,3.67,812,82.0,5,"Action, Adventure, RPG"
9835,Outlast 2,2017-04-24,3.68,740,76.0,5,"Action, Adventure, Indie"
16787,Bully: Scholarship Edition,2008-03-04,4.13,769,72.0,2,"Action, Adventure"
5298,Tomb Raider: Legend,2006-04-06,3.91,533,82.0,2,"Action, Adventure"
15317,Shadow Warrior,1997-05-13,3.34,380,73.0,1,"Action, Shooter"
326252,Gears 5,2019-09-10,3.91,845,83.0,7,"Action, Shooter"
4012,Resident Evil Revelations,2012-02-07,3.75,646,77.0,8,"Action, Adventure"
2805,Street Fighter V,2016-02-15,3.48,511,74.0,6,"Action, Fighting"
15714,Deponia: The Complete Journey,2014-06-03,3.6,419,,4,"Adventure, RPG"
14606,Ricochet,2000-11-01,2.38,265,,1,"Action, Indie"
58827,Overcooked! 2,2018-08-06,4.15,809,82.0,4,"Action, Casual, Indie"
10310,Robocraft,2014-07-08,2.57,411,,2,"Action, RPG, Simulation, Massively Multiplayer, Indie"
29171,The Evil Within 2,2017-10-11,4.14,831,82.0,11,"Action, Shooter, Adventure"
197,Trove,2015-07-09,2.66,475,65.0,3,"Action, RPG, Casual, Massively Multiplayer"
20405,Deathmatch Classic,2001-06-01,2.74,261,,1,Action
29215,Life is Strange: Before The Storm,2017-08-31,3.95,1254,77.0,11,Adventure
4523,Red Faction: Armageddon,2011-06-07,3.04,402,75.0,2,"Action, Shooter"
6773,Sunset Overdrive,2014-10-28,3.9,725,82.0,4,"Action, Shooter, Adventure"
14334,Satellite Reign,2015-08-27,2.66,290,75.0,4,"Action, Strategy, Indie"
366850,Ghostrunner,2020-10-27,3.84,653,,4,Action
5297,Tomb Raider: Anniversary,2007-06-01,3.95,450,83.0,2,"Action, Adventure"
17127,Torchlight,2009-10-26,3.71,665,83.0,5,"Action, RPG"
11970,Star Wars Jedi Knight: Jedi Academy,2003-09-16,4.33,660,81.0,2,"Action, Shooter"
18003,Gone Home,2013-08-14,3.73,887,86.0,3,"Adventure, Indie"
452634,Marvel's Spider-Man: Miles Morales,2020-11-12,4.25,965,86.0,9,Action
10615,System Shock 2,1999-08-11,4.14,415,92.0,2,"Action, Shooter, RPG"
52939,Final Fantasy VII (1997),1997-01-31,4.36,1047,83.0,3,"Action, Adventure, RPG"
28395,Metro: Last Light,2013-05-13,4.12,1071,81.0,8,"Action, Shooter"
17356,Orcs Must Die! 2,2012-07-30,3.71,530,83.0,6,"Action, Strategy, Indie"
1670,Shadowrun: Dragonfall - Director's Cut,2014-09-17,3.81,367,87.0,4,"Adventure, RPG, Strategy, Indie"
13856,Katana ZERO,2019-04-17,4.39,1160,83.0,5,"Action, Indie, Platformer"
4387,Awesomenauts,2012-05-01,3.06,415,78.0,7,"Action, Strategy, Indie, Platformer"
19196,ARMA: Cold War Assault,2001-08-29,2.87,212,,1,"Action, Strategy, Simulation"
2255,7 Days to Die,2013-12-13,3.36,499,,9,"Shooter, RPG, Indie"
4331,Sonic Generations,2011-11-01,3.9,548,77.0,2,"Action, Arcade, Family, Platformer"
2213,Kerbal Space Program,2015-04-26,4.16,412,88.0,5,"Simulation, Indie"
58133,Spyro Reignited Trilogy,2018-11-13,4.12,543,80.0,5,"Action, Adventure"
19429,Alien Swarm,2010-07-19,3.33,711,77.0,2,"Action, Shooter"
42776,Never Alone,2014-11-18,3.47,613,70.0,4,"Adventure, Casual, Indie"
10031,Battlerite,2016-09-20,3.22,569,,3,Action
13079,Everlasting Summer,2013-12-12,3.99,953,,5,Indie
4388,Battlefield: Bad Company 2,2010-03-02,4.13,921,87.0,7,"Action, Shooter"
263590,Risk of Rain 2,2020-08-11,4.14,699,82.0,8,"Action, Shooter, Arcade"
22859,Deus Ex 2: Invisible War,2003-12-01,3.11,306,80.0,1,"Action, RPG"
327999,Dota Underlords,2020-02-25,3.03,773,,4,"Strategy, Board Games, Casual"
58651,Totally Accurate Battlegrounds,2018-06-05,2.82,436,,1,"Action, Shooter, Indie"
17252,Deadlight,2012-06-01,3.62,545,78.0,4,"Action, Indie, Platformer"
204,Clicker Heroes,2015-05-13,2.65,592,,9,"Adventure, RPG, Strategy, Simulation, Casual, Indie"
258322,Blasphemous,2019-09-09,4.05,583,78.0,3,"Action, Adventure, Indie, Platformer"
3265,God of War III Remastered,2015-07-14,4.12,1051,81.0,6,"Action, Adventure"
2722,Kholat,2015-06-08,2.65,413,64.0,3,"Adventure, Simulation, Indie"
36,TEKKEN 7,2015-03-18,4.02,780,82.0,7,"Action, Sports, Fighting"
3562,Styx: Master of Shadows,2014-10-06,3.16,466,71.0,3,"Action, RPG"
16355,Evolve Stage 2,2015-02-10,2.57,453,77.0,3,Action
21926,Uncharted: The Lost Legacy,2017-08-22,4.27,1277,85.0,0,"Action, Adventure"
4249,HELL YEAH! Wrath of the Dead Rabbit,2012-09-25,2.45,296,64.0,1,"Action, Arcade, Platformer"
4676,Outland,2011-04-26,2.9,336,83.0,3,"Action, Adventure, Indie, Platformer"
19685,Just Cause,2006-09-22,3.3,447,75.0,1,"Action, Shooter"
9545,Shadow Warrior 2,2016-10-12,3.52,607,78.0,5,"Action, Shooter, Adventure"
1299,Mount & Blade: Warband,2010-03-30,4.36,746,78.0,10,"Action, RPG, Strategy"
3450,Saints Row: Gat Out of Hell,2015-01-20,3.18,697,66.0,5,"Action, Adventure"
16191,Galactic Civilizations II: Ultimate Edition,2011-12-02,2.65,218,92.0,1,Strategy
516111,Mass Effect: Legendary Edition,2021-05-14,4.57,583,88.0,12,"Action, Shooter, Adventure, RPG"
22513,Uncharted 2: Among Thieves,2009-10-13,4.38,1811,96.0,13,"Action, Shooter"
17599,Mortal Kombat Komplete Edition,2013-07-03,4.12,953,82.0,7,"Arcade, Fighting"
2778,Surgeon Simulator,2013-04-18,3.43,574,71.0,3,"Action, Simulation, Educational, Indie"
2434,VVVVVV,2010-01-09,3.78,515,81.0,1,"Action, Adventure, Arcade, Casual, Indie, Puzzle, Platformer"
9853,H1Z1: King of the Kill,2016-02-17,2.39,346,,2,"Action, Adventure, Massively Multiplayer"
3850,LEGO Marvel Super Heroes,2013-10-22,3.83,677,78.0,8,"Action, Adventure, Family"
1225,Warhammer: End Times - Vermintide,2015-10-23,3.47,443,79.0,5,"Action, Indie"
4612,Renegade Ops,2011-09-13,2.99,321,76.0,2,"Action, Shooter"
2559,Stories: The Path of Destinies,2016-04-11,3.22,506,74.0,4,"Action, RPG, Indie, Platformer"
715,Steep,2016-12-02,3.48,882,72.0,5,"Action, Simulation, Sports"
3651,Sniper Elite 3,2014-06-26,3.53,519,67.0,5,"Action, Shooter, Adventure"
4923,Prototype,2009-06-09,3.8,1076,79.0,3,"Action, Adventure, Strategy, Casual"
401805,Genshin Impact,2020-09-28,3.55,1107,83.0,0,"Action, Adventure, RPG"
58585,Fallout 76,2018-11-14,2.85,663,51.0,7,"Action, Adventure, RPG"
20760,FINAL FANTASY XIII,2009-12-17,3.47,690,77.0,7,RPG
17925,Fable Anniversary,2014-02-04,4.07,600,68.0,4,RPG
2354,Mirror's Edge Catalyst,2016-06-07,3.5,859,72.0,3,"Action, Adventure, Platformer"
17295,Enclave,2002-07-18,3.11,342,71.0,3,"Action, Adventure, RPG"
137,Mass Effect: Andromeda,2017-03-21,3.21,1167,73.0,23,"Action, RPG"
60179,Hellblade: Senua's Sacrifice VR Edition,2018-07-31,3.56,242,87.0,1,"Action, Adventure, Indie"
4744,Prince of Persia (2008),2008-12-02,3.78,895,82.0,1,"Action, Adventure"
22789,Serious Sam: The First Encounter,2001-03-21,4.03,601,87.0,1,"Action, Shooter, Indie"
2239,Furi,2016-07-04,3.93,712,76.0,4,"Action, Arcade"
3748,SteamWorld Dig,2013-08-08,3.83,622,76.0,4,"Action, Adventure, Indie, Puzzle, Platformer"
3251,F1 2015,2015-07-09,2.7,277,61.0,5,"Sports, Racing"
323065,Call of Duty: Modern Warfare (2019),2019-10-25,3.77,739,80.0,9,"Action, Shooter"
123,Titan Quest,2006-06-26,3.91,575,69.0,1,"Action, RPG"
19309,Plants vs. Zombies GOTY Edition,2010-08-10,4.33,733,87.0,5,Strategy
19458,Doom 3,2004-08-03,3.9,635,87.0,1,"Action, Shooter"
10049,Hitman: Codename 47,2000-11-19,3.83,598,73.0,1,"Action, Shooter"
28261,Serious Sam HD:  The First Encounter,2009-11-24,3.92,574,68.0,4,"Action, Shooter, Indie"
13469,"Warhammer 40,000: Dawn of War - Game of the Year Edition",2007-08-07,3.98,369,86.0,3,Strategy
29173,Dishonored: Death of the Outsider,2017-09-14,4.05,631,83.0,9,Action
9465,Grim Dawn,2016-02-25,3.96,578,83.0,8,"Action, RPG, Indie"
3772,Strider,2012-02-16,3.3,333,78.0,4,"Action, Adventure, Arcade"
28026,Super Mario Odyssey,2017-10-27,4.42,1942,97.0,0,"Arcade, Platformer"
2913,The Banner Saga,2014-01-14,4.09,746,81.0,5,"RPG, Strategy, Indie"
722,World of Tanks,2010-08-12,2.92,706,78.0,2,"Action, Shooter, Massively Multiplayer"
14990,Viking: Battle for Asgard,2008-03-25,2.51,273,66.0,1,"Action, Adventure, RPG, Fighting"
2845,Crypt of the NecroDancer,2015-04-22,3.99,599,87.0,4,"Action, RPG, Indie"
364806,Need for Speed Heat,2019-11-08,3.27,563,73.0,3,"Racing, Arcade"
22597,Darksiders III,2018-11-27,3.43,567,65.0,5,"Action, Adventure, RPG"
19284,Fallout Tactics: Brotherhood of Steel,2001-03-01,3.37,339,82.0,1,"RPG, Strategy"
4340,Uncharted: Drake's Fortune,2007-11-19,4.03,1484,88.0,12,"Action, Shooter"
7485,Elite Dangerous,2015-04-02,3.94,476,80.0,14,"Action, Adventure, RPG, Simulation, Massively Multiplayer"
10900,Project Zomboid,2013-11-08,3.87,472,,6,"RPG, Indie"
3268,The Vanishing of Ethan Carter,2014-09-25,3.76,692,82.0,4,"Action, Adventure, Indie"
2390,Plague Inc: Evolved,2015-09-18,3.98,671,80.0,5,"Strategy, Simulation, Casual, Indie"
50677,Superhot: Mind Control Delete,2020-07-15,3.87,385,79.0,2,"Action, Indie"
906547,Hogwarts Legacy,2023-02-10,3.92,964,,30,"Action, RPG"
2830,Unravel,2016-02-09,3.94,786,78.0,2,"Action, Adventure, Arcade, Puzzle, Platformer"
1322,Dead Rising 2,2010-08-31,3.54,561,78.0,5,Action
18886,Overlord II,2009-06-22,3.79,365,79.0,2,"Action, RPG"
18081,No More Room in Hell,2013-10-31,2.89,349,,2,"Action, Indie"
2767,Far Cry Primal,2016-02-23,3.58,872,74.0,9,"Action, Shooter"
9904,Age of Empires II HD,2013-04-09,4.2,589,68.0,6,Strategy
3494,Thomas Was Alone,2012-06-30,3.74,540,77.0,2,"Adventure, Family, Indie"
10125,Tom Clancy's Ghost Recon Wildlands,2017-03-06,3.57,718,72.0,18,"Action, Shooter, Massively Multiplayer"
22069,Ultimate Epic Battle Simulator,2017-04-12,2.64,168,,1,"Action, Adventure, Strategy, Simulation, Indie"
20980,The Expendabros,2014-08-05,3.54,391,,1,"Action, Indie, Platformer"
4414,Grand Theft Auto: Episodes from Liberty City,2009-10-29,4.12,617,,3,Action
12018,Star Wars Jedi Knight II: Jedi Outcast,2002-03-01,4.19,458,89.0,1,"Action, Shooter, Adventure"
13498,EVE Online,2003-05-06,3.34,366,88.0,3,"Action, RPG, Strategy, Massively Multiplayer"
23702,Need for Speed Payback,2017-11-07,3.2,743,61.0,4,"Racing, Arcade"
3358,Tropico 5,2014-05-22,3.64,548,75.0,5,"RPG, Strategy, Simulation"
3090,Need for Speed,2015-11-03,3.38,826,66.0,4,"Racing, Arcade"
3459,The Order: 1886,2015-01-13,3.76,986,63.0,11,"Action, Adventure"
9741,The Surge,2017-05-15,3.19,601,72.0,4,"Action, RPG"
11228,SpeedRunners,2016-04-19,3.75,526,84.0,4,"Action, Sports, Racing, Casual, Indie"
14989,Alpha Protocol,2010-04-08,3.54,456,72.0,2,"Action, Shooter, RPG"
9979,Dirty Bomb,2015-06-01,2.72,378,63.0,2,"Action, Shooter"
19380,Dark Messiah of Might and Magic,2006-10-24,4.31,682,72.0,2,"Action, RPG"
2412,Dungeons 2,2015-04-23,2.84,268,70.0,4,"RPG, Strategy, Simulation"
9494,ArmA II,2009-06-18,3.19,287,77.0,1,"Action, Strategy, Simulation"
7317,Scribblenauts Unlimited,2012-11-13,3.62,427,75.0,4,"Adventure, Strategy, Casual, Puzzle"
10296,TERA,2017-01-31,2.86,499,77.0,3,"Action, RPG, Massively Multiplayer"
22162,Moonlighter,2018-05-28,3.75,497,82.0,5,"Action, Adventure, Indie"
18726,Gothic,2001-03-15,4.36,748,81.0,1,"Action, RPG"
13273,The Uncertain: Episode 1 - The Last Quiet Day,2016-09-22,2.63,147,,3,"Adventure, Indie"
18184,Company of Heroes: Opposing Fronts,2007-09-24,3.44,231,87.0,1,"Action, Strategy"
2556,Risk of Rain,2013-11-07,3.91,495,77.0,4,"Action, Indie, Platformer"
236694,Remnant: From the Ashes,2019-08-20,3.61,655,76.0,7,"Action, Adventure, RPG"
9744,RiME,2017-05-25,3.66,776,78.0,4,"Adventure, Puzzle"
10050,Thief Gold,1999-10-29,4.02,264,92.0,1,"Action, Simulation"
19633,Need For Speed: Hot Pursuit,2010-11-16,3.86,779,86.0,3,"Racing, Arcade"
19439,Risen,2009-10-02,3.82,532,77.0,4,"Action, RPG"
401,Nioh,2017-02-07,3.81,697,88.0,0,"Action, RPG"
29,South Park: The Fractured But Whole,2017-03-31,4.04,821,80.0,12,"Adventure, RPG"
122,This is the Police,2016-08-01,3.89,721,66.0,6,"Adventure, Strategy, Simulation, Indie"
11148,The Lab,2016-04-05,3.01,181,,1,
21736,Unreal Gold,2000-01-20,3.42,325,,1,"Action, Shooter"
20569,X-COM: UFO Defense,1993-12-30,3.68,274,,1,Strategy
10926,Factorio,2020-08-14,4.35,814,83.0,20,"Strategy, Simulation, Casual, Indie"
3468,Loadout,2014-01-10,2.48,436,72.0,3,"Action, Indie"
19560,Far Cry,2004-03-22,3.9,879,89.0,1,"Action, Shooter"
9782,Deceit,2017-03-03,2.94,419,,2,Action
27938,SteamWorld Dig 2,2017-09-21,4.06,432,88.0,5,"Action, Adventure, Indie, Platformer"
3501,LittleBigPlanet 3,2014-11-18,3.51,719,79.0,3,"Adventure, Puzzle, Platformer"
11425,SPORE,2008-09-04,4.15,883,84.0,4,"Simulation, Family"
19369,Call of Duty,2003-10-29,4.16,937,91.0,6,Shooter
427930,Phasmophobia,2020-09-18,3.85,439,,6,"Action, Indie"
10327,SpaceChem,2011-01-01,3.08,239,84.0,2,"Strategy, Simulation, Indie, Puzzle"
22938,Shadow Warrior (2013),2013-09-25,3.64,588,73.0,4,"Action, Shooter"
11663,My Friend Pedro,2019-06-19,3.87,745,76.0,3,"Action, Shooter, Adventure, Arcade, Indie"
46597,Aim Lab,2018-02-07,3.04,252,,1,"Action, Indie"
10436,Golf With Your Friends,2016-01-29,3.83,374,69.0,4,"Sports, Casual, Indie"
58698,Just Cause 4,2018-12-04,3.03,521,68.0,5,"Action, Adventure"
2139,Hyper Light Drifter,2016-03-30,4.14,598,84.0,4,"Action, Adventure, RPG, Indie"
11567,The Red Solstice,2015-07-09,2.28,169,74.0,4,"Action, RPG, Strategy, Indie"
9824,Skullgirls,2012-02-14,3.75,321,81.0,5,"Action, Fighting"
19397,Vampire: The Masquerade - Bloodlines,2004-11-15,4.36,905,80.0,2,"Action, RPG"
15860,STAR WARS: The Force Unleashed II,2010-10-25,3.66,578,59.0,3,"Action, Adventure"
1830,Dungeon of the Endless,2014-10-27,3.61,268,79.0,3,"Adventure, RPG, Strategy, Indie"
12980,Endless Legend,2014-09-18,3.64,373,82.0,6,"RPG, Strategy"
10537,Ruiner,2017-09-26,3.72,598,78.0,4,"Action, Shooter"
14072,Tropico 3,2009-10-20,3.36,274,79.0,1,"Strategy, Simulation"
2055,AdVenture Capitalist,2015-02-19,2.8,471,,5,"Simulation, Board Games, Casual, Indie"
10281,Besiege,2015-01-28,3.79,472,,2,"Strategy, Simulation, Indie"
4602,Bulletstorm,2011-02-22,4.08,865,83.0,4,"Action, Shooter"
9515,We Were Here,2017-02-03,3.8,487,63.0,2,"Action, Adventure, Puzzle"
4361,Rayman Origins,2011-11-15,4.13,759,86.0,2,"Action, Arcade, Family, Platformer"
22508,Overwatch,2016-05-24,4.13,1154,91.0,35,"Action, Shooter, Casual, Massively Multiplayer"
10393,Gothic 3,2006-10-12,3.71,530,63.0,1,"Action, Adventure, RPG"
99,Snake Pass,2017-03-28,3.23,250,71.0,3,"Adventure, Simulation, Casual, Indie, Puzzle"
244716,DiRT Rally 2.0,2019-02-26,3.58,334,83.0,2,"Simulation, Sports, Racing"
4477,Kane & Lynch 2: Dog Days,2010-08-17,3.25,517,66.0,2,"Action, Shooter"
842,Call of Duty: Advanced Warfare,2014-11-03,3.47,877,78.0,8,"Action, Shooter"
23191,Aegis Defenders,2018-02-07,2.53,108,76.0,1,"Action, Adventure, RPG, Strategy, Indie"
339961,The Dark Pictures Anthology: Man of Medan,2019-08-30,3.63,769,71.0,5,"Action, Adventure"
13570,Game Dev Tycoon,2012-12-10,4.0,758,68.0,8,"Strategy, Simulation, Casual, Indie"
2131,Race The Sun,2013-08-17,3.15,404,79.0,3,"Action, Racing, Arcade, Indie"
13909,Prince of Persia: The Sands of Time,2003-10-28,4.22,941,89.0,2,"Action, Adventure"
372576,Lost Ark,2022-02-11,3.17,284,81.0,10,"RPG, Massively Multiplayer"
12662,LEGO Star Wars - The Complete Saga,2007-11-06,4.1,643,77.0,3,"Action, Adventure"
13387,Serious Sam HD: The Second Encounter,2010-04-28,3.89,411,76.0,4,"Action, Shooter, Indie"
2889,Oddworld: New 'n' Tasty,2014-07-22,3.51,386,87.0,4,"Action, Adventure, Indie, Platformer"
19584,Risen 2: Dark Waters,2012-04-23,3.42,390,69.0,4,"Action, RPG"
17357,Orcs Must Die!,2011-10-05,3.7,434,83.0,3,"Action, Strategy, Indie"
4206,Vanquish,2010-10-19,4.01,565,79.0,4,"Action, Shooter, Adventure, Indie"
59023,Red Faction Guerrilla Re-Mars-tered,2018-07-02,3.47,290,70.0,4,"Action, Shooter, Arcade"
19568,Tom Clancy's Splinter Cell: Conviction,2010-04-13,3.84,683,83.0,5,"Action, Adventure"
35561,Star Wars: Republic Commando,2005-03-01,4.19,531,78.0,1,"Action, Shooter"
12884,HELLDIVERS,2015-12-07,3.61,564,83.0,5,Action
9736,Slime Rancher,2016-01-14,3.87,584,81.0,6,"Action, Adventure, Simulation, Indie"
791638,MultiVersus,2022-07-26,3.15,186,,2,"Action, Fighting"
18287,Anomaly: Warzone Earth,2011-04-07,2.91,225,80.0,2,"Action, Strategy, Simulation, Indie"
61176,Bloodstained: Ritual of the Night,2019-06-18,4.01,462,81.0,6,"Action, Adventure"
4111,Lord of the Rings: War in the North,2011-11-01,3.35,392,66.0,3,"Action, RPG"
4520,Alice: Madness Returns,2011-06-14,4.02,576,75.0,3,"Action, Adventure"
61961,Headsnatchers,2018-07-24,1.82,127,,2,"Action, Sports, Casual, Indie"
12757,"Warhammer 40,000: Dawn of War II",2009-02-18,3.96,394,85.0,6,"RPG, Strategy"
20992,Cry of Fear,2012-02-22,3.59,342,,1,"Action, Adventure, Indie"
4186,Persona 4 Golden,2012-11-20,4.44,609,89.0,10,RPG
2287,Her Story,2015-06-23,3.98,625,88.0,4,"Adventure, Simulation, Indie, Puzzle"
18185,Company of Heroes: Tales of Valor,2009-04-07,3.39,202,70.0,1,Strategy
17158,PAC-MAN CHAMPIONSHIP EDITION 2,2016-09-13,3.14,199,77.0,1,"Arcade, Casual"
58640,Realm Royale,2018-06-05,2.62,473,,2,Action
31771,The Elder Scrolls II: Daggerfall,1996-08-30,3.27,116,,1,"Action, RPG"
7439,Call of Duty: Ghosts,2013-11-05,3.16,856,68.0,6,"Action, Shooter"
17975,DOOM II,1994-09-30,4.39,734,83.0,1,"Action, Shooter"
9495,ArmA II: Operation Arrowhead,2010-06-29,3.27,218,73.0,3,"Action, Strategy, Simulation"
445442,Helltaker,2020-05-11,3.97,559,,2,"Adventure, Indie, Puzzle"
5711,The Incredible Adventures of Van Helsing,2013-05-22,3.41,325,72.0,4,"Action, RPG, Indie"
58890,Need For Speed: Most Wanted,2005-11-15,4.45,1808,83.0,0,"Racing, Arcade"
16649,Serious Sam 2,2005-10-11,3.55,481,74.0,2,"Action, Indie"
4483,Duke Nukem Forever,2011-06-09,2.87,552,54.0,3,"Action, Shooter"
3838,Need for Speed Rivals,2013-11-15,3.15,688,77.0,2,"Racing, Arcade"
313843,Goat of Duty,2019-07-10,2.25,119,,1,Action
5538,Dark Souls,2011-09-22,4.34,937,89.0,48,"Action, RPG"
28615,Gears of War,2006-11-08,4.11,833,90.0,7,"Action, Shooter"
13566,Into the Breach,2018-02-26,4.3,804,90.0,5,"RPG, Strategy, Indie"
58735,Unravel Two,2018-06-09,3.96,629,79.0,2,"Action, Adventure, Puzzle, Platformer"
5678,The Elder Scrolls IV: Oblivion,2006-03-20,4.34,964,94.0,4,"Action, RPG"
16856,AudioSurf,2008-02-15,3.93,548,85.0,3,Indie
15861,STAR WARS - The Force Unleashed Ultimate Sith Edition,2009-12-15,3.83,377,65.0,3,Action
13525,Assassin's Creed 2 Deluxe Edition,2010-03-04,4.33,538,86.0,13,"Action, Adventure"
28631,Fable III,2010-10-25,3.73,711,78.0,8,"Action, RPG"
5706,Valkyria Chronicles,2008-04-24,4.07,414,85.0,6,"Action, RPG, Strategy"
54491,Quake,1996-06-22,4.26,490,94.0,1,"Action, Shooter"
3601,inFAMOUS: First Light,2014-08-26,3.72,729,73.0,1,Action
887,Call of Duty: Infinite Warfare,2016-11-04,3.58,632,73.0,10,"Action, Shooter"
2296,Fahrenheit: Indigo Prophecy Remastered,2015-01-27,4.15,526,68.0,4,"Action, Adventure"
17676,Doom 3: BFG Edition,2012-10-16,3.78,366,,2,"Action, Shooter"
14211,Children of Morta,2019-09-03,3.92,398,80.0,4,"Action, Adventure, RPG, Indie"
58754,Tom Clancy’s The Division 2,2019-03-15,3.74,776,83.0,5,"Action, Shooter, Adventure, RPG"
13512,Cortex Command,2012-09-28,2.6,246,44.0,2,"Action, Strategy, Indie"
57908,Tomb Raider II,1997-10-31,3.77,306,69.0,1,"Action, Shooter, Adventure, Platformer"
10389,Gothic II: Gold Edition,2010-01-13,4.4,447,79.0,1,"Action, RPG"
16543,LEGO Batman,2008-09-23,3.77,494,80.0,2,"Action, Family"
58758,Dying Light 2 Stay Human,2022-02-04,3.64,449,77.0,23,"Action, Adventure, RPG"
295019,GreedFall,2019-09-10,3.34,406,74.0,4,"Action, Adventure, RPG"
3726,Trials Fusion,2014-04-15,3.53,612,80.0,4,Racing
17998,Antichamber,2013-01-31,4.08,436,82.0,3,"Indie, Puzzle"
18449,Divinity II: Developer's Cut,2012-10-29,3.58,237,77.0,2,"Action, RPG"
4154,Dead Space 3,2013-02-05,3.65,762,77.0,4,"Action, Shooter"
9871,Guns of Icarus Alliance,2017-03-31,2.41,228,,1,"Action, Simulation, Indie"
2639,Day of the Tentacle Remastered,2016-03-21,3.67,379,86.0,3,"Adventure, Family"
50418,Deiland,2016-02-19,2.28,137,,1,"Adventure, RPG, Indie"
11214,Northgard,2018-03-06,3.77,501,79.0,5,"Adventure, RPG, Strategy, Simulation, Indie"
9831,Conan Exiles,2017-01-30,2.85,461,67.0,10,"Action, Adventure, Massively Multiplayer"
3400,Battlefield Hardline,2015-03-17,3.21,697,72.0,3,"Action, Shooter"
17179,Resident Evil 0 / Biohazard 0 HD REMASTER,2016-01-18,3.83,421,69.0,5,"Action, Adventure"
4571,Dungeon Defenders,2010-12-16,3.32,284,81.0,8,"Action, RPG, Strategy, Indie"
693,The Last Guardian,2016-10-25,4.08,749,82.0,7,"Action, Puzzle"
13199,Graveyard Keeper,2018-08-14,3.72,440,68.0,7,"Adventure, RPG, Strategy, Simulation, Casual, Indie"
22790,Serious Sam: The Second Encounter,2002-02-02,4.01,518,85.0,1,"Action, Shooter, Indie"
13925,Prince of Persia: Warrior Within,2004-11-30,4.4,850,83.0,2,"Action, Adventure"
479694,Inscryption,2021-10-19,4.38,609,86.0,8,"Adventure, Strategy, Indie"
17545,Assassin’s Creed Rogue,2014-11-11,3.72,789,74.0,12,"Action, Adventure"
392019,Half-Life: Alyx,2020-03-23,4.34,514,93.0,5,"Action, Shooter, Adventure"
339958,Persona 5 Royal,2020-03-31,4.75,541,94.0,12,"Adventure, RPG"
59197,F1 2018,2018-08-23,3.33,201,84.0,3,"Action, Sports, Racing, Indie"
966,Sonic & All-Stars Racing Transformed,2012-11-16,3.91,394,79.0,5,"Sports, Racing, Family"
3863,How to Survive,2013-10-23,3.02,378,60.0,3,"Action, Adventure, RPG"
22961,Hitman: Contracts,2004-04-20,3.93,485,77.0,1,"Action, Shooter, Adventure"
965,Sherlock Holmes: The Devil's Daughter,2016-06-10,3.7,382,65.0,7,"Action, Adventure"
20466,Worms Armageddon,1999-01-25,4.31,566,,2,Strategy
11887,Hero Siege,2013-12-18,3.33,326,,4,"Action, Adventure, RPG, Massively Multiplayer, Indie"
9811,DayZ,2013-12-16,3.08,465,44.0,17,"Action, Massively Multiplayer, Indie"
10724,Crossout,2017-05-30,2.81,495,68.0,3,"Action, Simulation, Racing, Massively Multiplayer"
47326,OKAMI HD,2017-12-12,4.18,355,92.0,4,"Action, Adventure"
10602,Dino D-Day,2011-04-08,2.42,214,53.0,3,"Action, Indie"
10056,Kane and Lynch: Dead Men,2007-11-13,3.59,460,67.0,1,"Action, Shooter"
4466,Catherine,2011-02-17,4.14,512,80.0,4,"Action, Adventure, RPG, Puzzle"
14422,Condemned: Criminal Origins,2005-11-15,3.83,423,80.0,1,Action
46399,Regions Of Ruin,2018-02-04,2.46,136,,1,"Action, Adventure, RPG, Strategy, Simulation, Indie"
464,Baldur's Gate: Enhanced Edition,2012-11-28,4.09,334,78.0,4,"RPG, Strategy"
37669,Marvel Heroes,2013-06-03,2.5,325,81.0,2,"Action, RPG, Massively Multiplayer"
1612,Super Hexagon,2012-08-31,3.75,442,88.0,2,"Action, Arcade, Casual, Indie"
9997,Arma 3,2013-09-12,3.84,399,74.0,16,"Action, Shooter, Strategy, Simulation"
10342,RaceRoom Racing Experience,2013-02-12,2.29,141,,1,"Simulation, Sports, Racing"
10980,Serial Cleaner,2016-09-28,3.2,170,72.0,3,"Action, RPG, Indie"
58835,Yakuza Kiwami 2,2017-12-07,4.36,413,85.0,10,"Action, Adventure, RPG"
28589,Halo 3,2007-09-25,4.37,781,91.0,2,Shooter
4031,Dead Island Riptide,2013-04-22,3.42,474,60.0,5,"Action, Shooter, Adventure"
10545,Warface: Ice Breaker,2014-07-01,2.42,176,62.0,2,"Action, Massively Multiplayer"
15851,Star Wars: Dark Forces,1995-02-28,3.65,262,,1,"Action, Shooter"
19908,LEGO Batman 2 DC Super Heroes,2012-06-19,3.68,365,75.0,4,"Action, Family"
29658,The Elder Scrolls: Arena,1994-02-28,2.9,110,,1,"Action, RPG"
271,Kingdom: New Lands,2015-10-21,3.89,377,80.0,4,"Strategy, Simulation, Arcade, Casual, Indie"
441,Deus Ex: The Fall,2013-07-10,2.7,242,45.0,3,"Action, Adventure, RPG"
3374,Stealth Inc 2: A Game of Clones,2014-10-30,2.84,222,79.0,4,"Action, Adventure, Indie, Puzzle"
9911,Dungeon Defenders II,2014-12-05,2.96,284,,3,"Action, RPG, Strategy, Indie"
9659,Bulletstorm: Full Clip Edition,2017-04-07,3.93,640,76.0,4,"Action, Adventure"
50214,Ring of Elysium,2018-09-19,2.94,383,,2,"Action, Shooter, Massively Multiplayer"
22397,Command & Conquer: Red Alert 3 - Uprising,2009-03-12,3.6,242,64.0,1,Strategy
16813,Mount & Blade,2008-09-16,3.91,361,72.0,4,"Action, RPG, Indie"
19655,Guacamelee! Gold Edition,2013-08-08,3.85,306,88.0,3,"Action, Adventure, Indie"
22846,Thief 3: Deadly Shadows,2004-05-24,3.78,231,85.0,1,"Action, Simulation"
46508,Return Of The Obra Dinn,2018-10-17,4.33,763,88.0,5,"Adventure, Indie"
51687,Two Point Hospital,2018-08-29,3.74,405,84.0,4,"RPG, Simulation"
17854,Teleglitch: Die More Edition,2013-07-24,2.74,147,78.0,2,"Action, Indie"
28613,Halo: Reach,2010-09-14,4.29,781,91.0,11,Shooter
16161,Hard Reset Extended Edition,2012-07-12,3.19,208,73.0,2,"Action, Indie"
709,Hawken,2014-02-14,2.84,297,73.0,1,"Action, Shooter"
10665,POSTAL,1997-11-14,3.0,243,56.0,2,"Action, Indie"
11164,A Hat in Time,2017-10-05,4.31,508,77.0,6,"Action, Platformer"
10309,Endless Space 2,2016-10-06,3.87,228,82.0,5,Strategy
23479,Observеr,2017-08-14,3.9,479,77.0,4,"Adventure, RPG, Casual, Indie"
46560,Stick Fight: The Game,2017-09-28,3.82,389,,3,"Action, Casual, Indie"
43,Full Throttle Remastered,2017-04-17,3.96,437,77.0,3,Adventure
1073,Keep Talking and Nobody Explodes,2015-10-08,4.19,421,67.0,3,"Simulation, Indie, Puzzle"
637477,Splitgate,2019-05-24,3.41,233,,2,"Action, Shooter"
28580,Dragon Age 2,2011-03-08,3.85,858,81.0,9,"Action, Adventure, RPG"
442857,Tomb Raider: Definitive Edition,2014-01-31,4.1,362,86.0,1,"Action, Adventure"
11460,Astroneer,2019-02-06,3.77,513,73.0,9,"Adventure, Indie"
2659,Trackmania Turbo,2016-03-22,3.48,619,79.0,5,"Racing, Massively Multiplayer"
17844,Divine Divinity,2002-09-13,3.51,270,81.0,1,"Action, RPG"
28619,Gears of War 2,2008-11-07,4.29,720,93.0,22,Shooter
58859,Marvel’s Avengers,2020-09-04,2.68,439,68.0,12,"Action, Adventure, RPG"
12130,RimWorld,2016-07-15,4.35,632,87.0,19,"Strategy, Simulation, Indie"
28418,Diablo III: Reaper of Souls,2014-03-25,4.17,909,87.0,20,"Action, RPG"
10023,Geneshift,2017-04-27,2.14,196,,3,"Action, RPG, Indie"
58637,Code Vein,2019-09-26,3.5,367,72.0,7,"Action, RPG"
38965,Star Wars: The Old Republic,2011-12-20,3.86,284,85.0,5,"RPG, Massively Multiplayer"
14156,ENSLAVED: Odyssey to the West Premium Edition,2013-10-24,3.97,364,70.0,3,"Action, Adventure"
3751,Dark Souls II,2014-03-11,4.02,754,91.0,43,"Action, RPG"
19635,Fable: The Lost Chapters,2005-09-01,4.44,835,83.0,2,"Action, Adventure, RPG"
441738,The Ascent,2021-07-29,3.33,325,73.0,4,"Action, Adventure, RPG, Indie"
13780,Sid Meier's Civilization IV,2005-10-25,4.11,375,94.0,1,Strategy
46301,Raft,2022-06-20,3.89,452,,8,Adventure
58385,Rage 2,2019-05-14,3.24,716,71.0,11,"Action, Shooter, Racing"
2894,"Invisible, Inc.",2015-05-12,3.53,346,82.0,3,"Adventure, Strategy"
1726,10 Second Ninja X,2016-07-19,2.51,166,,1,"Action, Indie"
10206,Ashes of the Singularity: Escalation,2016-11-09,2.39,69,81.0,3,"RPG, Strategy, Simulation, Indie"
876,Legend of Grimrock,2012-04-10,3.8,297,82.0,3,"Adventure, RPG, Indie"
58806,Satisfactory,2024-09-11,4.3,360,,12,"Action, Adventure, Strategy, Indie"
14364,Jagged Alliance 1: Gold Edition,1994-04-02,2.45,92,,1,"Action, RPG, Strategy"
366885,Dragon Age: Origins - Ultimate Edition,2010-10-26,4.44,486,88.0,6,RPG
10355,Fractured Space,2016-09-22,2.41,155,79.0,1,"Action, Strategy, Indie"
3189,Grow Home,2014-02-04,3.48,381,75.0,3,"Adventure, Casual, Indie"
17736,Two Worlds Epic Edition,2009-04-30,2.8,187,65.0,5,RPG
897,Superbrothers: Sword & Sworcery,2011-03-24,3.49,270,,1,"Adventure, RPG, Indie"
5524,Brink,2011-05-09,2.73,407,70.0,2,"Action, Shooter"
27,Pyre,2017-07-25,4.16,484,84.0,4,"Adventure, RPG, Sports, Arcade, Indie"
17818,Overlord: Raising Hell,2008-02-15,3.73,206,72.0,2,RPG
13926,Prince of Persia: The Two Thrones,2005-12-01,4.12,713,85.0,1,"Action, Adventure"
10028,Space Engineers,2013-10-23,3.52,270,68.0,5,"Action, Strategy, Simulation, Indie"
12108,DISTRAINT,2015-10-21,3.06,247,76.0,3,"Adventure, Casual, Indie"
257192,Psychonauts 2,2021-08-24,4.36,398,88.0,11,"Action, Adventure, Platformer"
10039,Tyranny,2016-11-10,4.07,464,80.0,5,RPG
28131,Fortnite: Save The World,2017-07-21,2.99,803,,0,"Action, Shooter, Strategy"
11975,STAR WARS Jedi Knight: Dark Forces II,1997-09-30,3.69,205,91.0,1,"Action, Shooter"
486,Tales of Berseria,2016-08-18,3.98,337,80.0,6,"Action, RPG"
19628,FlatOut 2,2006-06-29,4.33,649,76.0,2,"Racing, Arcade"
5995,Little Inferno,2012-11-17,3.84,393,68.0,3,"Adventure, Simulation, Casual, Indie, Puzzle"
397473,Back 4 Blood,2021-10-07,3.23,332,76.0,6,"Action, Shooter"
3513,LEGO Batman 3: Beyond Gotham,2014-11-10,3.61,232,75.0,5,"Action, Adventure, Family"
10037,Europa Universalis IV,2013-08-12,4.22,400,87.0,6,Strategy
28126,FIFA 18,2017-09-26,3.37,702,79.0,0,Sports
17473,Quake Live,2014-09-17,3.56,320,,1,Action
12850,Cave Story+,2010-03-22,3.95,318,83.0,2,"Action, Adventure, Indie, Platformer"
3933,Tom Clancy’s Splinter Cell Blacklist,2013-08-20,4.08,577,81.0,10,Action
384567,Crusader Kings III,2020-09-01,4.32,470,86.0,12,"RPG, Strategy, Simulation"
3848,Killzone Shadow Fall,2013-11-15,3.17,546,73.0,0,Shooter
45763,Bomber Crew,2017-10-19,3.11,141,75.0,3,"Strategy, Simulation"
2119,Tricky Towers,2016-06-20,3.68,454,80.0,3,"Arcade, Casual, Indie, Puzzle"
11729,Gang Beasts,2014-08-29,3.9,404,,2,"Action, Adventure, Casual, Indie"
3277,Quiplash,2015-06-30,3.57,154,,1,"Strategy, Casual, Indie"
13466,Devil May Cry 4: Special Edition,2015-06-23,4.2,566,,9,Action
5488,Crash Bandicoot,1996-09-09,4.15,786,,20,"Action, Platformer"
12045,Two Worlds II,2010-11-09,3.03,268,76.0,5,RPG
14331,Call of Duty 2,2005-10-25,4.22,953,86.0,3,Shooter
59637,Untitled Goose Game,2019-09-20,4.05,720,80.0,2,"Action, Family, Indie, Puzzle"
3134,Wasteland 2: Director's Cut,2015-10-13,3.64,330,87.0,6,"Adventure, RPG, Strategy, Indie"
12022,King's Bounty: The Legend,2008-04-24,4.21,371,79.0,3,"RPG, Strategy"
58389,Call of Duty: Black Ops 4,2018-10-12,3.29,569,84.0,0,"Action, Shooter"
4480,Mini Ninjas,2009-09-08,3.51,230,74.0,1,"Action, Adventure, Family"
54,Punch Club,2016-01-07,3.67,382,73.0,5,"RPG, Strategy, Simulation, Sports, Fighting, Indie"
5544,DiRT 3,2011-05-24,3.68,415,87.0,2,"Sports, Racing, Arcade"
558986,Capcom Arcade Stadium,2021-02-17,2.68,73,78.0,1,"Action, Arcade"
9644,Planet Coaster,2016-11-17,3.78,294,83.0,5,"Strategy, Simulation"
41498,Need for Speed: Most Wanted - A Criterion Game,2012-10-30,3.38,644,82.0,2,"Racing, Arcade"
369157,Yakuza: Like a Dragon,2020-01-16,4.35,374,85.0,17,"Action, Adventure, RPG"
12761,"Warhammer 40,000: Dawn of War II: Retribution",2011-02-28,3.82,268,80.0,6,"RPG, Strategy"
58394,Horizon Chase Turbo,2018-05-15,3.43,403,78.0,3,"Action, Sports, Racing, Casual, Indie"
59611,Pathfinder: Kingmaker,2018-09-25,3.92,328,73.0,10,RPG
4473,Shank 2,2012-02-07,3.57,267,72.0,4,"Action, Adventure, Arcade, Indie"
39707,God of War II,2007-03-13,4.39,976,93.0,17,Action
327219,Superliminal,2019-11-12,4.16,515,77.0,3,"Indie, Puzzle"
758,Hue,2016-08-30,3.37,337,79.0,2,"Adventure, Board Games, Indie, Puzzle"
748414,Aperture Desk Job,2022-03-01,3.8,202,,1,"Action, Adventure, Casual"
54492,Quake II,1997-12-09,4.17,411,,1,"Action, Shooter"
4962,Shank,2010-08-10,3.66,379,67.0,2,"Action, Adventure, Arcade, Indie"
18852,Poker Night at the Inventory,2010-11-22,3.41,248,71.0,3,"Sports, Casual, Card"
54629,Crazy Taxi (1999),1999-01-01,3.83,432,82.0,1,"Action, Racing, Arcade"
16723,Gunpoint,2013-06-03,4.03,293,83.0,3,"Action, Strategy, Indie"
326236,Spiritfarer,2020-08-18,4.12,382,84.0,5,"Adventure, Simulation, Indie"
452642,Horizon Forbidden West,2022-02-18,4.18,485,86.0,0,"Action, Adventure, RPG"
9880,Oxygen Not Included,2017-05-18,4.14,383,86.0,7,"Strategy, Simulation, Indie"
19640,Assassin's Creed: Director's Cut Edition,2008-04-09,3.92,419,79.0,5,"Action, Adventure"
343597,Sonic Adventure 2,2001-06-18,3.96,366,89.0,2,"Action, Adventure, Platformer"
16003,Baldur's Gate II: Enhanced Edition,2013-11-15,4.27,243,78.0,4,"RPG, Strategy"
10379,Fishing Planet,2015-08-11,2.6,207,,1,"Simulation, Sports, Massively Multiplayer"
11223,Absolver,2017-08-28,2.91,404,69.0,3,"Action, Adventure, Fighting, Indie"
10270,100% Orange Juice,2013-09-10,2.98,166,,4,"Strategy, Indie"
3226,Prototype 2,2012-04-24,3.8,618,76.0,6,"Action, Adventure"
1249,FIFA 17,2016-09-27,3.32,591,85.0,0,Sports
43734,State of Decay 2,2018-05-22,3.29,514,68.0,8,"Action, Shooter, RPG, Simulation"
49225,DRAGON BALL FighterZ,2018-01-25,4.09,440,86.0,7,"Action, Fighting"
490,The Turing Test,2016-08-30,3.58,325,74.0,4,Adventure
548036,Loop Hero,2021-03-04,4.04,479,83.0,10,"RPG, Strategy, Simulation, Indie"
447,LEGO Harry Potter: Years 1-4,2010-06-03,3.82,449,79.0,3,"Action, Adventure, Family, Platformer"
11839,Pathologic 2,2019-05-22,4.06,316,69.0,4,"Adventure, RPG, Indie"
9828,Natural Selection 2,2012-10-30,3.26,202,80.0,3,"Action, Strategy, Indie"
463723,Far Cry 6,2021-10-07,3.35,495,75.0,8,"Action, Shooter, Adventure"
12344,Counter-Strike Nexon: Zombies,2014-09-23,2.13,234,,1,"Action, Casual, Massively Multiplayer"
5403,Flower,2009-02-12,3.97,566,89.0,2,"Adventure, Arcade, Casual, Family"
10715,Hearts of Iron IV,2016-06-06,4.05,383,83.0,8,"Strategy, Simulation"
1854,Costume Quest,2010-10-19,3.44,270,,4,"Action, Adventure, RPG, Casual, Family"
28300,NiGHTS into dreams...,1995-02-11,3.06,113,,1,"Adventure, Platformer"
12073,The Secret of Monkey Island: Special Edition,2009-07-15,4.18,332,86.0,2,"Adventure, Family"
58085,Jurassic World Evolution,2018-06-12,3.63,345,71.0,6,"Action, Strategy, Simulation"
39277,Aliens vs. Predator,2010-02-16,3.57,425,68.0,3,"Action, Shooter"
18712,Dear Esther,2012-02-14,3.47,366,75.0,1,"Adventure, Casual, Indie"
1488,METAL SLUG 3,2000-03-23,3.97,370,,2,"Action, Arcade, Casual, Fighting"
10241,Thief II: The Metal Age,2000-02-29,4.13,178,87.0,1,"Action, Simulation"
10180,Wizard of Legend,2018-05-15,3.54,247,77.0,3,"Action, Adventure, Indie"
4108,Demon's Souls,2009-02-05,4.27,547,89.0,38,"Action, RPG"
10108,Portal Knights,2016-02-25,2.98,355,72.0,4,"Action, Adventure, RPG"
35613,Sonic Adventure DX: Director's Cut,2003-06-06,3.91,319,57.0,2,"Adventure, Arcade, Platformer"
570074,Teenage Mutant Ninja Turtles: Shredder's Revenge,2022-06-16,4.08,442,86.0,3,"Action, Adventure, Arcade, Casual, Fighting, Indie"
22865,Tomb Raider: The Angel of Darkness,2003-06-19,3.12,191,,1,"Action, Adventure, Platformer"
10416,Darkwood,2017-08-17,3.81,254,78.0,2,"Action, Adventure, RPG, Indie"
440079,DiRT 5,2020-11-05,3.25,246,79.0,2,"Racing, Arcade"
10390,Pixel Puzzles Ultimate,2016-09-09,1.99,138,,3,"Casual, Indie, Puzzle"
43078,Portal Stories: Mel,2015-06-25,4.03,213,,2,Puzzle
42060,Wreckfest,2018-06-13,3.68,385,79.0,3,"Racing, Arcade"
366881,Little Nightmares II,2021-02-10,4.37,566,82.0,6,"Action, Adventure, Platformer"
29180,Ni no Kuni II: Revenant Kingdom,2018-03-23,3.89,436,82.0,7,"Adventure, RPG"
17169,The Ship: Murder Party,2006-07-11,2.99,179,76.0,3,"Action, RPG, Indie"
22734,Beneath a Steel Sky,1994-04-10,2.76,220,,1,"Adventure, Indie"
18708,Pathologic Classic HD,2015-10-28,3.87,264,76.0,4,"Action, Adventure, RPG, Indie"
4185,Kingdoms of Amalur: Reckoning,2012-02-07,3.61,480,81.0,6,"Action, Adventure, RPG"
58921,Mutant Year Zero: Road to Eden,2018-12-03,3.73,474,78.0,4,"Adventure, RPG, Strategy"
17945,Knights and Merchants,2013-02-01,2.82,165,,3,"Strategy, Simulation"
2828,NARUTO SHIPPUDEN: Ultimate Ninja STORM 4,2016-02-04,4.02,504,80.0,8,"Action, Fighting"
63904,Steel Rats,2018-11-06,2.63,97,66.0,2,"Action, Simulation, Racing, Platformer"
15857,STAR WARS Empire at War - Gold Pack,2010-05-25,3.78,189,,2,Strategy
44029,My Time At Portia,2019-01-14,3.52,285,73.0,5,"RPG, Simulation, Casual"
295020,Wasteland 3,2020-08-28,4.07,307,83.0,6,"RPG, Strategy"
14625,Medieval II: Total War,2007-11-27,4.1,303,88.0,4,"Strategy, Simulation"
9459,House Flipper,2018-05-16,3.84,352,62.0,7,"Adventure, Simulation, Indie"
51324,Kingdom Hearts III,2019-01-25,3.86,537,82.0,0,"Action, RPG"
4192,Pid,2012-09-05,2.64,176,63.0,1,"Action, Adventure, Arcade, Indie, Puzzle, Platformer"
19151,The Ship: Single Player,2006-11-20,2.67,173,,1,"Action, RPG, Indie"
10302,Dead Island Definitive Edition,2016-05-31,3.54,305,67.0,7,Action
320,Night in the Woods,2017-02-21,4.25,674,88.0,6,Adventure
274767,Far Cry New Dawn,2019-02-15,3.36,635,73.0,12,"Action, Shooter, Adventure, Arcade"
5689,The Sims 3,2009-06-02,4.03,784,86.0,11,"Simulation, Casual"
284664,Streets of Rage 4,2020-04-30,4.08,495,84.0,4,"Action, Adventure, Fighting, Indie"
4057,Defiance,2013-04-02,2.21,226,64.0,3,"Action, Shooter, RPG, Massively Multiplayer"
616697,A Plague Tale: Requiem,2022-10-17,4.28,502,,5,"Action, Adventure"
50678,SCP: Secret Laboratory,2017-12-28,3.22,276,,1,Action
12048,ORION: Prelude,2012-05-04,2.25,200,,3,"Action, Adventure, RPG, Indie"
9768,GameGuru,2015-05-19,1.88,129,,1,Educational
19962,No Time To Explain Remastered,2015-07-17,2.76,132,,3,"Action, Adventure, Casual, Indie"
1391,Assetto Corsa,2014-12-19,3.91,230,85.0,2,"Simulation, Sports, Racing, Indie"
494384,God of War: Ragnarök,2022-11-09,4.42,808,,0,Action
16014,Planetary Annihilation,2014-09-05,2.87,175,62.0,7,Strategy
3987,Giana Sisters: Twisted Dreams,2012-10-22,3.05,168,77.0,3,"Action, Adventure, Arcade, Indie, Platformer"
2944,Trine 3: The Artifacts of Power,2015-04-20,3.61,309,,4,"Action, Adventure, Indie"
5390,Burnout Paradise,2008-01-22,4.09,626,87.0,8,"Racing, Arcade"
16351,Realm of the Mad God,2012-02-20,3.09,245,82.0,2,"Action, RPG, Massively Multiplayer, Indie"
16779,BIT.TRIP RUNNER,2010-05-16,3.33,254,,2,"Action, Arcade, Indie"
28632,Gears of War 3,2011-09-20,4.2,602,91.0,16,Shooter
1545,Hand of Fate,2015-02-16,3.71,320,78.0,4,"Action, Adventure, RPG, Indie"
12279,Tomb Raider V: Chronicles,2000-11-17,3.37,142,,1,"Action, Shooter, Adventure"
324992,Watch Dogs: Legion,2020-10-29,3.12,416,72.0,2,"Action, Shooter, Adventure"
17013,Lucius,2012-10-25,3.13,243,59.0,4,"Action, Adventure, Indie"
8278,Gears of War 4,2016-10-11,3.91,685,85.0,0,"Action, Shooter"
194,Styx: Shards of Darkness,2017-03-13,3.36,204,72.0,3,"Action, Adventure"
14230,Sang-Froid - Tales of Werewolves,2013-04-05,2.23,110,79.0,2,"Action, Adventure, RPG, Strategy, Indie"
4125,Crysis 3,2013-02-19,3.7,680,76.0,2,"Action, Shooter, Adventure, Strategy"
40265,Dungeon Siege 3,2011-05-31,3.11,226,72.0,2,"Action, RPG"
445430,Mafia III: Definitive Edition,2020-05-19,3.16,405,,1,"Action, Adventure"
455532,Star Wars: Squadrons,2020-10-02,3.16,275,79.0,3,"Action, Simulation"
29236,Tunic,2022-03-16,4.11,368,86.0,5,"Action, Adventure, Indie"
4240,Worms Revolution,2012-10-09,3.58,271,73.0,4,"Strategy, Simulation"
23302,Black Squad,2017-07-28,2.58,240,,1,"Action, Massively Multiplayer"
798,Downwell,2015-10-14,3.85,457,81.0,2,"Action, Adventure, Arcade, Casual, Indie, Platformer"
2784,The Bridge,2013-02-21,3.26,252,74.0,3,"Strategy, Casual, Indie, Puzzle"
44510,The Escapists 2,2017-08-21,3.58,274,74.0,4,"Strategy, Simulation, Indie"
28156,Tacoma,2017-08-01,3.67,305,78.0,4,"Adventure, Indie"
481910,Call of Duty: Black Ops Cold War,2020-11-13,3.8,379,76.0,11,"Action, Shooter"
1165,SteamWorld Heist,2015-12-10,3.94,327,81.0,5,"Action, Adventure, RPG, Strategy, Indie, Platformer"
15422,Serious Sam Classics: Revolution,2014-04-30,3.51,209,,1,"Action, Indie"
311,Sunless Sea,2015-02-05,3.7,243,81.0,3,"Adventure, RPG, Indie"
52330,The Council,2018-03-12,3.61,348,76.0,4,"Action, Adventure, RPG"
2666,Mini Metro,2015-11-05,4.09,454,77.0,3,"Strategy, Simulation, Indie, Puzzle"
59695,Cuisine Royale,2018-06-15,2.59,289,,1,"Action, Massively Multiplayer"
2592,DuckTales: Remastered,2013-08-13,3.77,372,73.0,3,"Adventure, Platformer"
19166,System Shock (1994),1994-09-23,3.99,179,85.0,3,"Action, Shooter, RPG"
12760,"Warhammer 40,000: Dawn of War II Chaos Rising",2010-03-11,3.95,236,85.0,4,"RPG, Strategy"
427,Plants vs. Zombies,2009-05-05,4.27,857,86.0,2,"Strategy, Arcade, Puzzle"
3489,The Crew,2014-12-01,3.32,471,71.0,16,"Adventure, Racing, Massively Multiplayer"
58325,Beat Saber,2019-05-21,4.35,638,90.0,7,"Action, Indie"
15713,Chaos on Deponia,2012-10-12,4.07,322,78.0,5,"Adventure, RPG, Indie"
19615,Crysis Warhead,2008-09-16,3.81,430,84.0,2,"Action, Shooter"
3336,Project CARS,2015-05-06,3.57,270,83.0,4,"Simulation, Sports, Racing"
2925,Rebel Galaxy,2015-10-19,2.96,224,72.0,2,"Action, Adventure, RPG, Strategy, Simulation, Indie"
58831,Call of Cthulhu,2018-10-30,3.53,376,66.0,5,"Action, Adventure, RPG"
10758,American Truck Simulator,2016-02-02,3.99,256,76.0,6,"Simulation, Indie"
12323,Shadowrun: Hong Kong - Extended Edition,2015-08-20,3.83,224,81.0,5,"Adventure, RPG, Strategy, Indie"
10346,Fistful of Frags,2014-05-09,3.12,276,,2,"Action, Indie"
45109,Maneater,2020-05-22,3.43,261,68.0,4,"Action, Adventure, RPG, Indie"
17010,Kentucky Route Zero,2020-01-28,3.98,310,81.0,2,"Adventure, Indie"
579507,Death's Door,2021-07-20,4.19,393,,5,"Action, RPG, Indie"
19409,Operation Flashpoint: Dragon Rising,2009-10-06,2.78,171,76.0,1,"Action, Shooter"
16344,Sanctum,2011-04-15,3.3,190,70.0,2,"Action, Shooter, Strategy, Casual, Indie"
3307,The Escapists,2015-02-12,3.44,305,71.0,4,"Action, Adventure, RPG, Strategy, Simulation, Indie, Puzzle"
452646,Astro's Playroom,2020-11-12,4.36,579,83.0,0,"Action, Platformer"
35086,KAO the Kangaroo: Round 2,2005-04-15,2.67,137,,1,"Action, Adventure, Racing, Arcade, Casual, Platformer"
4489,Crysis 2,2011-03-22,3.85,732,85.0,13,"Action, Shooter"
5426,Crash Bandicoot 3: Warped,1998-10-31,4.35,650,91.0,5,"Action, Platformer"
12322,Emily is Away,2015-11-20,3.57,436,,1,"Adventure, Simulation, Casual, Indie"
10606,Mirage: Arcane Warfare,2017-05-23,2.17,177,74.0,3,"Action, Indie"
20511,TrackMania Nations Forever,2008-04-16,3.76,279,,1,Racing
22412,Ultimate Doom,1995-12-31,4.43,297,,1,"Action, Shooter"
1820,Worms W.M.D,2016-08-22,3.79,315,79.0,3,"Action, Strategy"
5877,Back to the Future: The Game,2010-12-21,3.44,263,74.0,2,"Action, Adventure, Puzzle"
12648,"Warhammer 40,000: Dawn of War - Soulstorm",2008-03-04,4.04,294,,4,Strategy
3580,FIFA 15,2014-09-20,3.37,509,82.0,17,Sports
452635,Kena: Bridge of Spirits,2021-09-21,3.97,469,80.0,4,"Action, Shooter, Adventure, Strategy, Indie"
17087,The Tiny Bang Story,2011-04-21,3.18,230,63.0,4,"Adventure, Casual, Family, Indie, Puzzle"
12649,"Warhammer 40,000: Dawn of War - Dark Crusade",2006-10-09,4.2,320,87.0,2,Strategy
452645,Hitman 3,2021-01-20,4.25,369,83.0,6,"Action, Shooter, Adventure"
4724,Puzzle Agent,2010-06-30,3.19,132,70.0,2,"Adventure, Casual, Puzzle"
47,Yooka-Laylee,2017-03-31,3.05,252,73.0,4,"Action, Adventure, Indie, Platformer"
55984,Beyond Good & Evil,2003-11-11,4.37,517,84.0,1,"Action, Adventure"
17741,Pony Island,2016-01-04,3.96,346,86.0,3,"Adventure, Arcade, Indie, Puzzle"
3332,FINAL FANTASY X/X-2 HD Remaster,2013-12-26,4.34,290,85.0,6,RPG
2822,Lovers in a Dangerous Spacetime,2015-09-08,3.57,391,80.0,3,"Action, Shooter, Simulation, Indie"
19503,Unreal Tournament 3 Black,2007-12-11,3.79,313,83.0,2,"Action, Shooter"
9906,Figment,2017-09-21,3.23,129,,3,"Action, Adventure, Indie, Puzzle"
47428,Hunt: Showdown,2018-02-22,3.87,318,79.0,6,"Action, Shooter"
17092,Receiver,2012-06-18,2.82,137,,1,"Action, Shooter, Simulation, Indie"
2234,The Banner Saga 2,2016-04-18,4.21,356,82.0,6,"RPG, Strategy, Indie"
304953,Assassin's Creed III: Remastered,2019-03-29,3.55,416,71.0,4,"Action, Adventure"
3325,Octodad: Dadliest Catch,2014-01-29,3.73,360,69.0,3,"Action, Adventure, Simulation, Family, Indie"
52827,Crash Bandicoot 2: Cortex Strikes Back,1997-11-01,4.27,613,,0,Platformer
19436,Beyond Divinity,2004-04-26,3.2,179,73.0,1,"Action, RPG"
303576,Vampire: The Masquerade – Bloodlines 2,2025-10-21,3.83,355,,329,"Action, RPG"
12319,DEFCON,2006-09-28,3.07,177,84.0,1,"Strategy, Indie"
1108,Manual Samuel,2016-10-11,3.4,176,,4,"Adventure, Indie"
11407,Banished,2014-02-17,3.88,310,73.0,5,"Strategy, Simulation, Indie"
1116,Reus,2013-05-15,3.06,233,75.0,3,"Strategy, Simulation, Indie"
28608,Fable II,2008-10-21,4.13,519,89.0,27,"Action, Adventure, RPG"
50273,"Warhammer 40,000: Gladius - Relics of War",2018-07-11,2.78,96,71.0,4,Strategy
50839,Baba Is You,2019-03-13,4.38,541,86.0,3,"Indie, Puzzle"
3767,Assassin's Creed Freedom Cry,2014-02-18,3.08,496,73.0,4,"Action, Adventure"
52215,Burnout Paradise Remastered,2018-03-16,3.88,426,80.0,2,"Racing, Arcade"
324994,Darksiders Genesis,2019-12-05,3.58,227,76.0,4,"Action, Adventure, RPG"
10088,Owlboy,2016-10-31,3.83,306,88.0,4,"Action, Adventure, Indie, Platformer"
12280,Tomb Raider IV: The Last Revelation,1999-10-31,3.73,172,,1,"Action, Shooter, Adventure, Puzzle"
373504,Resident Evil: Resistance,2020-04-03,2.18,146,64.0,3,Action
1720,Q.U.B.E: Director's Cut,2014-05-21,3.23,231,,2,"Action, Adventure, Indie, Puzzle"
54718,Quake III Arena,1999-12-02,4.34,531,,1,"Action, Shooter"
52384,The Messenger,2018-08-30,4.29,335,84.0,6,"Action, Adventure, RPG, Indie, Platformer"
9598,Project CARS 2,2017-09-22,3.61,229,86.0,4,"Simulation, Sports, Racing"
650605,Cult of the Lamb,2022-08-11,4.11,453,,10,"Action, Adventure, Strategy, Indie"
10579,Planescape: Torment: Enhanced Edition,2017-04-11,4.37,280,85.0,4,"Adventure, RPG, Strategy"
244722,Thronebreaker: The Witcher Tales,2018-10-23,4.06,496,83.0,6,"Adventure, RPG, Strategy"
9697,Alien Swarm: Reactive Drop,2017-04-20,3.35,270,,2,Action
12741,Empire: Total War,2009-03-03,3.79,277,90.0,4,Strategy
58782,Wolfenstein: Youngblood,2019-07-26,2.68,423,66.0,6,"Action, Shooter"
19237,Warlock - Master of the Arcane,2012-05-08,2.72,117,71.0,3,Strategy
3843,Blacklight: Retribution,2012-04-03,2.52,233,75.0,2,"Action, Shooter"
17600,Sniper: Ghost Warrior 2,2013-03-12,3.14,234,52.0,2,"Action, Shooter"
6530,Uplink,2001-09-30,3.32,145,75.0,1,"Strategy, Simulation, Indie"
3877,Magrunner: Dark Pulse,2013-06-19,2.53,108,,1,"Action, Adventure, Puzzle, Platformer"
327227,Outriders,2021-04-01,3.38,327,73.0,18,"Action, Shooter, Adventure, RPG"
8444,Halo 5: Guardians,2015-10-27,3.73,543,84.0,0,"Action, Shooter, Adventure"
20826,Sacred 2 Gold,2009-11-08,3.28,196,,1,"Action, RPG"
13999,Penumbra Overture,2007-03-30,3.73,238,73.0,1,"Action, Adventure, Indie"
3044,Deadpool,2013-06-25,3.75,579,63.0,5,"Action, Adventure"
257252,Trine 4: The Nightmare Prince,2019-10-07,3.93,217,80.0,5,"Action, Adventure, Puzzle, Platformer"
13583,The Lord of the Rings Online,2007-04-24,3.17,225,86.0,3,"RPG, Massively Multiplayer"
16183,Defy Gravity Extended,2016-03-18,2.05,161,,2,"Action, Adventure, RPG, Strategy, Simulation, Sports, Racing, Casual, Indie"
51,APB Reloaded,2011-12-06,2.31,254,,3,"Action, Shooter, Massively Multiplayer"
13777,Sid Meier's Civilization IV: Colonization,2008-09-22,3.62,163,83.0,1,"Strategy, Simulation, Educational"
24619,Broken Sword 1 - Shadow of the Templars (The Director's Cut),2009-03-19,4.01,158,,1,"Adventure, Puzzle"
3223,Everybody's Gone to the Rapture,2015-08-11,3.35,513,76.0,2,"Adventure, Casual, Indie"
4796,Stacking,2011-02-07,3.35,190,80.0,3,"Action, Adventure, RPG, Indie, Puzzle"
14929,Rome: Total War - Collection,2007-08-27,3.99,226,92.0,3,Strategy
58732,FIFA 19,2018-09-28,3.31,652,80.0,0,"Simulation, Sports"
1320,Dead Rising,2006-08-08,3.69,373,82.0,5,Action
700,Lara Croft GO,2015-08-27,3.7,276,84.0,3,"Adventure, Puzzle"
15604,Kathy Rain,2016-05-05,2.89,150,77.0,3,"Adventure, Indie, Puzzle"
9845,Total War: WARHAMMER,2016-05-24,4.06,324,86.0,9,"RPG, Strategy"
44641,PC Building Simulator,2018-03-27,3.85,267,,4,"Strategy, Simulation, Indie"
3437,Apotheon,2015-02-02,3.2,330,78.0,4,"Action, Adventure, RPG, Indie"
19482,FlatOut,2004-11-05,4.03,403,72.0,1,"Racing, Arcade"
13778,Civilization IV: Beyond the Sword,2007-06-24,3.75,162,86.0,3,Strategy
28195,Wargroove,2019-02-01,3.6,213,83.0,3,"Strategy, Indie"
16922,RACE 07,2007-10-15,2.18,114,83.0,1,Racing
3179,LittleBigPlanet,2008-10-27,4.09,552,95.0,5,"Action, Arcade"
703,LET IT DIE,2016-12-03,3.01,328,72.0,2,"Action, Adventure, Massively Multiplayer"
12641,"Warhammer 40,000: Dawn of War – Winter Assault",2005-09-23,3.94,256,85.0,1,Strategy
17604,Return to Castle Wolfenstein,2001-11-20,4.22,468,88.0,1,Shooter
14397,Sven Co-op,2016-01-22,3.33,199,,2,"Action, Casual, Indie"
2184,Moon Hunters,2016-03-09,3.42,153,62.0,3,"Action, Adventure, RPG, Indie"
23600,Diablo III,2012-05-15,4.09,894,88.0,58,"Action, RPG"
87,Salt and Sanctuary,2016-03-15,3.91,351,84.0,3,"Action, RPG, Indie, Platformer"
52943,Final Fantasy IX,2000-07-07,4.35,579,84.0,5,"Adventure, RPG"
388308,Overwatch 2,2022-10-04,3.14,382,78.0,4,"Action, Shooter, Massively Multiplayer"
53446,Need for Speed: Underground 2,2004-11-15,4.39,1281,82.0,46,"Racing, Arcade"
13779,Civilization IV: Warlords,2006-07-26,3.69,149,84.0,1,Strategy
6885,Sid Meier's Pirates!,2004-11-22,3.96,272,88.0,1,"Action, Adventure, RPG, Strategy, Simulation, Arcade, Educational, Fighting"
15221,Eador. Masters of the Broken World,2013-04-18,2.77,186,74.0,4,"Strategy, Indie"
9066,The Walking Dead: A New Frontier,2016-12-19,3.63,637,71.0,9,"Action, Adventure"
4518,Prince of Persia: The Forgotten Sands,2010-05-18,3.63,472,75.0,2,"Action, Adventure"
16179,Out There Somewhere,2016-03-14,2.6,145,,3,"Action, Adventure, RPG, Strategy, Simulation, Sports, Racing, Casual, Indie"
20709,Tom Clancy's Splinter Cell Chaos Theory,2005-03-21,4.38,489,92.0,2,"Action, Adventure"
15712,Goodbye Deponia,2013-10-15,3.98,262,80.0,5,"Adventure, RPG"
17536,Sniper: Ghost Warrior,2010-06-24,2.99,250,55.0,1,"Action, Shooter"
674,Frozen Synapse,2011-05-25,3.29,177,85.0,2,"Action, Strategy, Indie"
795632,Resident Evil 4,2023-03-24,4.57,649,,24,"Action, Adventure"
487910,Immortals: Fenyx Rising,2020-12-03,3.73,387,78.0,3,"Action, Adventure, RPG"
1559,Sonic CD,2011-12-14,3.66,251,,1,"Action, Platformer"
11471,ELEX,2017-10-17,3.52,311,59.0,4,"Action, Adventure, RPG"
57607,Metal Gear Solid,1998-09-03,4.39,1168,94.0,1,Action
58295,Murderous Pursuits,2018-04-26,2.35,201,,3,"Action, RPG, Strategy, Simulation, Indie"
13868,Stronghold HD,2012-09-18,3.98,309,81.0,3,Strategy
263608,Void Bastards,2019-05-28,3.72,330,78.0,2,"Action, Strategy, Arcade"
19536,State of Decay,2013-06-06,3.62,417,79.0,5,"Action, RPG, Simulation"
9891,Friday the 13th: The Game,2017-05-25,3.13,330,61.0,6,"Action, Adventure"
24,Gran Turismo Sport,2017-10-17,3.92,558,75.0,0,Racing
16118,Supreme Commander 2,2010-03-01,3.3,166,77.0,3,"Strategy, Simulation"
20156,The Beginner's Guide,2015-10-01,4.35,470,,2,"Adventure, Indie"
41052,World of Warships,2015-09-17,3.16,176,81.0,2,Action
30445,Warcraft 3: Reign of Chaos,2002-07-03,4.45,1420,92.0,0,Strategy
13404,VA-11 Hall-A: Cyberpunk Bartender Action,2016-06-21,4.37,443,81.0,5,"Adventure, Simulation"
2074,UNO,2016-12-08,3.73,267,66.0,3,"Casual, Family"
50736,SoulCalibur VI,2018-10-19,3.7,221,83.0,3,"Action, Fighting"
14689,Tiny and Big: Grandpa's Leftovers,2012-06-18,3.05,146,75.0,2,"Action, Adventure, Arcade, Indie, Platformer"
19535,Devil May Cry 4,2008-01-22,4.14,589,78.0,3,Action
364942,Unpacking,2021-11-02,4.04,486,84.0,3,Casual
287337,Evoland Legendary Edition,2019-02-07,3.47,179,66.0,2,"Action, Adventure, RPG, Arcade, Casual, Indie"
15932,Crayon Physics Deluxe,2009-01-07,3.51,214,79.0,1,"Casual, Indie"
2992,Nuclear Throne,2015-12-04,4.03,302,,5,"Action, Shooter, RPG, Indie"
7441,Rusty Lake Hotel,2015-12-14,3.82,216,65.0,3,"Adventure, Indie, Puzzle"
28627,Halo 4,2012-11-06,3.83,574,86.0,75,"Action, Shooter"
9989,"I Have No Mouth, and I Must Scream",1995-10-31,3.37,136,,3,"Adventure, Puzzle"
50576,Atomic Heart,2023-02-21,3.85,632,73.0,12,"Action, Shooter, Adventure"
16123,The Last Remnant,2008-01-01,3.25,145,66.0,2,"RPG, Strategy"
61741,Supraland,2019-04-05,3.98,183,84.0,5,"Action, Adventure, Indie, Puzzle"
42592,Albion Online,2017-07-17,3.0,220,72.0,2,"Action, RPG, Massively Multiplayer"
3834,Contrast,2013-11-15,3.36,309,62.0,4,"Action, Adventure, Indie, Puzzle"
660,Killer Instinct,2013-11-22,3.51,308,,2,Action
5158,Legacy of Kain: Soul Reaver,1999-08-16,4.08,246,91.0,1,"Action, Adventure, Platformer"
39039,God of War III,2010-03-16,4.4,757,92.0,10,Action
19646,Tom Clancy's Splinter Cell,2002-11-17,4.18,491,91.0,2,"Action, Adventure"
12092,Age of Empires III: Complete Collection,2012-01-05,4.1,281,81.0,4,"Strategy, Simulation"
14336,Acceleration of SUGURI 2,2018-03-07,2.08,64,,3,"Action, Indie"
326253,Age of Empires II: Definitive Edition,2019-11-14,4.29,308,85.0,5,Strategy
57896,Mark of the Ninja: Remastered,2018-10-08,4.15,335,89.0,4,"Action, Indie, Platformer"
3416,Zombie Army Trilogy,2015-03-03,3.33,207,72.0,4,"Action, Shooter"
10364,911 Operator,2017-02-24,3.42,160,68.0,3,"Strategy, Simulation, Casual, Educational, Indie"
295001,Batman: The Telltale Series,2016-08-02,3.76,436,79.0,9,Adventure
2548,Shantae and the Pirate's Curse,2014-02-05,3.84,160,,6,"Action, Adventure, RPG, Indie, Platformer"
1575,World of Tanks Blitz,2014-06-28,2.77,263,76.0,2,"Action, Shooter, Adventure, Strategy, Massively Multiplayer"
3154,NBA 2K16,2015-09-25,2.96,316,86.0,11,Sports
30119,Wasteland,1988-01-01,2.63,128,,1,"Adventure, RPG, Strategy, Indie"
17085,Finding Paradise,2017-12-14,4.33,248,,5,"Adventure, RPG, Indie"
9840,We Happy Few,2018-08-09,3.15,367,64.0,4,"Action, Adventure, Indie"
22798,Tyrian 2000,1999-11-29,2.41,171,,1,"Action, Shooter"
21966,Ken Follett's The Pillars of the Earth,2017-08-15,3.54,138,79.0,3,"Adventure, Puzzle"
369158,The Dark Pictures Anthology: Little Hope,2020-10-30,3.79,454,70.0,6,"Action, Adventure"
332,The Elder Scrolls: Legends,2017-03-22,3.2,283,82.0,2,"Strategy, Card"
1077,Teslagrad,2013-12-12,3.34,221,77.0,4,"Action, Adventure, Family, Indie, Puzzle, Platformer"
3164,EA SPORTS FIFA 16,2015-09-22,3.33,453,79.0,0,Sports
15365,Survarium,2015-04-02,2.38,266,,1,"Action, RPG, Massively Multiplayer"
16817,Mount & Blade: With Fire & Sword,2009-12-04,3.87,229,68.0,4,"Action, RPG"
16948,Lethal League,2014-08-27,3.61,190,82.0,4,"Action, Sports, Indie"
54122,Ultima IV: Quest of the Avatar,1985-09-15,2.22,155,,1,"Adventure, RPG"
10547,Yoku's Island Express,2018-05-28,4.14,216,,3,"Adventure, Indie"
5783,FIFA 14,2013-09-23,3.44,462,86.0,35,Sports
15764,Gorky 17,1999-09-28,3.38,188,,4,"RPG, Strategy"
58829,Super Smash Bros. Ultimate,2018-12-07,4.36,1086,93.0,0,Fighting
19345,Command & Conquer: Red Alert 3,2008-01-01,3.99,368,82.0,3,"Strategy, Simulation"
2960,TowerFall Ascension,2013-06-25,3.94,290,87.0,3,"Action, Indie, Platformer"
3413,OlliOlli2: Welcome to Olliwood,2015-03-03,3.31,271,82.0,1,"Action, Sports, Indie, Platformer"
18301,Swords and Soldiers HD,2010-12-02,2.64,138,,1,"Action, Strategy, Casual, Indie"
23037,Victor Vran,2015-07-23,3.38,239,75.0,4,"Action, Adventure, RPG, Indie"
4023,Deadly Premonition: The Director's Cut,2013-04-30,3.84,205,67.0,4,"Action, Adventure"
19627,Commandos 2: Men of Courage,2001-09-20,4.23,220,87.0,1,Action
268446,Barotrauma,2023-03-13,3.77,196,81.0,4,"Action, Strategy, Simulation, Indie"
12606,Resident Evil 7 / Biohazard 7 Teaser: Beginning Hour,2016-12-18,3.79,324,,1,"Action, Adventure"
8923,Faeria,2017-03-08,2.96,213,80.0,2,"Strategy, Card, Massively Multiplayer, Indie"
2503,Party Hard,2015-08-24,3.52,285,64.0,4,"Action, Strategy, Arcade, Fighting, Indie"
3574,Sherlock Holmes: Crimes and Punishments,2014-09-30,3.95,386,77.0,7,Adventure
58766,Kingdom: Two Crowns,2018-12-10,4.14,203,85.0,6,"Adventure, RPG, Strategy, Simulation, Indie"
28150,Anthem,2019-02-22,2.69,518,59.0,0,"Action, Shooter, Adventure, RPG"
3734,Mercenary Kings,2014-03-25,2.92,175,76.0,3,"Action, Adventure, RPG, Indie"
680,Red Faction,2001-05-01,3.88,285,78.0,1,"Action, Shooter"
3923,Lost Planet 3,2013-08-26,3.28,190,60.0,4,"Action, Shooter"
16552,Dead Bits,2014-06-07,1.72,119,,4,"Action, Casual, Indie"
40104,Sam & Max: The Devil's Playhouse - Episode 1: The Penal Zone,2010-04-15,2.97,73,,1,"Action, Adventure"
58386,S.T.A.L.K.E.R. 2: Heart of Chornobyl,2024-11-20,3.77,327,,7,"Action, Shooter, Adventure, RPG"
22123,Hellpoint,2020-07-30,2.74,54,61.0,3,"Action, Adventure, RPG, Indie"
10638,Book of Demons,2018-12-13,3.55,151,72.0,3,"Action, Adventure, RPG, Casual, Indie"
801032,High on Life,2022-12-13,3.82,276,,4,"Action, Shooter, Adventure"
614954,Battlefield 2042,2021-11-12,2.91,321,,8,"Action, Shooter, Adventure, Casual"
2359,Divide By Sheep,2015-07-02,2.34,150,83.0,2,"Adventure, Casual, Educational, Indie, Puzzle"
15852,STAR WARS Jedi Knight - Mysteries of the Sith,1998-02-17,3.3,122,,1,"Action, Shooter"
288796,MORDHAU,2019-04-29,3.9,269,81.0,7,"Action, Indie"
9538,theHunter: Call of the Wild,2017-02-16,3.45,227,74.0,4,"Shooter, Adventure, Simulation, Sports"
326229,FIFA 20,2019-09-27,3.18,478,68.0,0,Sports
49236,Despotism 3k,2018-11-08,3.37,90,,1,"Strategy, Simulation, Indie"
327260,Twelve Minutes,2021-08-19,3.54,584,69.0,5,"Action, Adventure, Indie"
275641,Moving Out,2020-04-28,3.66,197,77.0,2,"Action, Simulation, Casual, Indie"
14612,State of Decay YOSE - Day One Edition,2015-04-27,3.51,224,78.0,4,"Action, Shooter, RPG, Simulation"
3469,Metal Gear Solid 4: Guns of the Patriots,2008-06-12,4.38,669,94.0,20,"Action, Shooter"
7353,Back to Bed,2014-08-06,2.83,175,57.0,3,"Action, Adventure, Strategy, Casual, Indie, Puzzle"
9877,Beat Cop,2017-03-29,3.67,142,71.0,3,"Action, Adventure, Simulation, Indie"
3679,Worms Battlegrounds,2014-05-30,3.17,382,66.0,0,Strategy
18853,Puzzle Agent 2,2011-06-29,3.35,100,63.0,3,"Adventure, Casual, Puzzle"
3214,Ziggurat,2014-10-22,3.03,202,75.0,4,"Action, Shooter, RPG, Indie"
17698,King's Bounty: Armored Princess,2009-04-10,4.1,240,82.0,1,"RPG, Strategy"
18347,Beat Hazard,2010-04-15,3.63,223,70.0,4,"Action, Casual, Indie"
60817,Forager,2016-12-14,4.04,229,78.0,7,"Action, Adventure, RPG, Strategy, Simulation, Indie"
545015,Disco Elysium: Final Cut,2021-03-30,4.66,666,90.0,5,"Adventure, RPG"
223331,The Walking Dead: Michonne,2016-02-22,3.35,458,66.0,5,"Action, Adventure"
16255,Edna & Harvey: Harvey's New Eyes,2011-08-26,3.32,146,75.0,3,"Adventure, RPG, Indie, Puzzle"
4143,Rocketbirds: Hardboiled Chicken,2011-10-18,3.11,140,74.0,3,"Adventure, Indie"
40936,Jamestown: Legend of the Lost Colony,2011-06-08,3.29,142,81.0,1,"Action, Arcade, Indie"
29238,The Crew 2,2018-06-29,3.18,336,66.0,5,"Action, Racing, Massively Multiplayer"
16683,Zeno Clash,2009-04-21,3.59,225,77.0,3,"Action, Shooter, Adventure, Indie"
10261,Homeworld Remastered Collection,2015-02-24,4.03,171,86.0,4,"Strategy, Simulation"
52178,Dishonored Definitive Edition,2015-08-25,4.39,531,78.0,0,"Action, Adventure"
326239,Lego Star Wars: The Skywalker Saga,2022-04-05,3.84,237,80.0,7,"Action, Adventure, Platformer"
16515,Sunrider: Mask of Arcadius,2014-07-01,2.18,76,,1,"RPG, Strategy, Indie"
10520,World of Guns: Gun Disassembly,2014-05-21,2.89,218,,1,"Simulation, Indie"
4148,Zombie Driver HD,2012-10-17,3.07,133,,2,"Action, Shooter, Racing, Indie"
17564,Shadowgrounds,2005-11-16,2.81,94,74.0,2,"Action, Shooter"
17713,Gun Monkeys,2013-06-28,1.87,112,,2,"Action, Casual, Indie"
4465,Worms Ultimate Mayhem,2011-09-18,3.68,209,66.0,2,"Action, Strategy"
1430,The Final Station,2016-08-29,3.85,335,76.0,4,"Action, Adventure, Indie"
249954,Carrion,2020-07-23,3.86,452,76.0,4,"Action, Adventure, Indie"
22844,Treasure Adventure Game,2011-11-25,1.97,153,,1,"Action, Adventure, RPG, Indie, Platformer"
16700,The Night of the Rabbit,2013-05-28,3.45,115,75.0,4,"Adventure, Indie"
473489,The Vanishing of Ethan Carter Redux,2015-07-15,3.73,112,80.0,3,"Adventure, Indie"
18701,Supreme Commander,2007-02-17,3.8,179,86.0,1,Strategy
2422,Homefront: The Revolution,2016-05-17,3.02,351,54.0,9,"Action, Shooter, Adventure"
42920,Resident Evil HD Remaster,2015-01-19,4.33,562,82.0,4,"Action, Adventure"
16466,Relic Hunters Zero,2015-08-18,2.94,152,,2,"Action, Indie"
14447,Poly Bridge,2016-07-12,3.49,198,73.0,3,"Simulation, Indie, Puzzle"
16144,Dungeon Siege,2002-04-05,3.95,219,86.0,1,RPG
2760,BIT.TRIP Presents... Runner2: Future Legend of Rhythm Alien,2013-02-25,3.57,190,85.0,3,"Action, Adventure, Arcade, Indie, Platformer"
11676,For The King,2018-04-19,3.53,243,78.0,5,"Adventure, RPG, Strategy, Indie"
1808,Door Kickers,2014-10-19,3.78,216,83.0,3,"Action, Strategy, Simulation, Indie"
4241,LEGO Harry Potter: Years 5-7,2011-11-11,3.71,295,80.0,4,Action
22853,Worlds of Ultima: The Savage Empire,1990-12-29,2.01,139,,1,"Adventure, RPG"
17703,Castlevania: Lords of Shadow – Ultimate Edition,2013-08-27,3.92,224,81.0,3,"Action, Adventure"
16263,Commandos: Behind Enemy Lines,1998-07-31,4.24,237,,1,Action
35519,Dungeon Siege 2,2005-08-16,3.81,190,80.0,1,"Action, RPG"
60545,I’m not a Monster,2018-09-27,2.62,146,,1,"RPG, Strategy"
61694,Noita,2020-10-15,4.02,299,76.0,3,"Action, Adventure, RPG, Simulation, Indie"
18700,Supreme Commander: Forged Alliance,2007-11-06,3.85,151,81.0,2,Strategy
5383,Worms,1995-01-01,3.79,260,,1,"Action, Strategy, Arcade"
12250,The Dream Machine: Chapter 1 & 2,2012-05-11,2.74,53,75.0,3,"Adventure, Casual, Indie"
4671,inFAMOUS 2,2011-06-07,4.14,540,83.0,13,"Action, Adventure"
326248,Ghostwire: Tokyo,2022-03-24,3.54,316,78.0,7,Action
45745,FINAL FANTASY XV WINDOWS EDITION,2018-03-06,3.9,304,81.0,9,RPG
34668,XIII,2003-11-18,3.87,229,72.0,1,"Action, Shooter"
16294,Tom Clancy's Rainbow Six Vegas 2,2008-04-16,3.79,317,78.0,3,"Action, Shooter, Strategy"
10119,Legacy of Kain: Soul Reaver 2,2001-10-29,3.92,159,77.0,1,"Action, Adventure, Platformer"
3558,DRIVECLUB,2014-10-07,3.52,442,71.0,1,Racing
12877,X-Blades,2007-11-23,2.61,165,54.0,4,"Action, Adventure"
427519,Amnesia: Rebirth,2020-10-20,3.4,182,78.0,5,"Action, Adventure, Indie"
14793,Hammerwatch,2013-08-11,3.4,171,72.0,3,"Action, Adventure, RPG, Indie"
58834,Guacamelee! 2,2018-08-20,4.1,252,85.0,5,"Action, Adventure, Arcade, Indie, Platformer"
9969,App Game Kit: Easy Game Development,2014-11-21,1.72,119,,1,Educational
12321,Darwinia,2005-03-03,2.72,131,84.0,1,"Strategy, Indie"
3187,Armello,2015-09-01,3.59,212,75.0,5,"Adventure, RPG, Strategy, Board Games, Indie"
3363,Shovel Knight,2014-06-26,4.29,478,85.0,5,"Action, Adventure, Indie, Platformer"
17728,Risen 3: Titan Lords,2014-08-12,3.4,273,65.0,4,"Action, Adventure, RPG"
27943,Sonic Forces,2017-11-07,2.83,326,58.0,5,"Action, Adventure, Platformer"
49104,AER - Memories of Old,2017-10-25,3.15,178,71.0,3,"Action, Adventure, Indie"
13764,Spiral Knights,2011-04-04,2.88,143,64.0,2,Massively Multiplayer
14290,KnightShift,2003-12-30,1.7,76,,3,"RPG, Strategy"
58914,Bloons TD 6,2018-06-14,3.92,213,,8,"Action, Strategy"
28564,Hexic HD,2005-12-01,2.56,277,,1,Puzzle
21558,Hammerfight,2009-09-14,2.97,116,,1,"Action, Indie"
11591,CAYNE,2017-01-23,2.46,111,75.0,1,"Adventure, Casual, Indie"
2298,Deadlight: Director's Cut,2016-06-20,3.46,232,,2,"Action, Adventure, Puzzle, Platformer"
59346,Desperados III,2020-06-15,4.33,220,84.0,5,"Action, Strategy"
22512,Diablo II,2000-06-29,4.38,1195,88.0,0,"Action, RPG"
5615,Need For Speed Undercover,2008-11-18,3.21,536,65.0,2,"Racing, Arcade"
5001,Sam & Max The Devil's Playhouse Episode 2 The Tomb of Sammun-Mak,2010-05-18,2.87,63,,3,Adventure
2306,Poker Night 2,2013-04-24,3.6,219,75.0,3,"Sports, Board Games, Casual, Card"
431,King's Quest,2015-07-28,3.39,228,,2,"Action, Adventure"
18785,Sam & Max: The Devil's Playhouse - Episode 3: They stole Max's brain!,2010-06-22,2.93,69,,4,Adventure
602224,V Rising,2024-05-08,3.72,179,,7,"Action, Adventure, Massively Multiplayer"
42230,Titanfall,2014-03-11,4.0,430,85.0,3,"Action, Shooter"
19502,Nosferatu: The Wrath of Malachi,2003-10-21,3.08,156,70.0,2,"Action, Shooter, Adventure"
16760,Really Big Sky,2011-06-29,2.39,103,,2,"Action, Indie"
22344,Old Man's Journey,2017-05-18,3.57,249,77.0,2,"Action, Adventure, Casual, Indie, Puzzle"
4901,Sam & Max The Devil's Playhouse Episode 4: Beyond Alley of Dolls,2010-07-20,2.97,67,,3,Adventure
42064,ArmA II: DayZ Mod,2013-02-21,3.51,114,,1,"Action, Shooter"
40645,Back to the Future: The Game - Episode 2. Get Tannen,2011-02-17,3.27,112,,3,Adventure
3993,FINAL FANTASY XIII-2,2011-12-15,3.53,305,,4,RPG
3316,Ultra Street Fighter IV,2014-06-03,3.87,206,80.0,4,"Action, Fighting"
40368,Sam & Max: The Devil's Playhouse - Episode 5: The City That Dares Not Sleep,2010-08-30,2.97,64,,3,Adventure
16792,Worms Reloaded,2010-08-26,3.68,190,79.0,3,Strategy
3194,Super Time Force Ultra,2014-08-24,3.09,195,80.0,2,"Action, Indie, Platformer"
2570,The Cave,2013-01-22,3.58,278,68.0,2,"Adventure, Puzzle"
3548,Nidhogg,2014-01-13,4.01,362,81.0,3,"Action, Sports, Indie"
428555,XCOM: Chimera Squad,2020-04-23,3.49,115,77.0,4,Strategy
727315,Ratchet & Clank: Rift Apart,2021-06-11,4.38,422,88.0,13,"Action, Adventure"
18844,Back to the Future: The Game - Episode 4. Double Visions,2011-04-29,3.25,103,,3,Adventure
40646,Back to the Future: The Game - Episode 3. Citizen Brown,2011-03-05,3.28,107,,3,Adventure
40648,Back to the Future: The Game - Episode 5. OUTATIME,2011-06-23,3.25,99,,3,Adventure
7241,Botanicula,2012-04-18,3.91,298,82.0,3,"Adventure, Casual, Family, Indie, Puzzle"
10118,Legacy of Kain: Defiance,2003-12-15,3.94,143,70.0,1,"Action, Adventure, Platformer"
3775,Danganronpa: Trigger Happy Havoc,2010-11-25,4.28,452,82.0,10,Adventure
3219,ZOMBI,2015-08-18,2.84,357,65.0,4,"Action, Adventure"
13833,Stronghold Crusader HD,2012-11-01,4.24,241,78.0,3,"Strategy, Simulation"
2647,Manhunt,2003-11-19,3.91,353,75.0,1,Action
533,Magic Duels,2015-07-08,2.86,234,,2,"Strategy, Card"
662357,Vampire: The Masquerade - Bloodhunt,2021-09-07,2.99,123,,2,Action
287342,Subnautica: Below Zero,2021-05-14,4.0,316,80.0,10,"Adventure, Indie"
49874,Pillars of Eternity II: Deadfire,2018-05-07,4.1,310,82.0,9,RPG
3727,FINAL FANTASY XIV: A Realm Reborn,2013-08-27,4.22,304,83.0,35,"RPG, Massively Multiplayer"
15457,Cities in Motion 2,2013-04-02,2.79,99,72.0,2,"Strategy, Simulation"
28859,Warface,2013-10-21,2.59,465,,2,"Action, Shooter"
1984,Unepic,2011-09-29,3.99,254,68.0,5,"Action, RPG, Indie, Platformer"
14346,SimCity 4 Deluxe Edition,2010-07-20,3.92,165,,2,"Strategy, Simulation"
16253,Memoria,2013-08-30,3.27,113,79.0,4,"Action, Adventure, RPG, Indie"
4234,Devil May Cry HD Collection,2012-03-22,4.22,239,70.0,4,"Action, Adventure"
46000,Donut County,2018-08-27,3.96,508,80.0,3,"Adventure, Casual, Indie, Puzzle"
15687,"Dr. Langeskov, The Tiger, and The Terribly Cursed Emerald: A Whirlwind Heist",2015-12-04,3.73,316,,1,Indie
6641,Braveland,2014-03-17,2.7,218,,4,"Adventure, Strategy, Casual, Indie"
4521,Call of Juarez: Bound in Blood,2009-01-29,3.92,315,78.0,2,"Action, Shooter"
15017,Duck Game,2015-06-04,4.2,313,82.0,5,"Action, Indie"
16262,Commandos 3: Destination Berlin,2003-10-14,3.78,160,72.0,1,Action
29218,Minit,2018-04-02,3.77,300,78.0,2,"Adventure, RPG, Indie"
14827,Just Cause 2: Multiplayer Mod,2013-12-16,3.22,316,,2,"Action, Adventure"
440081,The Medium,2021-01-28,3.53,405,74.0,9,"Action, Adventure"
11350,The Whispered World Special Edition,2014-05-06,3.49,137,70.0,4,"Adventure, RPG, Indie, Puzzle"
274758,The Stanley Parable: Ultra Deluxe,2022-04-27,4.37,372,90.0,4,"Adventure, Casual, Indie"
366083,Black Book,2021-08-10,4.06,198,78.0,5,"Adventure, RPG, Strategy, Indie"
21119,One Finger Death Punch,2013-09-18,3.82,194,,2,"Action, Arcade, Casual, Indie"
325094,SpongeBob SquarePants: Battle for Bikini Bottom — Rehydrated,2020-06-23,3.71,188,68.0,3,"Action, Adventure, Family, Platformer"
14237,Sniper Elite,2005-10-18,3.36,179,76.0,3,Action
17795,Mega Man Legacy Collection / ロックマン クラシックス コレクション,2015-08-24,3.69,155,85.0,3,"Action, Arcade"
1378,Tower of Guns,2014-03-03,2.3,135,76.0,3,"Action, Shooter, Indie"
47204,Getting Over It with Bennett Foddy,2017-12-06,3.61,288,,2,"Action, Simulation"
58820,Shenmue I & II,2018-08-21,3.44,110,74.0,4,"Action, Adventure, RPG, Simulation"
12074,Monkey Island 2 Special Edition: LeChuck’s Revenge,2010-07-07,4.25,188,87.0,3,"Action, Adventure"
507152,Streets of Kamurocho,2020-10-17,2.61,69,,1,Action
43982,Idle Champions of the Forgotten Realms,2017-09-07,2.47,147,,3,"Action, Adventure, Strategy, Indie"
881,Forza Horizon 3,2016-09-27,4.37,608,88.0,0,"Racing, Arcade"
4493,Tom Clancy's Splinter Cell Double Agent,2006-10-17,3.81,344,80.0,2,"Action, Adventure"
274756,Journey to the Savage Planet,2020-01-28,3.64,217,76.0,3,"Action, Adventure"
10400,Yet Another Zombie Defense,2014-03-28,2.11,159,,3,"Action, Strategy, Casual, Indie"
52997,Grand Theft Auto 2,1999-10-22,4.01,448,70.0,1,"Action, Racing"
13350,Deponia Doomsday,2016-03-01,4.08,214,76.0,5,"Adventure, Indie, Puzzle"
3849,Knack,2013-11-15,3.11,465,54.0,5,Action
391397,Grounded,2022-09-27,3.8,301,82.0,6,"Adventure, Indie"
13843,Dreamfall Chapters,2014-10-20,3.83,238,71.0,6,"Action, Adventure, Indie"
9964,Battle Chasers: Nightwar,2017-10-03,3.72,238,79.0,5,"RPG, Strategy, Indie"
66817,That's You!,2017-06-29,3.57,486,,0,Casual
16168,BEEP,2011-03-03,1.92,104,,3,"Adventure, Casual, Indie"
17650,Painkiller Hell & Damnation,2012-10-31,3.53,211,64.0,4,"Action, Shooter"
422859,NieR Replicant v1.22474487139...,2021-04-23,4.37,266,82.0,16,"Action, Adventure, RPG"
16254,A New Beginning - Final Cut,2012-12-11,3.17,126,72.0,2,"Action, Adventure, Indie"
89,Geometry Dash,2013-08-13,3.88,325,,5,"Arcade, Casual, Indie"
1451,Osmos,2009-08-18,3.71,213,80.0,1,"Simulation, Arcade, Casual, Indie, Puzzle"
1241,ClusterTruck,2016-09-26,3.8,310,76.0,2,"Action, Arcade, Indie, Platformer"
18290,E.Y.E: Divine Cybermancy,2011-07-29,3.14,206,,5,"Action, Shooter, RPG, Indie"
12729,LEGO Star Wars III - The Clone Wars,2011-03-21,3.78,270,76.0,3,"Action, Adventure, Arcade, Family"
3121,Tales of Zestiria,2015-01-22,3.56,236,77.0,5,RPG
401808,Half-Life 2: Update,2015-03-27,4.13,127,96.0,1,Shooter
337960,Showdown Bandit,2019-06-30,1.8,56,,1,"Action, Adventure, Indie"
614964,Death Stranding Director's Cut,2021-09-24,4.27,289,,5,"Action, Adventure"
338386,NBA 2K20,2019-09-05,3.06,232,76.0,12,"Action, Simulation, Sports"
19281,Dustforce DX,2012-01-16,3.25,92,79.0,3,"Action, Arcade, Indie, Platformer"
326238,Microsoft Flight Simulator 2020,2020-08-18,4.13,271,90.0,21,Simulation
3238,Fortified,2016-02-03,2.11,126,66.0,3,"Action, Strategy, Indie"
17768,Firefall,2014-07-29,2.62,151,60.0,1,"Action, RPG, Massively Multiplayer"
21,DiRT 4,2017-06-06,3.6,261,78.0,4,"Sports, Racing"
9976,Star Conflict,2013-02-27,2.81,163,75.0,2,"Action, Simulation, Massively Multiplayer"
59352,ACE COMBAT 7: SKIES UNKNOWN,2019-01-18,3.93,290,79.0,4,"Action, Adventure, Simulation, Arcade"
29179,God of War I,2005-03-22,4.36,726,94.0,11,Action
3533,The Unfinished Swan,2012-10-16,3.57,371,81.0,2,"Adventure, Indie, Puzzle"
3759,Castlevania: Lords of Shadow 2,2014-02-21,3.76,260,58.0,6,"Action, Adventure"
58861,The Surge 2,2019-09-24,3.56,170,76.0,4,"Action, Adventure, RPG"
44931,Do Not Feed the Monkeys,2018-10-22,3.89,232,77.0,4,"Adventure, Strategy, Simulation, Indie, Puzzle"
19377,Operation Flashpoint: Red River,2011-04-19,2.71,82,67.0,1,"Action, Shooter, Strategy"
7536,Dead Rising 4,2016-12-06,3.23,203,74.0,5,Action
4813,Alien Breed 2: Assault,2010-09-22,2.65,65,63.0,1,"Action, Shooter, Arcade"
471027,Tetris Effect: Connected,2020-11-10,4.22,260,90.0,3,"Casual, Indie, Puzzle"
2453,Halo: Spartan Assault,2013-07-18,3.11,216,70.0,2,"Action, Shooter, Adventure"
854354,Portal with RTX,2022-12-08,3.61,89,,1,"Action, Adventure, Puzzle"
2857,Not A Hero,2015-05-13,3.24,243,75.0,3,"Action, Shooter, Adventure, Indie"
12318,Multiwinia,2008-09-18,2.15,78,76.0,1,"Strategy, Indie"
5718,Starpoint Gemini 2,2014-09-19,2.25,102,70.0,3,"Action, RPG, Simulation"
582,Dex,2015-05-06,3.42,125,62.0,4,"Action, Adventure, RPG, Indie"
5940,NightSky,2011-01-06,2.71,97,78.0,1,"Action, Strategy, Casual, Indie, Puzzle"
5115,FINAL FANTASY VIII,1999-02-11,4.28,423,90.0,3,RPG
13694,Sid Meier's Civilization: Beyond Earth,2014-10-23,3.55,284,81.0,10,Strategy
5432,Bionic Commando: Rearmed,2008-08-14,3.25,120,86.0,1,"Action, Adventure, Arcade"
21717,Serena,2014-01-30,2.28,118,,1,"Adventure, Indie"
19572,Call of Juarez,2006-09-06,3.83,303,72.0,3,"Action, Shooter"
12166,Blackguards,2014-01-24,2.84,88,68.0,4,"RPG, Strategy, Indie"
58779,Starfield,2023-09-06,3.25,357,88.0,29,"Adventure, RPG"
10165,Orcs Must Die! Unchained,2016-03-29,3.01,204,87.0,1,"Action, Strategy"
23458,SUPERHOT VR,2017-05-25,4.37,421,85.0,2,"Action, Shooter, Simulation, Indie"
11189,Immortal Redneck,2017-04-24,3.56,97,69.0,4,"Action, Indie"
13514,And Yet It Moves,2009-04-02,2.9,150,75.0,1,"Action, Indie, Puzzle, Platformer"
13344,The Deed,2015-11-23,2.37,69,,4,"Adventure, RPG"
58776,Generation Zero (2019),2019-03-26,2.68,134,49.0,4,"Action, Shooter"
9712,Overgrowth,2017-10-16,3.1,103,,3,"Action, Indie"
52998,Grand Theft Auto,1997-10-21,3.85,405,,1,Action
20568,X-COM: Terror From the Deep,1995-03-31,3.45,128,,1,Strategy
10069,Mount & Blade II: Bannerlord,2022-10-25,4.22,306,78.0,20,"Action, RPG, Strategy, Simulation"
2020,The Room,2012-09-19,4.23,364,73.0,3,"Indie, Puzzle"
10370,EVERSPACE,2017-05-25,3.35,220,80.0,2,"Action, Simulation, Indie"
4046,Sacred Citadel,2013-03-19,2.68,124,61.0,1,"Action, Adventure"
754888,The Quarry,2022-06-09,3.85,354,,5,"Action, Adventure"
4005,Wolfenstein 3D,1992-05-05,4.09,360,,1,"Action, Shooter"
17543,The LEGO Movie - Videogame,2014-02-06,3.57,232,72.0,5,"Action, Adventure, Family"
799265,The Last of Us Part I,2022-09-02,4.67,570,,13,"Action, Shooter, Adventure"
16961,Space Hack,2004-10-15,1.73,82,63.0,1,"Action, Indie"
21759,Master Levels for Doom II,1995-08-03,3.86,115,,1,"Action, Shooter"
16264,Commandos: Beyond the Call of Duty,1999-04-07,4.08,148,,1,Action
1890,Cogs,2009-04-14,2.74,108,73.0,1,"Casual, Family, Indie, Puzzle"
15853,STAR WARS Starfighter,2001-02-18,2.89,89,71.0,1,"Action, Shooter, Simulation"
17094,Dungeons of Dredmor,2011-07-13,3.43,145,79.0,3,"RPG, Indie"
4519,Trine 2,2011-12-07,3.95,307,,3,"Action, Arcade, Platformer"
3186,Tearaway Unfolded,2015-09-08,3.71,359,81.0,0,"Action, Adventure, Family"
1184,Aragami,2016-10-03,3.62,226,71.0,3,"Action, Adventure, Indie"
564757,Sifu,2022-02-08,4.07,391,79.0,3,"Action, Fighting"
59199,Divinity: Original Sin 2 - Definitive Edition,2018-08-31,4.52,597,94.0,10,RPG
29642,Silent Hill 2 (2001),2001-09-24,4.38,969,89.0,17,"Action, Adventure"
12043,Polyball,2015-06-04,2.16,63,,1,"Action, Simulation, Racing, Indie"
10878,Iconoclasts,2018-01-23,3.76,383,86.0,4,"Action, Adventure, Indie, Platformer"
638654,Dead Space,2023-01-27,4.33,365,,4,"Action, Adventure"
10093,theHunter,2014-06-03,2.56,117,,1,"Action, Adventure, Simulation, Sports"
10394,DCS World,2013-08-02,2.76,80,,1,Simulation
7442,Gods Will Be Watching,2014-07-23,3.5,156,64.0,4,"Action, Adventure, Indie"
272448,Pikuniku,2019-01-03,3.93,237,75.0,3,"Action, Adventure, Casual, Indie, Platformer"
58129,SYNTHETIK,2018-03-15,3.6,117,,4,"Action, Indie"
4875,Alien Breed: Impact,2010-06-03,2.97,76,64.0,1,"Action, Shooter, Arcade"
9612,Ghost of a Tale,2018-03-13,3.85,166,77.0,2,"Action, Adventure, RPG, Indie"
2018,Cthulhu Saves the World,2011-07-13,2.94,86,78.0,3,"Adventure, RPG, Indie"
9677,Creativerse,2014-08-12,2.53,142,,2,"Action, Adventure, RPG, Simulation, Casual, Massively Multiplayer, Indie"
16704,A Bird Story,2014-11-05,3.75,256,66.0,2,"Action, Adventure, RPG, Indie"
1562,Anomaly 2,2013-05-14,2.92,64,77.0,2,"Action, Strategy, Indie"
16434,Evil Genius,2004-09-27,3.79,138,75.0,2,Strategy
51617,Darwin Project - Open Beta,2018-03-09,2.89,200,,1,"Action, Adventure, Strategy, Massively Multiplayer, Indie"
25097,The Legend of Zelda: Ocarina of Time (1998),1998-11-21,4.37,890,99.0,7,"Action, Adventure, RPG"
9603,GRIP: Combat Racing,2018-11-05,3.0,149,68.0,2,"Action, Racing, Indie"
304247,A Short Hike,2019-07-29,4.35,469,84.0,2,"Adventure, Indie"
10161,Blackwake,2017-02-24,3.27,98,,2,"Action, Strategy, Casual, Indie"
440083,Call of the Sea,2020-12-08,3.71,234,77.0,3,"Adventure, Casual, Indie, Puzzle"
58783,The Walking Dead: The Final Season,2018-08-13,4.18,467,78.0,10,"Action, Adventure"
10263,Toribash,2010-07-12,3.3,200,,1,"Action, Strategy, Indie"
312668,Warhammer Underworlds: Online,2020-01-29,2.34,47,,1,Strategy
62897,The Beast Inside,2019-10-16,3.47,113,74.0,3,"Action, Adventure, Indie"
1935,LEGO Star Wars: The Force Awakens,2016-06-27,3.63,283,75.0,5,"Action, Adventure, Puzzle"
17573,Capsized,2011-04-28,2.82,96,80.0,1,"Action, Adventure, Indie, Platformer"
10786,ArcaniA,2010-10-11,2.44,210,63.0,1,"Action, RPG"
1195,GOD EATER 2: Rage Burst,2015-02-19,3.06,109,71.0,3,"Action, RPG"
47234,Nioh: Complete Edition,2017-11-07,3.98,272,84.0,9,"Action, RPG"
339959,Wolfenstein: Enemy Territory,2003-05-27,3.23,44,,1,"Action, Shooter"
17563,Shadowgrounds Survivor,2007-11-13,2.62,76,79.0,3,"Action, Shooter"
20567,X-COM: Apocalypse,1997-07-14,2.9,86,,1,Strategy
45156,We Were Here Too,2018-02-02,3.85,224,70.0,4,"Adventure, Casual, Indie, Puzzle"
423947,Mortal Shell,2020-08-18,3.22,237,75.0,3,"Action, RPG"
4033,Draw Slasher,2013-04-23,1.85,61,,2,"Action, Adventure, Indie"
52175,Battletoads,1991-06-01,3.86,341,69.0,3,"Action, Adventure, Platformer"
44030,Pinball FX3,2017-09-26,3.43,111,84.0,1,"Simulation, Arcade"
17993,Stargunner,1996-11-18,2.04,89,,1,"Action, Shooter, Arcade"
3871,Proteus,2013-01-30,3.03,183,80.0,1,"Adventure, Casual, Indie"
4700,Dante's Inferno,2010-02-05,3.94,418,75.0,23,"Action, Adventure"
5520,Bionic Commando (2009),2009-05-18,3.24,191,69.0,1,"Action, Shooter, Adventure"
9540,Road Redemption,2014-07-01,3.54,168,67.0,2,"Action, Adventure, Simulation, Racing"
236751,We Were Here Together,2019-10-10,4.02,177,70.0,6,"Adventure, Casual, Indie, Puzzle"
58549,Onrush,2018-06-05,3.05,457,,0,"Action, Racing, Arcade"
52179,This Is the Police 2,2018-07-31,3.87,223,64.0,5,"Action, Adventure, Strategy, Indie"
10986,Syberia 3,2017-04-19,2.96,161,50.0,6,"Adventure, Puzzle"
23576,GOD EATER RESURRECTION,2016-06-28,3.07,136,70.0,4,Action
13249,Xenonauts,2014-06-15,3.16,147,77.0,5,"Strategy, Simulation, Indie"
18319,Painkiller: Black Edition,2007-01-24,3.92,178,,2,
17831,Quake IV,2005-10-18,3.71,353,81.0,1,"Action, Shooter"
22448,Final DOOM,1996-05-31,4.13,148,,1,"Action, Shooter"
23165,Mario Kart 8 Deluxe,2017-04-27,4.44,909,92.0,0,Racing
12245,Late Shift,2017-04-17,3.59,313,80.0,3,"Action, Adventure, Indie"
573123,Life is Strange: True Colors,2021-09-10,3.79,413,,11,"Action, Adventure"
43242,Gears of War: Ultimate Edition,2015-08-25,4.07,465,78.0,0,"Action, Shooter"
11090,Absolute Drift,2015-07-24,2.91,114,66.0,2,"Action, Sports, Racing, Indie"
421698,Animal Crossing: New Horizons,2020-03-20,4.3,771,90.0,0,Simulation
1999,Retro City Rampage DX,2012-10-08,3.34,143,,4,"Action, Adventure, Racing, Indie"
16188,Space Pirates and Zombies,2011-08-14,3.17,95,74.0,3,"Action, RPG, Strategy, Indie"
4418,I Am Alive,2012-03-07,3.41,349,66.0,2,"Action, Adventure"
4356,LittleBigPlanet 2,2011-01-18,4.09,395,,5,"Action, Arcade"
9606,RIFT,2011-03-01,2.91,146,84.0,4,"Action, Adventure, RPG, Strategy, Massively Multiplayer"
13035,12 is Better Than 6,2015-11-20,3.4,165,66.0,5,"Action, Indie"
20654,Tom Clancy's Rainbow Six Vegas,2006-11-22,3.67,271,85.0,1,"Action, Shooter"
5737,McPixel,2012-08-27,3.01,185,76.0,4,"Action, Adventure, Arcade, Indie, Puzzle"
440086,Scarlet Nexus,2021-06-25,3.62,215,79.0,7,"Action, Adventure, RPG"
10130,Obduction,2016-08-23,3.18,166,76.0,2,"Adventure, Indie, Puzzle"
19212,Crash Time 2,2008-11-27,2.35,106,,1,"Action, Racing"
739,The Bard's Tale,2004-10-26,3.51,164,70.0,3,"Action, RPG"
452639,Returnal,2021-04-30,4.15,317,86.0,8,"Action, Shooter"
10301,Dead Island: Riptide Definitive Edition,2016-05-31,3.48,128,,5,"Action, RPG"
17515,Rochard,2011-11-15,3.09,124,81.0,1,"Action, Casual, Indie"
1581,The Silent Age,2012-12-06,3.5,211,84.0,3,"Adventure, Indie, Puzzle"
45775,Biomutant,2021-05-25,2.76,245,69.0,5,"Action, RPG"
1757,Reigns,2016-08-10,3.73,390,77.0,3,"Adventure, RPG, Simulation, Card, Indie"
60783,Outward Definitive Edition,2019-03-25,3.33,171,65.0,4,"Action, Adventure"
12032,King's Bounty: Crossworlds,2010-09-17,3.91,158,78.0,2,"RPG, Strategy"
3463,RESOGUN,2013-11-15,3.73,321,84.0,1,Arcade
16252,The Dark Eye: Chains of Satinav,2012-06-22,3.56,112,75.0,4,"Adventure, Indie"
3545,Lone Survivor: The Director's Cut,2012-04-23,3.15,102,81.0,1,"Action, Adventure, RPG, Simulation, Indie"
578,Star Trek Online,2012-01-31,2.64,140,76.0,5,"RPG, Massively Multiplayer"
19415,"Time Gentlemen, Please! and Ben There, Dan That! Special Edition Double Pack",2009-08-25,2.22,72,84.0,1,"Adventure, Indie, Puzzle"
11737,Eschalon: Book I,2007-11-19,2.42,78,75.0,1,"RPG, Indie"
5653,Singularity,2010-06-25,3.99,451,76.0,5,Shooter
22749,Teenagent,1994-02-25,2.08,99,,1,Adventure
10163,Rec Room,2016-06-01,3.02,110,,2,"Action, Adventure, Simulation, Sports, Arcade, Casual, Massively Multiplayer"
23659,Last Day of June,2017-08-30,3.35,170,79.0,4,"Adventure, Indie"
19459,X-COM: Enforcer,2001-04-17,2.33,78,65.0,1,"Action, Shooter, Strategy, Arcade"
2866,LEGO Marvel's Avengers,2016-01-26,3.67,232,67.0,6,"Action, Adventure"
8845,Yu-Gi-Oh! Duel Links,2017-01-11,3.2,182,80.0,2,"RPG, Strategy, Card"
964,Ticket to Ride,2009-12-18,3.56,117,91.0,3,"Strategy, Simulation, Board Games, Casual, Indie"
4380,Rock of Ages,2011-08-31,3.53,210,74.0,2,"Action, Strategy, Racing, Platformer"
1794,Hard Reset Redux,2016-06-02,3.21,134,73.0,4,"Action, Adventure"
19400,Need for Speed: Shift,2009-09-15,3.58,418,83.0,2,Racing
9557,The Incredible Adventures of Van Helsing: Final Cut,2015-11-05,3.56,136,79.0,4,"Action, Adventure, RPG, Indie"
286474,Narita Boy,2021-03-30,3.33,77,75.0,1,"Action, Adventure, Fighting, Indie"
20194,Overcast - Walden and the Werewolf,2014-04-18,1.71,75,,4,"Action, Adventure, Indie"
16677,Arx Fatalis,2002-06-28,3.96,172,77.0,1,"Action, Adventure, RPG"
327239,The Legend of Zelda: Tears of the Kingdom,2023-05-12,4.37,507,96.0,0,"Action, Adventure"
10171,Dungeons 3,2017-10-12,3.28,116,74.0,4,"RPG, Strategy, Simulation"
10096,3DMark,,3.38,158,,3,
13038,Red Faction II,2002-10-14,3.44,171,64.0,1,"Action, Shooter, Strategy"
3388,Borderlands: The Handsome Collection,2015-03-24,3.98,158,,0,"Action, Adventure"
11434,Viscera Cleanup Detail: Santa's Rampage,2013-12-13,3.4,125,,2,"Simulation, Indie"
22088,Nephise Begins,2017-04-24,2.22,54,,1,"Adventure, Casual, Indie"
17286,Eets Munchies,2014-03-06,2.26,81,,2,"Strategy, Simulation, Casual, Family, Indie, Puzzle"
161,Momodora: Reverie Under the Moonlight,2016-03-03,3.87,186,82.0,3,"Action, Adventure, Indie, Platformer"
29233,Indivisible,2019-10-07,3.31,132,79.0,3,"Action, RPG, Indie"
442847,Tony Hawk's Pro Skater 1 + 2,2020-09-04,4.29,233,88.0,2,"Sports, Arcade"
428208,Monster Train,2020-05-20,4.09,127,86.0,7,"Strategy, Card"
20570,X-COM: Interceptor,1998-06-14,2.2,69,,1,"Action, Strategy"
4475,Uncharted: Golden Abyss,2011-12-17,3.81,417,80.0,16,"Action, Adventure"
12726,Toki Tori,2008-06-02,2.84,119,80.0,1,"Casual, Indie"
50566,Halo 3: ODST,2009-09-22,4.04,439,83.0,19,"Action, Shooter"
3746,LUFTRAUSERS,2014-03-17,3.58,216,80.0,3,"Action, Simulation, Arcade, Indie"
657,Happy Wars,2012-10-12,2.61,188,,1,Action
34744,Warcraft 3: The Frozen Throne,2003-06-30,4.56,1134,88.0,0,Strategy
54285,Mortal Kombat,1992-08-09,3.95,482,,24,Fighting
22842,Anachronox,2001-06-26,3.33,89,77.0,1,"Action, RPG"
15234,Hello Neighbor,2017-08-28,2.85,163,40.0,4,"Action, Adventure, Strategy, Indie, Puzzle"
313826,Museum of Other Realities,,2.12,33,,1,"Simulation, Casual"
460524,Worms Rumble,2020-12-01,2.55,108,67.0,1,"Action, Shooter, Strategy, Casual, Indie, Platformer"
386546,Pixel Puzzles Traditional Jigsaws,,2.0,30,,1,"Strategy, Simulation, Sports, Casual, Indie"
23323,BATTLETECH,2018-04-23,3.58,160,78.0,4,"Action, Adventure, Strategy"
22854,Ultima Worlds of Adventure 2: Martian Dreams,1991-12-30,2.11,93,,1,"Adventure, RPG"
379486,Going Under,2020-09-24,3.7,74,78.0,3,"Action, Indie"
15772,Lead and Gold: Gangs of the Wild West,2010-04-08,2.53,121,70.0,1,Action
764,DC Universe Online,2011-01-11,2.97,176,72.0,5,"Action, Adventure, RPG, Massively Multiplayer"
52790,Castlevania: Symphony of the Night,1997-03-20,4.34,567,93.0,19,"Action, Adventure"
45730,Phantom Doctrine,2018-08-13,3.27,104,71.0,4,"Action, RPG, Strategy"
22733,Lure of the Temptress,1992-04-11,2.07,98,,1,Adventure
16974,Samorost 2,2005-12-08,3.88,186,,1,"Adventure, Casual, Family, Indie"
20457,Particula,2015-02-02,1.73,74,,4,"Strategy, Casual, Indie"
4490,ICO,2001-09-24,4.35,403,90.0,0,"Action, Platformer"
251484,Tentacle Locker,2018-08-08,4.31,584,,0,"Arcade, Indie"
2446,The Incredible Adventures of Van Helsing II,2014-05-22,3.51,111,77.0,3,"Action, Adventure, RPG, Indie"
663742,Marvel's Spider-Man Remastered,2020-11-12,4.47,463,,13,"Action, Adventure, Casual"
19347,FlatOut: Ultimate Carnage,2007-06-22,3.98,224,79.0,2,"Racing, Arcade"
61044,Breathedge,2021-02-25,3.7,273,66.0,4,"Action, Adventure, Simulation, Indie"
17742,Transformice,2010-05-02,3.08,170,,1,"Massively Multiplayer, Indie"
5265,Need For Speed Carbon,2006-10-30,3.94,778,77.0,20,"Racing, Arcade"
17636,Bio Menace,1993-08-03,2.56,94,,1,"Action, Platformer"
227,LEGO Worlds,2017-03-07,3.15,221,66.0,3,Adventure
2568,A Virus Named TOM,2012-08-01,2.32,69,65.0,2,"Action, Strategy, Arcade, Indie, Puzzle"
2409,Fearless Fantasy,2014-05-15,1.88,117,,5,"Action, Adventure, RPG, Casual, Indie"
26,Nex Machina,2017-06-19,3.9,153,89.0,3,"Action, Indie"
4298,Papo & Yo,2012-08-14,3.38,112,70.0,2,"Action, Adventure, Indie, Puzzle"
3203,I am Bread,2015-04-09,3.05,199,60.0,2,"Action, Adventure, Simulation, Indie"
773,Oddworld: Stranger's Wrath,2005-01-25,3.62,124,,1,"Action, Shooter, Adventure, Strategy"
3304,Skulls of the Shogun,2013-01-30,2.83,139,72.0,3,"Action, Strategy, Indie"
28089,Strange Brigade,2018-08-28,3.27,161,72.0,4,"Action, Adventure, Puzzle"
17507,Guardians of Middle-earth,2012-12-05,2.14,87,56.0,2,"Action, Strategy"
3133,The Jackbox Party Pack 2,2015-10-13,4.04,208,76.0,3,"Strategy, Casual, Indie"
6334,"Cook, Serve, Delicious!",2012-10-05,3.53,120,,3,"Action, Strategy, Simulation, Indie"
505918,Armor of Heroes,2020-10-15,1.68,44,,1,Action
9786,Offworld Trading Company,2016-04-27,3.36,122,78.0,4,"Strategy, Simulation, Indie"
2483,Table Top Racing: World Tour,2016-05-03,2.61,246,,1,"Action, Racing"
17652,Legend of Grimrock 2,2014-10-14,3.94,153,,5,"Adventure, RPG, Indie"
5868,Five Nights at Freddy's,2014-07-24,3.51,325,78.0,1,"Action, Strategy, Simulation, Indie"
12614,Sundered,2017-07-27,3.43,140,76.0,3,"Action, Adventure, Indie"
7769,Broken Sword 2 - The Smoking Mirror (Remastered),2009-12-02,4.02,140,,1,"Adventure, Puzzle"
7407,Saints Row IV: Re-Elected,2013-08-21,3.74,294,73.0,3,"Action, Shooter"
3882,God of War: Ascension,2013-03-12,3.85,379,80.0,2,Action
385614,Grimm - GameClub,2011-01-04,1.96,85,,0,"Action, Adventure, Indie, Puzzle"
45894,Spacelords,2017-09-22,2.33,174,,1,"Action, Shooter, Adventure, Indie"
2468,Battleborn,2016-05-02,2.71,188,69.0,3,"Action, Shooter"
21705,TIS-100,2015-07-19,3.6,124,,1,"Simulation, Indie, Puzzle"
52369,Metal Gear Solid 3: Snake Eater,2004-11-17,4.35,897,84.0,0,Action
15176,Kabounce,2018-05-29,2.0,102,,1,"Action, Sports, Indie"
15042,The Culling Of The Cows,2014-05-09,2.0,91,,3,"Action, Strategy, Casual, Indie"
3594,Danganronpa 2: Goodbye Despair,2012-07-26,4.36,353,84.0,27,"Adventure, Casual"
50165,Neverwinter Nights: Enhanced Edition,2017-03-27,4.07,142,,3,RPG
457729,Crash Bandicoot 4: It’s About Time,2020-10-01,3.94,209,84.0,5,"Action, Platformer"
275611,Samorost,2003-01-01,3.91,147,,1,"Adventure, Casual, Indie"
